2025-02-04 18:21:38,542 Worker rq:worker:d91f3fc9ba2941278f652a9ec35d090e started with PID 11100, version 1.16.2
2025-02-04 18:21:38,544 Subscribing to channel rq:pubsub:d91f3fc9ba2941278f652a9ec35d090e
2025-02-04 18:21:38,559 *** Listening on workspace-frappe-bench:short, workspace-frappe-bench:default, workspace-frappe-bench:long...
2025-02-04 18:21:38,561 Cleaning registries for queue: workspace-frappe-bench:short
2025-02-04 18:21:38,562 Cleaning registries for queue: workspace-frappe-bench:default
2025-02-04 18:21:38,564 Cleaning registries for queue: workspace-frappe-bench:long
2025-02-04 18:45:43,985 Worker rq:worker:95c4b5209b6748a9aecf75e82e7b2dc8 started with PID 6369, version 1.16.2
2025-02-04 18:45:43,985 Subscribing to channel rq:pubsub:95c4b5209b6748a9aecf75e82e7b2dc8
2025-02-04 18:45:43,987 *** Listening on workspace-frappe-bench:short, workspace-frappe-bench:default, workspace-frappe-bench:long...
2025-02-04 18:45:43,988 Cleaning registries for queue: workspace-frappe-bench:short
2025-02-04 18:45:43,992 Cleaning registries for queue: workspace-frappe-bench:default
2025-02-04 18:45:43,993 Cleaning registries for queue: workspace-frappe-bench:long
2025-02-04 18:45:43,999 workspace-frappe-bench:default: frappe.utils.background_jobs.execute_job(event=None, is_async=True, job_name='frappe.model.delete_doc.delete_dynamic_links', kwargs={'doctype': 'Property Setter', 'name': 'Sales Order-tax_id-hidden'}, method='frappe.model.delete_doc.delete_dynamic_links', site='dev.localhost', user='Administrator') (dev.localhost::a36bb34f-ddde-4c67-bb1a-31b8c35c5d81)
2025-02-04 18:45:44,243 workspace-frappe-bench:default: Job OK (dev.localhost::a36bb34f-ddde-4c67-bb1a-31b8c35c5d81)
2025-02-04 18:45:44,243 Result is kept for 600 seconds
2025-02-04 18:45:44,272 workspace-frappe-bench:default: frappe.utils.background_jobs.execute_job(event=None, is_async=True, job_name='frappe.model.delete_doc.delete_dynamic_links', kwargs={'doctype': 'Property Setter', 'name': 'Sales Order-tax_id-print_hide'}, method='frappe.model.delete_doc.delete_dynamic_links', site='dev.localhost', user='Administrator') (dev.localhost::9cee9dd8-3f1b-482f-a9e5-b249c80faaeb)
2025-02-04 18:45:44,374 workspace-frappe-bench:default: Job OK (dev.localhost::9cee9dd8-3f1b-482f-a9e5-b249c80faaeb)
2025-02-04 18:45:44,374 Result is kept for 600 seconds
2025-02-04 18:45:44,381 workspace-frappe-bench:default: frappe.utils.background_jobs.execute_job(event=None, is_async=True, job_name='frappe.model.delete_doc.delete_dynamic_links', kwargs={'doctype': 'Property Setter', 'name': 'Sales Invoice-tax_id-hidden'}, method='frappe.model.delete_doc.delete_dynamic_links', site='dev.localhost', user='Administrator') (dev.localhost::f02eb7d2-3549-4def-a98a-219405897abe)
2025-02-04 18:45:44,548 workspace-frappe-bench:default: Job OK (dev.localhost::f02eb7d2-3549-4def-a98a-219405897abe)
2025-02-04 18:45:44,556 Result is kept for 600 seconds
2025-02-04 18:45:44,571 workspace-frappe-bench:default: frappe.utils.background_jobs.execute_job(event=None, is_async=True, job_name='frappe.model.delete_doc.delete_dynamic_links', kwargs={'doctype': 'Property Setter', 'name': 'Sales Invoice-tax_id-print_hide'}, method='frappe.model.delete_doc.delete_dynamic_links', site='dev.localhost', user='Administrator') (dev.localhost::b734c1b5-25d6-422d-97c2-c72cf2fe4b48)
2025-02-04 18:45:44,715 workspace-frappe-bench:default: Job OK (dev.localhost::b734c1b5-25d6-422d-97c2-c72cf2fe4b48)
2025-02-04 18:45:44,716 Result is kept for 600 seconds
2025-02-04 18:45:44,724 workspace-frappe-bench:default: frappe.utils.background_jobs.execute_job(event=None, is_async=True, job_name='frappe.model.delete_doc.delete_dynamic_links', kwargs={'doctype': 'Property Setter', 'name': 'Delivery Note-tax_id-hidden'}, method='frappe.model.delete_doc.delete_dynamic_links', site='dev.localhost', user='Administrator') (dev.localhost::9e588024-dc9a-4f54-83e2-9850f6a1aef3)
2025-02-04 18:45:44,850 workspace-frappe-bench:default: Job OK (dev.localhost::9e588024-dc9a-4f54-83e2-9850f6a1aef3)
2025-02-04 18:45:44,850 Result is kept for 600 seconds
2025-02-04 18:45:44,863 workspace-frappe-bench:default: frappe.utils.background_jobs.execute_job(event=None, is_async=True, job_name='frappe.model.delete_doc.delete_dynamic_links', kwargs={'doctype': 'Property Setter', 'name': 'Delivery Note-tax_id-print_hide'}, method='frappe.model.delete_doc.delete_dynamic_links', site='dev.localhost', user='Administrator') (dev.localhost::c4ad90f8-9cc2-4b34-a0c9-2b35604ff6b4)
2025-02-04 18:45:44,997 workspace-frappe-bench:default: Job OK (dev.localhost::c4ad90f8-9cc2-4b34-a0c9-2b35604ff6b4)
2025-02-04 18:45:44,998 Result is kept for 600 seconds
2025-02-04 18:45:45,005 workspace-frappe-bench:default: frappe.utils.background_jobs.execute_job(event=None, is_async=True, job_name='frappe.model.delete_doc.delete_dynamic_links', kwargs={'doctype': 'Property Setter', 'name': 'Packed Item-rate-read_only'}, method='frappe.model.delete_doc.delete_dynamic_links', site='dev.localhost', user='Administrator') (dev.localhost::a7bbe1d9-dff9-4e51-af29-09852b83c282)
2025-02-04 18:45:45,146 workspace-frappe-bench:default: Job OK (dev.localhost::a7bbe1d9-dff9-4e51-af29-09852b83c282)
2025-02-04 18:45:45,146 Result is kept for 600 seconds
2025-02-04 18:45:45,155 workspace-frappe-bench:default: frappe.utils.background_jobs.execute_job(event=None, is_async=True, job_name='frappe.model.delete_doc.delete_dynamic_links', kwargs={'doctype': 'Property Setter', 'name': 'Sales Invoice Item-discount_account..., method='frappe.model.delete_doc.delete_dynamic_links', site='dev.localhost', user='Administrator') (dev.localhost::9cf9f431-dc7a-4037-a604-cb87b76fa10a)
2025-02-04 18:45:45,252 workspace-frappe-bench:default: Job OK (dev.localhost::9cf9f431-dc7a-4037-a604-cb87b76fa10a)
2025-02-04 18:45:45,252 Result is kept for 600 seconds
2025-02-04 18:45:45,259 workspace-frappe-bench:default: frappe.utils.background_jobs.execute_job(event=None, is_async=True, job_name='frappe.model.delete_doc.delete_dynamic_links', kwargs={'doctype': 'Property Setter', 'name': 'Sales Invoice Item-discount_account..., method='frappe.model.delete_doc.delete_dynamic_links', site='dev.localhost', user='Administrator') (dev.localhost::e6ea1bf8-ffdd-49c7-ab34-6d182cf245f5)
2025-02-04 18:45:45,396 workspace-frappe-bench:default: Job OK (dev.localhost::e6ea1bf8-ffdd-49c7-ab34-6d182cf245f5)
2025-02-04 18:45:45,396 Result is kept for 600 seconds
2025-02-04 18:45:45,403 workspace-frappe-bench:default: frappe.utils.background_jobs.execute_job(event=None, is_async=True, job_name='frappe.model.delete_doc.delete_dynamic_links', kwargs={'doctype': 'Property Setter', 'name': 'Sales Invoice-additional_discount_a..., method='frappe.model.delete_doc.delete_dynamic_links', site='dev.localhost', user='Administrator') (dev.localhost::2e812c92-e12d-4938-8fb7-389582954e40)
2025-02-04 18:45:45,529 workspace-frappe-bench:default: Job OK (dev.localhost::2e812c92-e12d-4938-8fb7-389582954e40)
2025-02-04 18:45:45,529 Result is kept for 600 seconds
2025-02-04 18:45:45,536 workspace-frappe-bench:default: frappe.utils.background_jobs.execute_job(event=None, is_async=True, job_name='frappe.model.delete_doc.delete_dynamic_links', kwargs={'doctype': 'Property Setter', 'name': 'Sales Invoice-additional_discount_a..., method='frappe.model.delete_doc.delete_dynamic_links', site='dev.localhost', user='Administrator') (dev.localhost::4dec46d2-e49c-4d4b-b286-c02cd071f7d9)
2025-02-04 18:45:45,735 workspace-frappe-bench:default: Job OK (dev.localhost::4dec46d2-e49c-4d4b-b286-c02cd071f7d9)
2025-02-04 18:45:45,735 Result is kept for 600 seconds
2025-02-04 18:51:37,065 Worker 95c4b5209b6748a9aecf75e82e7b2dc8 [PID 6369]: warm shut down requested
2025-02-04 18:51:37,114 Unsubscribing from channel rq:pubsub:95c4b5209b6748a9aecf75e82e7b2dc8
2025-02-04 18:51:45,725 Worker rq:worker:20b30d11afd74377a6bc23b5528ce90c started with PID 9633, version 1.16.2
2025-02-04 18:51:45,726 Subscribing to channel rq:pubsub:20b30d11afd74377a6bc23b5528ce90c
2025-02-04 18:51:45,728 *** Listening on workspace-frappe-bench:short, workspace-frappe-bench:default, workspace-frappe-bench:long...
2025-02-04 18:51:45,729 Cleaning registries for queue: workspace-frappe-bench:short
2025-02-04 18:51:45,730 Cleaning registries for queue: workspace-frappe-bench:default
2025-02-04 18:51:45,732 Cleaning registries for queue: workspace-frappe-bench:long
2025-02-04 18:52:30,323 Worker 20b30d11afd74377a6bc23b5528ce90c [PID 9633]: warm shut down requested
2025-02-04 18:52:30,352 Unsubscribing from channel rq:pubsub:20b30d11afd74377a6bc23b5528ce90c
2025-02-04 18:55:20,131 Worker rq:worker:b5776945b87049098b627b392f467ec6 started with PID 11585, version 1.16.2
2025-02-04 18:55:20,131 Subscribing to channel rq:pubsub:b5776945b87049098b627b392f467ec6
2025-02-04 18:55:20,155 *** Listening on workspace-frappe-bench:short, workspace-frappe-bench:default, workspace-frappe-bench:long...
2025-02-04 18:55:20,157 Cleaning registries for queue: workspace-frappe-bench:short
2025-02-04 18:55:20,180 Cleaning registries for queue: workspace-frappe-bench:default
2025-02-04 18:55:20,195 Cleaning registries for queue: workspace-frappe-bench:long
2025-02-04 18:56:55,011 Worker b5776945b87049098b627b392f467ec6 [PID 11585]: warm shut down requested
2025-02-04 18:56:55,034 Unsubscribing from channel rq:pubsub:b5776945b87049098b627b392f467ec6
2025-02-04 18:58:36,838 Worker rq:worker:5fc69c67fe954e64b7e2c9d3478da715 started with PID 13563, version 1.16.2
2025-02-04 18:58:36,839 Subscribing to channel rq:pubsub:5fc69c67fe954e64b7e2c9d3478da715
2025-02-04 18:58:36,841 *** Listening on workspace-frappe-bench:short, workspace-frappe-bench:default, workspace-frappe-bench:long...
2025-02-04 18:58:36,841 Cleaning registries for queue: workspace-frappe-bench:short
2025-02-04 18:58:36,844 Cleaning registries for queue: workspace-frappe-bench:default
2025-02-04 18:58:36,847 Cleaning registries for queue: workspace-frappe-bench:long
2025-02-04 19:00:31,307 workspace-frappe-bench:default: frappe.utils.background_jobs.execute_job(event=None, is_async=True, job_name='frappe.model.delete_doc.delete_dynamic_links', kwargs={'doctype': 'Property Setter', 'name': 'Customer-naming_series-reqd'}, method='frappe.model.delete_doc.delete_dynamic_links', site='dev.localhost', user='Administrator') (dev.localhost::7d2d8d56-c5ff-4cb8-814d-9f5f3d23d860)
2025-02-04 19:00:31,514 workspace-frappe-bench:default: Job OK (dev.localhost::7d2d8d56-c5ff-4cb8-814d-9f5f3d23d860)
2025-02-04 19:00:31,514 Result is kept for 600 seconds
2025-02-04 19:00:31,522 workspace-frappe-bench:default: frappe.utils.background_jobs.execute_job(event=None, is_async=True, job_name='frappe.model.delete_doc.delete_dynamic_links', kwargs={'doctype': 'Property Setter', 'name': 'Customer-naming_series-hidden'}, method='frappe.model.delete_doc.delete_dynamic_links', site='dev.localhost', user='Administrator') (dev.localhost::7f2f815e-c41e-49e9-82ca-7a8099dafc5e)
2025-02-04 19:00:31,666 workspace-frappe-bench:default: Job OK (dev.localhost::7f2f815e-c41e-49e9-82ca-7a8099dafc5e)
2025-02-04 19:00:31,666 Result is kept for 600 seconds
2025-02-04 19:00:31,683 workspace-frappe-bench:default: frappe.utils.background_jobs.execute_job(event=None, is_async=True, job_name='frappe.model.delete_doc.delete_dynamic_links', kwargs={'doctype': 'Property Setter', 'name': 'Sales Order-tax_id-hidden'}, method='frappe.model.delete_doc.delete_dynamic_links', site='dev.localhost', user='Administrator') (dev.localhost::da37b66e-a5da-4a13-893b-f8a389bf3d8f)
2025-02-04 19:00:31,995 workspace-frappe-bench:default: Job OK (dev.localhost::da37b66e-a5da-4a13-893b-f8a389bf3d8f)
2025-02-04 19:00:31,995 Result is kept for 600 seconds
2025-02-04 19:00:32,002 workspace-frappe-bench:default: frappe.utils.background_jobs.execute_job(event=None, is_async=True, job_name='frappe.model.delete_doc.delete_dynamic_links', kwargs={'doctype': 'Property Setter', 'name': 'Sales Order-tax_id-print_hide'}, method='frappe.model.delete_doc.delete_dynamic_links', site='dev.localhost', user='Administrator') (dev.localhost::3fc051e7-e79f-410e-a095-5a8077857748)
2025-02-04 19:00:32,105 workspace-frappe-bench:default: Job OK (dev.localhost::3fc051e7-e79f-410e-a095-5a8077857748)
2025-02-04 19:00:32,105 Result is kept for 600 seconds
2025-02-04 19:00:32,205 workspace-frappe-bench:default: frappe.utils.background_jobs.execute_job(event=None, is_async=True, job_name='frappe.model.delete_doc.delete_dynamic_links', kwargs={'doctype': 'Property Setter', 'name': 'Sales Invoice-tax_id-hidden'}, method='frappe.model.delete_doc.delete_dynamic_links', site='dev.localhost', user='Administrator') (dev.localhost::6d4a1ddd-b1be-4bbe-9dc5-3994ada6a658)
2025-02-04 19:00:32,481 workspace-frappe-bench:default: Job OK (dev.localhost::6d4a1ddd-b1be-4bbe-9dc5-3994ada6a658)
2025-02-04 19:00:32,482 Result is kept for 600 seconds
2025-02-04 19:00:32,489 workspace-frappe-bench:default: frappe.utils.background_jobs.execute_job(event=None, is_async=True, job_name='frappe.model.delete_doc.delete_dynamic_links', kwargs={'doctype': 'Property Setter', 'name': 'Sales Invoice-tax_id-print_hide'}, method='frappe.model.delete_doc.delete_dynamic_links', site='dev.localhost', user='Administrator') (dev.localhost::04f4522a-94af-4f74-873d-3cb72bfbf2b5)
2025-02-04 19:00:32,772 workspace-frappe-bench:default: Job OK (dev.localhost::04f4522a-94af-4f74-873d-3cb72bfbf2b5)
2025-02-04 19:00:32,772 Result is kept for 600 seconds
2025-02-04 19:00:32,781 workspace-frappe-bench:default: frappe.utils.background_jobs.execute_job(event=None, is_async=True, job_name='frappe.model.delete_doc.delete_dynamic_links', kwargs={'doctype': 'Property Setter', 'name': 'Delivery Note-tax_id-hidden'}, method='frappe.model.delete_doc.delete_dynamic_links', site='dev.localhost', user='Administrator') (dev.localhost::c96153ee-eb28-40a5-b607-dcae5591a8a1)
2025-02-04 19:00:32,884 workspace-frappe-bench:default: Job OK (dev.localhost::c96153ee-eb28-40a5-b607-dcae5591a8a1)
2025-02-04 19:00:32,884 Result is kept for 600 seconds
2025-02-04 19:00:32,892 workspace-frappe-bench:default: frappe.utils.background_jobs.execute_job(event=None, is_async=True, job_name='frappe.model.delete_doc.delete_dynamic_links', kwargs={'doctype': 'Property Setter', 'name': 'Delivery Note-tax_id-print_hide'}, method='frappe.model.delete_doc.delete_dynamic_links', site='dev.localhost', user='Administrator') (dev.localhost::aa893491-9a6d-4c32-bb9e-671893d830d9)
2025-02-04 19:00:33,018 workspace-frappe-bench:default: Job OK (dev.localhost::aa893491-9a6d-4c32-bb9e-671893d830d9)
2025-02-04 19:00:33,018 Result is kept for 600 seconds
2025-02-04 19:00:33,029 workspace-frappe-bench:default: frappe.utils.background_jobs.execute_job(event=None, is_async=True, job_name='frappe.model.delete_doc.delete_dynamic_links', kwargs={'doctype': 'Property Setter', 'name': 'Packed Item-rate-read_only'}, method='frappe.model.delete_doc.delete_dynamic_links', site='dev.localhost', user='Administrator') (dev.localhost::d0143d81-ba75-44c6-96aa-29a3fbf5553a)
2025-02-04 19:00:33,136 workspace-frappe-bench:default: Job OK (dev.localhost::d0143d81-ba75-44c6-96aa-29a3fbf5553a)
2025-02-04 19:00:33,138 Result is kept for 600 seconds
2025-02-04 19:00:33,152 workspace-frappe-bench:default: frappe.utils.background_jobs.execute_job(event=None, is_async=True, job_name='frappe.model.delete_doc.delete_dynamic_links', kwargs={'doctype': 'Property Setter', 'name': 'Sales Invoice Item-discount_account..., method='frappe.model.delete_doc.delete_dynamic_links', site='dev.localhost', user='Administrator') (dev.localhost::b86c4596-9fde-4146-bcd4-b0f84455dfeb)
2025-02-04 19:00:33,260 workspace-frappe-bench:default: Job OK (dev.localhost::b86c4596-9fde-4146-bcd4-b0f84455dfeb)
2025-02-04 19:00:33,262 Result is kept for 600 seconds
2025-02-04 19:00:33,275 workspace-frappe-bench:default: frappe.utils.background_jobs.execute_job(event=None, is_async=True, job_name='frappe.model.delete_doc.delete_dynamic_links', kwargs={'doctype': 'Property Setter', 'name': 'Sales Invoice Item-discount_account..., method='frappe.model.delete_doc.delete_dynamic_links', site='dev.localhost', user='Administrator') (dev.localhost::d7f488b3-dc8b-4e20-86f9-dd512e1c3c9a)
2025-02-04 19:00:33,366 workspace-frappe-bench:default: Job OK (dev.localhost::d7f488b3-dc8b-4e20-86f9-dd512e1c3c9a)
2025-02-04 19:00:33,366 Result is kept for 600 seconds
2025-02-04 19:00:33,372 workspace-frappe-bench:default: frappe.utils.background_jobs.execute_job(event=None, is_async=True, job_name='erpnext.setup.demo.setup_demo_data', kwargs={}, method=<function setup_demo_data at 0x7ba10a8091c0>, site='dev.localhost', user='Administrator') (dev.localhost::ad81f825-b8f1-48df-b11c-13a68dc27b26)
2025-02-04 19:00:50,012 workspace-frappe-bench:default: Job OK (dev.localhost::ad81f825-b8f1-48df-b11c-13a68dc27b26)
2025-02-04 19:00:50,012 Result is kept for 600 seconds
2025-02-04 19:00:50,023 workspace-frappe-bench:default: frappe.utils.background_jobs.execute_job(event=None, is_async=True, job_name='frappe.model.delete_doc.delete_dynamic_links', kwargs={'doctype': 'Property Setter', 'name': 'Sales Invoice-additional_discount_a..., method='frappe.model.delete_doc.delete_dynamic_links', site='dev.localhost', user='Administrator') (dev.localhost::f579abcc-27a0-44f8-910a-66bec71d6cd4)
2025-02-04 19:00:50,068 workspace-frappe-bench:default: Job OK (dev.localhost::f579abcc-27a0-44f8-910a-66bec71d6cd4)
2025-02-04 19:00:50,069 Result is kept for 600 seconds
2025-02-04 19:00:50,073 workspace-frappe-bench:default: frappe.utils.background_jobs.execute_job(event=None, is_async=True, job_name='frappe.model.delete_doc.delete_dynamic_links', kwargs={'doctype': 'Property Setter', 'name': 'Sales Invoice-additional_discount_a..., method='frappe.model.delete_doc.delete_dynamic_links', site='dev.localhost', user='Administrator') (dev.localhost::e49aaadc-74d7-4e64-813f-9df25a6e926e)
2025-02-04 19:00:50,118 workspace-frappe-bench:default: Job OK (dev.localhost::e49aaadc-74d7-4e64-813f-9df25a6e926e)
2025-02-04 19:00:50,118 Result is kept for 600 seconds
2025-02-04 19:00:50,123 workspace-frappe-bench:default: frappe.utils.background_jobs.execute_job(event=None, is_async=True, job_name='frappe.model.delete_doc.delete_dynamic_links', kwargs={'doctype': 'Property Setter', 'name': 'Supplier-naming_series-reqd'}, method='frappe.model.delete_doc.delete_dynamic_links', site='dev.localhost', user='Administrator') (dev.localhost::caad505b-effb-4e14-88e1-8797c38a98bd)
2025-02-04 19:00:50,165 workspace-frappe-bench:default: Job OK (dev.localhost::caad505b-effb-4e14-88e1-8797c38a98bd)
2025-02-04 19:00:50,165 Result is kept for 600 seconds
2025-02-04 19:00:50,170 workspace-frappe-bench:default: frappe.utils.background_jobs.execute_job(event=None, is_async=True, job_name='frappe.model.delete_doc.delete_dynamic_links', kwargs={'doctype': 'Property Setter', 'name': 'Supplier-naming_series-hidden'}, method='frappe.model.delete_doc.delete_dynamic_links', site='dev.localhost', user='Administrator') (dev.localhost::eacd7f9e-2a71-4c0c-a0ad-74c889effce7)
2025-02-04 19:00:50,214 workspace-frappe-bench:default: Job OK (dev.localhost::eacd7f9e-2a71-4c0c-a0ad-74c889effce7)
2025-02-04 19:00:50,214 Result is kept for 600 seconds
2025-02-04 19:00:50,219 workspace-frappe-bench:default: frappe.utils.background_jobs.execute_job(event=None, is_async=True, job_name='frappe.model.delete_doc.delete_dynamic_links', kwargs={'doctype': 'Property Setter', 'name': 'Supplier-naming_series-reqd'}, method='frappe.model.delete_doc.delete_dynamic_links', site='dev.localhost', user='Administrator') (dev.localhost::1f694958-b3f8-4126-9fa8-1ff6d65ef5cc)
2025-02-04 19:00:50,262 workspace-frappe-bench:default: Job OK (dev.localhost::1f694958-b3f8-4126-9fa8-1ff6d65ef5cc)
2025-02-04 19:00:50,263 Result is kept for 600 seconds
2025-02-04 19:00:50,267 workspace-frappe-bench:default: frappe.utils.background_jobs.execute_job(event=None, is_async=True, job_name='frappe.model.delete_doc.delete_dynamic_links', kwargs={'doctype': 'Property Setter', 'name': 'Supplier-naming_series-hidden'}, method='frappe.model.delete_doc.delete_dynamic_links', site='dev.localhost', user='Administrator') (dev.localhost::e05d7b05-0ec8-4454-a676-953f82738e34)
2025-02-04 19:00:50,330 workspace-frappe-bench:default: Job OK (dev.localhost::e05d7b05-0ec8-4454-a676-953f82738e34)
2025-02-04 19:00:50,330 Result is kept for 600 seconds
2025-02-04 19:00:50,345 workspace-frappe-bench:default: frappe.utils.background_jobs.execute_job(event=None, is_async=True, job_name='frappe.model.delete_doc.delete_dynamic_links', kwargs={'doctype': 'Property Setter', 'name': 'Customer-naming_series-reqd'}, method='frappe.model.delete_doc.delete_dynamic_links', site='dev.localhost', user='Administrator') (dev.localhost::3bfa0556-2ad8-4166-b922-6162e92877ae)
2025-02-04 19:00:50,409 workspace-frappe-bench:default: Job OK (dev.localhost::3bfa0556-2ad8-4166-b922-6162e92877ae)
2025-02-04 19:00:50,409 Result is kept for 600 seconds
2025-02-04 19:00:50,417 workspace-frappe-bench:default: frappe.utils.background_jobs.execute_job(event=None, is_async=True, job_name='frappe.model.delete_doc.delete_dynamic_links', kwargs={'doctype': 'Property Setter', 'name': 'Customer-naming_series-hidden'}, method='frappe.model.delete_doc.delete_dynamic_links', site='dev.localhost', user='Administrator') (dev.localhost::f05fa9ec-45ef-4ad6-91d7-97f376e64a15)
2025-02-04 19:00:50,474 workspace-frappe-bench:default: Job OK (dev.localhost::f05fa9ec-45ef-4ad6-91d7-97f376e64a15)
2025-02-04 19:00:50,475 Result is kept for 600 seconds
2025-02-04 19:00:50,479 workspace-frappe-bench:default: frappe.utils.background_jobs.execute_job(event=None, is_async=True, job_name='frappe.model.delete_doc.delete_dynamic_links', kwargs={'doctype': 'Property Setter', 'name': 'Sales Order-tax_id-hidden'}, method='frappe.model.delete_doc.delete_dynamic_links', site='dev.localhost', user='Administrator') (dev.localhost::151ed959-ecf4-482f-a710-1b1dfafbe380)
2025-02-04 19:00:50,522 workspace-frappe-bench:default: Job OK (dev.localhost::151ed959-ecf4-482f-a710-1b1dfafbe380)
2025-02-04 19:00:50,522 Result is kept for 600 seconds
2025-02-04 19:00:50,527 workspace-frappe-bench:default: frappe.utils.background_jobs.execute_job(event=None, is_async=True, job_name='frappe.model.delete_doc.delete_dynamic_links', kwargs={'doctype': 'Property Setter', 'name': 'Sales Order-tax_id-print_hide'}, method='frappe.model.delete_doc.delete_dynamic_links', site='dev.localhost', user='Administrator') (dev.localhost::60187110-8d38-46c7-850f-705387e1e994)
2025-02-04 19:00:50,570 workspace-frappe-bench:default: Job OK (dev.localhost::60187110-8d38-46c7-850f-705387e1e994)
2025-02-04 19:00:50,570 Result is kept for 600 seconds
2025-02-04 19:00:50,575 workspace-frappe-bench:default: frappe.utils.background_jobs.execute_job(event=None, is_async=True, job_name='frappe.model.delete_doc.delete_dynamic_links', kwargs={'doctype': 'Property Setter', 'name': 'Sales Invoice-tax_id-hidden'}, method='frappe.model.delete_doc.delete_dynamic_links', site='dev.localhost', user='Administrator') (dev.localhost::502cd025-6b34-4411-b952-ccb559704ebc)
2025-02-04 19:00:50,619 workspace-frappe-bench:default: Job OK (dev.localhost::502cd025-6b34-4411-b952-ccb559704ebc)
2025-02-04 19:00:50,620 Result is kept for 600 seconds
2025-02-04 19:00:50,625 workspace-frappe-bench:default: frappe.utils.background_jobs.execute_job(event=None, is_async=True, job_name='frappe.model.delete_doc.delete_dynamic_links', kwargs={'doctype': 'Property Setter', 'name': 'Sales Invoice-tax_id-print_hide'}, method='frappe.model.delete_doc.delete_dynamic_links', site='dev.localhost', user='Administrator') (dev.localhost::61e64f17-7586-434c-8f38-9cd6377b4cc1)
2025-02-04 19:00:50,668 workspace-frappe-bench:default: Job OK (dev.localhost::61e64f17-7586-434c-8f38-9cd6377b4cc1)
2025-02-04 19:00:50,668 Result is kept for 600 seconds
2025-02-04 19:00:50,673 workspace-frappe-bench:default: frappe.utils.background_jobs.execute_job(event=None, is_async=True, job_name='frappe.model.delete_doc.delete_dynamic_links', kwargs={'doctype': 'Property Setter', 'name': 'Delivery Note-tax_id-hidden'}, method='frappe.model.delete_doc.delete_dynamic_links', site='dev.localhost', user='Administrator') (dev.localhost::51cb93dd-e8d0-461d-aaaa-9b00aa1e6d2c)
2025-02-04 19:00:50,716 workspace-frappe-bench:default: Job OK (dev.localhost::51cb93dd-e8d0-461d-aaaa-9b00aa1e6d2c)
2025-02-04 19:00:50,717 Result is kept for 600 seconds
2025-02-04 19:00:50,722 workspace-frappe-bench:default: frappe.utils.background_jobs.execute_job(event=None, is_async=True, job_name='frappe.model.delete_doc.delete_dynamic_links', kwargs={'doctype': 'Property Setter', 'name': 'Delivery Note-tax_id-print_hide'}, method='frappe.model.delete_doc.delete_dynamic_links', site='dev.localhost', user='Administrator') (dev.localhost::c9a177ac-c496-4455-b6c8-2acd434add36)
2025-02-04 19:00:50,766 workspace-frappe-bench:default: Job OK (dev.localhost::c9a177ac-c496-4455-b6c8-2acd434add36)
2025-02-04 19:00:50,766 Result is kept for 600 seconds
2025-02-04 19:00:50,771 workspace-frappe-bench:default: frappe.utils.background_jobs.execute_job(event=None, is_async=True, job_name='frappe.model.delete_doc.delete_dynamic_links', kwargs={'doctype': 'Property Setter', 'name': 'Packed Item-rate-read_only'}, method='frappe.model.delete_doc.delete_dynamic_links', site='dev.localhost', user='Administrator') (dev.localhost::3c0fe341-4707-46aa-b996-1ae3a5f262f9)
2025-02-04 19:00:50,813 workspace-frappe-bench:default: Job OK (dev.localhost::3c0fe341-4707-46aa-b996-1ae3a5f262f9)
2025-02-04 19:00:50,813 Result is kept for 600 seconds
2025-02-04 19:00:50,818 workspace-frappe-bench:default: frappe.utils.background_jobs.execute_job(event=None, is_async=True, job_name='frappe.model.delete_doc.delete_dynamic_links', kwargs={'doctype': 'Property Setter', 'name': 'Sales Invoice Item-discount_account..., method='frappe.model.delete_doc.delete_dynamic_links', site='dev.localhost', user='Administrator') (dev.localhost::c7eb1e05-daad-45ac-96c8-73db2affe7bf)
2025-02-04 19:00:50,862 workspace-frappe-bench:default: Job OK (dev.localhost::c7eb1e05-daad-45ac-96c8-73db2affe7bf)
2025-02-04 19:00:50,862 Result is kept for 600 seconds
2025-02-04 19:00:50,867 workspace-frappe-bench:default: frappe.utils.background_jobs.execute_job(event=None, is_async=True, job_name='frappe.model.delete_doc.delete_dynamic_links', kwargs={'doctype': 'Property Setter', 'name': 'Sales Invoice Item-discount_account..., method='frappe.model.delete_doc.delete_dynamic_links', site='dev.localhost', user='Administrator') (dev.localhost::30ba73c9-c69f-4f74-b5fc-9784aca21db3)
2025-02-04 19:00:50,909 workspace-frappe-bench:default: Job OK (dev.localhost::30ba73c9-c69f-4f74-b5fc-9784aca21db3)
2025-02-04 19:00:50,909 Result is kept for 600 seconds
2025-02-04 19:00:50,914 workspace-frappe-bench:default: frappe.utils.background_jobs.execute_job(event=None, is_async=True, job_name='frappe.model.delete_doc.delete_dynamic_links', kwargs={'doctype': 'Property Setter', 'name': 'Sales Invoice-additional_discount_a..., method='frappe.model.delete_doc.delete_dynamic_links', site='dev.localhost', user='Administrator') (dev.localhost::5249231d-9f1c-4802-a071-622bb836f408)
2025-02-04 19:00:50,965 workspace-frappe-bench:default: Job OK (dev.localhost::5249231d-9f1c-4802-a071-622bb836f408)
2025-02-04 19:00:50,965 Result is kept for 600 seconds
2025-02-04 19:00:50,970 workspace-frappe-bench:default: frappe.utils.background_jobs.execute_job(event=None, is_async=True, job_name='frappe.model.delete_doc.delete_dynamic_links', kwargs={'doctype': 'Property Setter', 'name': 'Sales Invoice-additional_discount_a..., method='frappe.model.delete_doc.delete_dynamic_links', site='dev.localhost', user='Administrator') (dev.localhost::aad40b49-9a60-4863-8c5b-c971c4ee0c0d)
2025-02-04 19:00:51,012 workspace-frappe-bench:default: Job OK (dev.localhost::aad40b49-9a60-4863-8c5b-c971c4ee0c0d)
2025-02-04 19:00:51,012 Result is kept for 600 seconds
2025-02-04 19:00:51,018 workspace-frappe-bench:default: frappe.utils.background_jobs.execute_job(event=None, is_async=True, job_name='frappe.model.delete_doc.delete_dynamic_links', kwargs={'doctype': 'Property Setter', 'name': 'Quotation-base_rounded_total-hidden..., method='frappe.model.delete_doc.delete_dynamic_links', site='dev.localhost', user='Administrator') (dev.localhost::413a3811-896e-4481-b494-b9197f862a52)
2025-02-04 19:00:51,062 workspace-frappe-bench:default: Job OK (dev.localhost::413a3811-896e-4481-b494-b9197f862a52)
2025-02-04 19:00:51,062 Result is kept for 600 seconds
2025-02-04 19:00:51,067 workspace-frappe-bench:default: frappe.utils.background_jobs.execute_job(event=None, is_async=True, job_name='frappe.model.delete_doc.delete_dynamic_links', kwargs={'doctype': 'Property Setter', 'name': 'Quotation-base_rounded_total-print_..., method='frappe.model.delete_doc.delete_dynamic_links', site='dev.localhost', user='Administrator') (dev.localhost::d9e93d8c-15c1-47e6-aa30-38735d6be768)
2025-02-04 19:00:51,122 workspace-frappe-bench:default: Job OK (dev.localhost::d9e93d8c-15c1-47e6-aa30-38735d6be768)
2025-02-04 19:00:51,122 Result is kept for 600 seconds
2025-02-04 19:00:51,129 workspace-frappe-bench:default: frappe.utils.background_jobs.execute_job(event=None, is_async=True, job_name='frappe.model.delete_doc.delete_dynamic_links', kwargs={'doctype': 'Property Setter', 'name': 'Quotation-rounded_total-hidden'}, method='frappe.model.delete_doc.delete_dynamic_links', site='dev.localhost', user='Administrator') (dev.localhost::a491e37a-2c41-42cf-9413-9be45f937dea)
2025-02-04 19:00:51,180 workspace-frappe-bench:default: Job OK (dev.localhost::a491e37a-2c41-42cf-9413-9be45f937dea)
2025-02-04 19:00:51,180 Result is kept for 600 seconds
2025-02-04 19:00:51,185 workspace-frappe-bench:default: frappe.utils.background_jobs.execute_job(event=None, is_async=True, job_name='frappe.model.delete_doc.delete_dynamic_links', kwargs={'doctype': 'Property Setter', 'name': 'Quotation-rounded_total-print_hide'..., method='frappe.model.delete_doc.delete_dynamic_links', site='dev.localhost', user='Administrator') (dev.localhost::9a71e43c-78da-4571-9a34-6170b1775f3d)
2025-02-04 19:00:51,229 workspace-frappe-bench:default: Job OK (dev.localhost::9a71e43c-78da-4571-9a34-6170b1775f3d)
2025-02-04 19:00:51,229 Result is kept for 600 seconds
2025-02-04 19:00:51,234 workspace-frappe-bench:default: frappe.utils.background_jobs.execute_job(event=None, is_async=True, job_name='frappe.model.delete_doc.delete_dynamic_links', kwargs={'doctype': 'Property Setter', 'name': 'Quotation-disable_rounded_total-def..., method='frappe.model.delete_doc.delete_dynamic_links', site='dev.localhost', user='Administrator') (dev.localhost::9055a08a-7880-42fd-8f05-54030ad04818)
2025-02-04 19:00:51,278 workspace-frappe-bench:default: Job OK (dev.localhost::9055a08a-7880-42fd-8f05-54030ad04818)
2025-02-04 19:00:51,278 Result is kept for 600 seconds
2025-02-04 19:00:51,283 workspace-frappe-bench:default: frappe.utils.background_jobs.execute_job(event=None, is_async=True, job_name='frappe.model.delete_doc.delete_dynamic_links', kwargs={'doctype': 'Property Setter', 'name': 'Sales Order-base_rounded_total-hidd..., method='frappe.model.delete_doc.delete_dynamic_links', site='dev.localhost', user='Administrator') (dev.localhost::0972ee1e-0a19-479c-be1e-b77eb8dd8772)
2025-02-04 19:00:51,325 workspace-frappe-bench:default: Job OK (dev.localhost::0972ee1e-0a19-479c-be1e-b77eb8dd8772)
2025-02-04 19:00:51,325 Result is kept for 600 seconds
2025-02-04 19:00:51,330 workspace-frappe-bench:default: frappe.utils.background_jobs.execute_job(event=None, is_async=True, job_name='frappe.model.delete_doc.delete_dynamic_links', kwargs={'doctype': 'Property Setter', 'name': 'Sales Order-base_rounded_total-prin..., method='frappe.model.delete_doc.delete_dynamic_links', site='dev.localhost', user='Administrator') (dev.localhost::7e04bd0c-a822-47e4-9e34-8df9db06fa8a)
2025-02-04 19:00:51,374 workspace-frappe-bench:default: Job OK (dev.localhost::7e04bd0c-a822-47e4-9e34-8df9db06fa8a)
2025-02-04 19:00:51,374 Result is kept for 600 seconds
2025-02-04 19:00:51,379 workspace-frappe-bench:default: frappe.utils.background_jobs.execute_job(event=None, is_async=True, job_name='frappe.model.delete_doc.delete_dynamic_links', kwargs={'doctype': 'Property Setter', 'name': 'Sales Order-rounded_total-hidden'}, method='frappe.model.delete_doc.delete_dynamic_links', site='dev.localhost', user='Administrator') (dev.localhost::58b08c0f-e542-4314-a5a9-9c6b52de9307)
2025-02-04 19:00:51,421 workspace-frappe-bench:default: Job OK (dev.localhost::58b08c0f-e542-4314-a5a9-9c6b52de9307)
2025-02-04 19:00:51,422 Result is kept for 600 seconds
2025-02-04 19:00:51,426 workspace-frappe-bench:default: frappe.utils.background_jobs.execute_job(event=None, is_async=True, job_name='frappe.model.delete_doc.delete_dynamic_links', kwargs={'doctype': 'Property Setter', 'name': 'Sales Order-rounded_total-print_hid..., method='frappe.model.delete_doc.delete_dynamic_links', site='dev.localhost', user='Administrator') (dev.localhost::9c311c33-267b-4793-bf45-a2559686b0dd)
2025-02-04 19:00:51,473 workspace-frappe-bench:default: Job OK (dev.localhost::9c311c33-267b-4793-bf45-a2559686b0dd)
2025-02-04 19:00:51,473 Result is kept for 600 seconds
2025-02-04 19:00:51,479 workspace-frappe-bench:default: frappe.utils.background_jobs.execute_job(event=None, is_async=True, job_name='frappe.model.delete_doc.delete_dynamic_links', kwargs={'doctype': 'Property Setter', 'name': 'Sales Order-disable_rounded_total-d..., method='frappe.model.delete_doc.delete_dynamic_links', site='dev.localhost', user='Administrator') (dev.localhost::883a0a8b-3d5e-4b77-b6f0-2f0ccce584fb)
2025-02-04 19:00:51,571 workspace-frappe-bench:default: Job OK (dev.localhost::883a0a8b-3d5e-4b77-b6f0-2f0ccce584fb)
2025-02-04 19:00:51,571 Result is kept for 600 seconds
2025-02-04 19:00:51,600 workspace-frappe-bench:default: frappe.utils.background_jobs.execute_job(event=None, is_async=True, job_name='frappe.model.delete_doc.delete_dynamic_links', kwargs={'doctype': 'Property Setter', 'name': 'Sales Invoice-base_rounded_total-hi..., method='frappe.model.delete_doc.delete_dynamic_links', site='dev.localhost', user='Administrator') (dev.localhost::3952fe04-caa1-459b-9e35-75bbad7538d1)
2025-02-04 19:00:51,687 workspace-frappe-bench:default: Job OK (dev.localhost::3952fe04-caa1-459b-9e35-75bbad7538d1)
2025-02-04 19:00:51,687 Result is kept for 600 seconds
2025-02-04 19:00:51,692 workspace-frappe-bench:default: frappe.utils.background_jobs.execute_job(event=None, is_async=True, job_name='frappe.model.delete_doc.delete_dynamic_links', kwargs={'doctype': 'Property Setter', 'name': 'Sales Invoice-base_rounded_total-pr..., method='frappe.model.delete_doc.delete_dynamic_links', site='dev.localhost', user='Administrator') (dev.localhost::77d5f621-ef6b-46a0-bcb1-b89c0298761c)
2025-02-04 19:00:51,737 workspace-frappe-bench:default: Job OK (dev.localhost::77d5f621-ef6b-46a0-bcb1-b89c0298761c)
2025-02-04 19:00:51,738 Result is kept for 600 seconds
2025-02-04 19:00:51,743 workspace-frappe-bench:default: frappe.utils.background_jobs.execute_job(event=None, is_async=True, job_name='frappe.model.delete_doc.delete_dynamic_links', kwargs={'doctype': 'Property Setter', 'name': 'Sales Invoice-rounded_total-hidden'..., method='frappe.model.delete_doc.delete_dynamic_links', site='dev.localhost', user='Administrator') (dev.localhost::cba05193-3a12-4045-a79d-dc53faa39ca9)
2025-02-04 19:00:51,786 workspace-frappe-bench:default: Job OK (dev.localhost::cba05193-3a12-4045-a79d-dc53faa39ca9)
2025-02-04 19:00:51,786 Result is kept for 600 seconds
2025-02-04 19:00:51,791 workspace-frappe-bench:default: frappe.utils.background_jobs.execute_job(event=None, is_async=True, job_name='frappe.model.delete_doc.delete_dynamic_links', kwargs={'doctype': 'Property Setter', 'name': 'Sales Invoice-rounded_total-print_h..., method='frappe.model.delete_doc.delete_dynamic_links', site='dev.localhost', user='Administrator') (dev.localhost::8764ab3f-3684-44ce-a3db-214076c5cc13)
2025-02-04 19:00:51,853 workspace-frappe-bench:default: Job OK (dev.localhost::8764ab3f-3684-44ce-a3db-214076c5cc13)
2025-02-04 19:00:51,853 Result is kept for 600 seconds
2025-02-04 19:00:51,861 workspace-frappe-bench:default: frappe.utils.background_jobs.execute_job(event=None, is_async=True, job_name='frappe.model.delete_doc.delete_dynamic_links', kwargs={'doctype': 'Property Setter', 'name': 'Sales Invoice-disable_rounded_total..., method='frappe.model.delete_doc.delete_dynamic_links', site='dev.localhost', user='Administrator') (dev.localhost::65622cd4-bd7a-4ec7-bcb7-09347cb0f61a)
2025-02-04 19:00:51,904 workspace-frappe-bench:default: Job OK (dev.localhost::65622cd4-bd7a-4ec7-bcb7-09347cb0f61a)
2025-02-04 19:00:51,904 Result is kept for 600 seconds
2025-02-04 19:00:51,909 workspace-frappe-bench:default: frappe.utils.background_jobs.execute_job(event=None, is_async=True, job_name='frappe.model.delete_doc.delete_dynamic_links', kwargs={'doctype': 'Property Setter', 'name': 'Delivery Note-base_rounded_total-hi..., method='frappe.model.delete_doc.delete_dynamic_links', site='dev.localhost', user='Administrator') (dev.localhost::d3281894-9b12-4349-977e-cf9335df7f8f)
2025-02-04 19:00:51,960 workspace-frappe-bench:default: Job OK (dev.localhost::d3281894-9b12-4349-977e-cf9335df7f8f)
2025-02-04 19:00:51,961 Result is kept for 600 seconds
2025-02-04 19:00:51,965 workspace-frappe-bench:default: frappe.utils.background_jobs.execute_job(event=None, is_async=True, job_name='frappe.model.delete_doc.delete_dynamic_links', kwargs={'doctype': 'Property Setter', 'name': 'Delivery Note-base_rounded_total-pr..., method='frappe.model.delete_doc.delete_dynamic_links', site='dev.localhost', user='Administrator') (dev.localhost::4b1ddbcc-10a9-45c0-890a-cf228c68b2df)
2025-02-04 19:00:52,081 workspace-frappe-bench:default: Job OK (dev.localhost::4b1ddbcc-10a9-45c0-890a-cf228c68b2df)
2025-02-04 19:00:52,082 Result is kept for 600 seconds
2025-02-04 19:00:52,103 workspace-frappe-bench:default: frappe.utils.background_jobs.execute_job(event=None, is_async=True, job_name='frappe.model.delete_doc.delete_dynamic_links', kwargs={'doctype': 'Property Setter', 'name': 'Delivery Note-rounded_total-hidden'..., method='frappe.model.delete_doc.delete_dynamic_links', site='dev.localhost', user='Administrator') (dev.localhost::8b067404-d1c1-4294-a7f7-666b469790f6)
2025-02-04 19:00:52,155 workspace-frappe-bench:default: Job OK (dev.localhost::8b067404-d1c1-4294-a7f7-666b469790f6)
2025-02-04 19:00:52,155 Result is kept for 600 seconds
2025-02-04 19:00:52,160 workspace-frappe-bench:default: frappe.utils.background_jobs.execute_job(event=None, is_async=True, job_name='frappe.model.delete_doc.delete_dynamic_links', kwargs={'doctype': 'Property Setter', 'name': 'Delivery Note-rounded_total-print_h..., method='frappe.model.delete_doc.delete_dynamic_links', site='dev.localhost', user='Administrator') (dev.localhost::af1dd217-f8c5-434a-9b2e-021ba64e5bd7)
2025-02-04 19:00:52,203 workspace-frappe-bench:default: Job OK (dev.localhost::af1dd217-f8c5-434a-9b2e-021ba64e5bd7)
2025-02-04 19:00:52,203 Result is kept for 600 seconds
2025-02-04 19:00:52,208 workspace-frappe-bench:default: frappe.utils.background_jobs.execute_job(event=None, is_async=True, job_name='frappe.model.delete_doc.delete_dynamic_links', kwargs={'doctype': 'Property Setter', 'name': 'Delivery Note-disable_rounded_total..., method='frappe.model.delete_doc.delete_dynamic_links', site='dev.localhost', user='Administrator') (dev.localhost::af52513b-0fef-407e-b573-691950e2afcf)
2025-02-04 19:00:52,253 workspace-frappe-bench:default: Job OK (dev.localhost::af52513b-0fef-407e-b573-691950e2afcf)
2025-02-04 19:00:52,253 Result is kept for 600 seconds
2025-02-04 19:00:52,258 workspace-frappe-bench:default: frappe.utils.background_jobs.execute_job(event=None, is_async=True, job_name='frappe.model.delete_doc.delete_dynamic_links', kwargs={'doctype': 'Property Setter', 'name': 'Supplier Quotation-base_rounded_tot..., method='frappe.model.delete_doc.delete_dynamic_links', site='dev.localhost', user='Administrator') (dev.localhost::c38f14d9-529f-4b06-ab8c-d58a85b1d8be)
2025-02-04 19:00:52,301 workspace-frappe-bench:default: Job OK (dev.localhost::c38f14d9-529f-4b06-ab8c-d58a85b1d8be)
2025-02-04 19:00:52,301 Result is kept for 600 seconds
2025-02-04 19:00:52,306 workspace-frappe-bench:default: frappe.utils.background_jobs.execute_job(event=None, is_async=True, job_name='frappe.model.delete_doc.delete_dynamic_links', kwargs={'doctype': 'Property Setter', 'name': 'Supplier Quotation-base_rounded_tot..., method='frappe.model.delete_doc.delete_dynamic_links', site='dev.localhost', user='Administrator') (dev.localhost::650e6331-cbb2-4c88-9970-1edea83008e0)
2025-02-04 19:00:52,350 workspace-frappe-bench:default: Job OK (dev.localhost::650e6331-cbb2-4c88-9970-1edea83008e0)
2025-02-04 19:00:52,350 Result is kept for 600 seconds
2025-02-04 19:00:52,355 workspace-frappe-bench:default: frappe.utils.background_jobs.execute_job(event=None, is_async=True, job_name='frappe.model.delete_doc.delete_dynamic_links', kwargs={'doctype': 'Property Setter', 'name': 'Supplier Quotation-rounded_total-hi..., method='frappe.model.delete_doc.delete_dynamic_links', site='dev.localhost', user='Administrator') (dev.localhost::5337a870-73e4-4ffa-8a84-adf5feda0904)
2025-02-04 19:00:52,403 workspace-frappe-bench:default: Job OK (dev.localhost::5337a870-73e4-4ffa-8a84-adf5feda0904)
2025-02-04 19:00:52,403 Result is kept for 600 seconds
2025-02-04 19:00:52,408 workspace-frappe-bench:default: frappe.utils.background_jobs.execute_job(event=None, is_async=True, job_name='frappe.model.delete_doc.delete_dynamic_links', kwargs={'doctype': 'Property Setter', 'name': 'Supplier Quotation-rounded_total-pr..., method='frappe.model.delete_doc.delete_dynamic_links', site='dev.localhost', user='Administrator') (dev.localhost::5d1e938c-0f70-437e-bdfb-dc5cec8d0b39)
2025-02-04 19:00:52,452 workspace-frappe-bench:default: Job OK (dev.localhost::5d1e938c-0f70-437e-bdfb-dc5cec8d0b39)
2025-02-04 19:00:52,452 Result is kept for 600 seconds
2025-02-04 19:00:52,457 workspace-frappe-bench:default: frappe.utils.background_jobs.execute_job(event=None, is_async=True, job_name='frappe.model.delete_doc.delete_dynamic_links', kwargs={'doctype': 'Property Setter', 'name': 'Supplier Quotation-disable_rounded_..., method='frappe.model.delete_doc.delete_dynamic_links', site='dev.localhost', user='Administrator') (dev.localhost::9f683da8-284c-4367-a934-606138fab1b0)
2025-02-04 19:00:52,499 workspace-frappe-bench:default: Job OK (dev.localhost::9f683da8-284c-4367-a934-606138fab1b0)
2025-02-04 19:00:52,500 Result is kept for 600 seconds
2025-02-04 19:00:52,505 workspace-frappe-bench:default: frappe.utils.background_jobs.execute_job(event=None, is_async=True, job_name='frappe.model.delete_doc.delete_dynamic_links', kwargs={'doctype': 'Property Setter', 'name': 'Purchase Order-base_rounded_total-h..., method='frappe.model.delete_doc.delete_dynamic_links', site='dev.localhost', user='Administrator') (dev.localhost::6abbc37b-9b96-4032-b7d3-47b2c0ed4358)
2025-02-04 19:00:52,547 workspace-frappe-bench:default: Job OK (dev.localhost::6abbc37b-9b96-4032-b7d3-47b2c0ed4358)
2025-02-04 19:00:52,547 Result is kept for 600 seconds
2025-02-04 19:00:52,552 workspace-frappe-bench:default: frappe.utils.background_jobs.execute_job(event=None, is_async=True, job_name='frappe.model.delete_doc.delete_dynamic_links', kwargs={'doctype': 'Property Setter', 'name': 'Purchase Order-base_rounded_total-p..., method='frappe.model.delete_doc.delete_dynamic_links', site='dev.localhost', user='Administrator') (dev.localhost::5a93abed-6b7b-48a9-a7d3-649c18d47a79)
2025-02-04 19:00:52,601 workspace-frappe-bench:default: Job OK (dev.localhost::5a93abed-6b7b-48a9-a7d3-649c18d47a79)
2025-02-04 19:00:52,601 Result is kept for 600 seconds
2025-02-04 19:00:52,607 workspace-frappe-bench:default: frappe.utils.background_jobs.execute_job(event=None, is_async=True, job_name='frappe.model.delete_doc.delete_dynamic_links', kwargs={'doctype': 'Property Setter', 'name': 'Purchase Order-rounded_total-hidden..., method='frappe.model.delete_doc.delete_dynamic_links', site='dev.localhost', user='Administrator') (dev.localhost::5adc55a4-291a-41c2-b591-0eeab2ef70db)
2025-02-04 19:00:52,731 workspace-frappe-bench:default: Job OK (dev.localhost::5adc55a4-291a-41c2-b591-0eeab2ef70db)
2025-02-04 19:00:52,731 Result is kept for 600 seconds
2025-02-04 19:00:52,738 workspace-frappe-bench:default: frappe.utils.background_jobs.execute_job(event=None, is_async=True, job_name='frappe.model.delete_doc.delete_dynamic_links', kwargs={'doctype': 'Property Setter', 'name': 'Purchase Order-rounded_total-print_..., method='frappe.model.delete_doc.delete_dynamic_links', site='dev.localhost', user='Administrator') (dev.localhost::3ce85407-112f-4257-88ad-e37b211d9c1c)
2025-02-04 19:00:52,805 workspace-frappe-bench:default: Job OK (dev.localhost::3ce85407-112f-4257-88ad-e37b211d9c1c)
2025-02-04 19:00:52,806 Result is kept for 600 seconds
2025-02-04 19:00:52,812 workspace-frappe-bench:default: frappe.utils.background_jobs.execute_job(event=None, is_async=True, job_name='frappe.model.delete_doc.delete_dynamic_links', kwargs={'doctype': 'Property Setter', 'name': 'Purchase Order-disable_rounded_tota..., method='frappe.model.delete_doc.delete_dynamic_links', site='dev.localhost', user='Administrator') (dev.localhost::4923f709-dc0a-442f-bfc8-cd03aa9b00d9)
2025-02-04 19:00:52,872 workspace-frappe-bench:default: Job OK (dev.localhost::4923f709-dc0a-442f-bfc8-cd03aa9b00d9)
2025-02-04 19:00:52,872 Result is kept for 600 seconds
2025-02-04 19:00:52,877 workspace-frappe-bench:default: frappe.utils.background_jobs.execute_job(event=None, is_async=True, job_name='frappe.model.delete_doc.delete_dynamic_links', kwargs={'doctype': 'Property Setter', 'name': 'Purchase Invoice-base_rounded_total..., method='frappe.model.delete_doc.delete_dynamic_links', site='dev.localhost', user='Administrator') (dev.localhost::ea65671c-9e67-47cd-be7f-f45af4759362)
2025-02-04 19:00:52,921 workspace-frappe-bench:default: Job OK (dev.localhost::ea65671c-9e67-47cd-be7f-f45af4759362)
2025-02-04 19:00:52,921 Result is kept for 600 seconds
2025-02-04 19:00:52,926 workspace-frappe-bench:default: frappe.utils.background_jobs.execute_job(event=None, is_async=True, job_name='frappe.model.delete_doc.delete_dynamic_links', kwargs={'doctype': 'Property Setter', 'name': 'Purchase Invoice-base_rounded_total..., method='frappe.model.delete_doc.delete_dynamic_links', site='dev.localhost', user='Administrator') (dev.localhost::27b930e9-98ee-403a-95de-c24ac445f18f)
2025-02-04 19:00:52,977 workspace-frappe-bench:default: Job OK (dev.localhost::27b930e9-98ee-403a-95de-c24ac445f18f)
2025-02-04 19:00:52,977 Result is kept for 600 seconds
2025-02-04 19:00:52,982 workspace-frappe-bench:default: frappe.utils.background_jobs.execute_job(event=None, is_async=True, job_name='frappe.model.delete_doc.delete_dynamic_links', kwargs={'doctype': 'Property Setter', 'name': 'Purchase Invoice-rounded_total-hidd..., method='frappe.model.delete_doc.delete_dynamic_links', site='dev.localhost', user='Administrator') (dev.localhost::b84d1bfa-bb98-4909-8ee3-2e9db7ae9faf)
2025-02-04 19:00:53,026 workspace-frappe-bench:default: Job OK (dev.localhost::b84d1bfa-bb98-4909-8ee3-2e9db7ae9faf)
2025-02-04 19:00:53,026 Result is kept for 600 seconds
2025-02-04 19:00:53,031 workspace-frappe-bench:default: frappe.utils.background_jobs.execute_job(event=None, is_async=True, job_name='frappe.model.delete_doc.delete_dynamic_links', kwargs={'doctype': 'Property Setter', 'name': 'Purchase Invoice-rounded_total-prin..., method='frappe.model.delete_doc.delete_dynamic_links', site='dev.localhost', user='Administrator') (dev.localhost::24dbdb2d-9baf-433d-9c3e-3d34f09776bf)
2025-02-04 19:00:53,073 workspace-frappe-bench:default: Job OK (dev.localhost::24dbdb2d-9baf-433d-9c3e-3d34f09776bf)
2025-02-04 19:00:53,074 Result is kept for 600 seconds
2025-02-04 19:00:53,079 workspace-frappe-bench:default: frappe.utils.background_jobs.execute_job(event=None, is_async=True, job_name='frappe.model.delete_doc.delete_dynamic_links', kwargs={'doctype': 'Property Setter', 'name': 'Purchase Invoice-disable_rounded_to..., method='frappe.model.delete_doc.delete_dynamic_links', site='dev.localhost', user='Administrator') (dev.localhost::c4a4634f-149a-4c10-b63e-3310ff593bc8)
2025-02-04 19:00:53,122 workspace-frappe-bench:default: Job OK (dev.localhost::c4a4634f-149a-4c10-b63e-3310ff593bc8)
2025-02-04 19:00:53,122 Result is kept for 600 seconds
2025-02-04 19:00:53,127 workspace-frappe-bench:default: frappe.utils.background_jobs.execute_job(event=None, is_async=True, job_name='frappe.model.delete_doc.delete_dynamic_links', kwargs={'doctype': 'Property Setter', 'name': 'Purchase Receipt-base_rounded_total..., method='frappe.model.delete_doc.delete_dynamic_links', site='dev.localhost', user='Administrator') (dev.localhost::f8fd04ac-a105-466e-8fd3-80ad5d84fde9)
2025-02-04 19:00:53,204 workspace-frappe-bench:default: Job OK (dev.localhost::f8fd04ac-a105-466e-8fd3-80ad5d84fde9)
2025-02-04 19:00:53,204 Result is kept for 600 seconds
2025-02-04 19:00:53,250 workspace-frappe-bench:default: frappe.utils.background_jobs.execute_job(event=None, is_async=True, job_name='frappe.model.delete_doc.delete_dynamic_links', kwargs={'doctype': 'Property Setter', 'name': 'Purchase Receipt-base_rounded_total..., method='frappe.model.delete_doc.delete_dynamic_links', site='dev.localhost', user='Administrator') (dev.localhost::53852775-2914-4fc3-b990-613d30899574)
2025-02-04 19:00:53,312 workspace-frappe-bench:default: Job OK (dev.localhost::53852775-2914-4fc3-b990-613d30899574)
2025-02-04 19:00:53,312 Result is kept for 600 seconds
2025-02-04 19:00:53,317 workspace-frappe-bench:default: frappe.utils.background_jobs.execute_job(event=None, is_async=True, job_name='frappe.model.delete_doc.delete_dynamic_links', kwargs={'doctype': 'Property Setter', 'name': 'Purchase Receipt-rounded_total-hidd..., method='frappe.model.delete_doc.delete_dynamic_links', site='dev.localhost', user='Administrator') (dev.localhost::e910ec20-dfc7-4cd0-b898-67d21169cad2)
2025-02-04 19:00:53,359 workspace-frappe-bench:default: Job OK (dev.localhost::e910ec20-dfc7-4cd0-b898-67d21169cad2)
2025-02-04 19:00:53,359 Result is kept for 600 seconds
2025-02-04 19:00:53,365 workspace-frappe-bench:default: frappe.utils.background_jobs.execute_job(event=None, is_async=True, job_name='frappe.model.delete_doc.delete_dynamic_links', kwargs={'doctype': 'Property Setter', 'name': 'Purchase Receipt-rounded_total-prin..., method='frappe.model.delete_doc.delete_dynamic_links', site='dev.localhost', user='Administrator') (dev.localhost::8e004718-74c4-44dc-8a8a-409cf5278b26)
2025-02-04 19:00:53,408 workspace-frappe-bench:default: Job OK (dev.localhost::8e004718-74c4-44dc-8a8a-409cf5278b26)
2025-02-04 19:00:53,408 Result is kept for 600 seconds
2025-02-04 19:00:53,414 workspace-frappe-bench:default: frappe.utils.background_jobs.execute_job(event=None, is_async=True, job_name='frappe.model.delete_doc.delete_dynamic_links', kwargs={'doctype': 'Property Setter', 'name': 'Purchase Receipt-disable_rounded_to..., method='frappe.model.delete_doc.delete_dynamic_links', site='dev.localhost', user='Administrator') (dev.localhost::2f941840-6bf3-40ee-8321-53e42db6ddcf)
2025-02-04 19:00:53,458 workspace-frappe-bench:default: Job OK (dev.localhost::2f941840-6bf3-40ee-8321-53e42db6ddcf)
2025-02-04 19:00:53,458 Result is kept for 600 seconds
2025-02-04 19:00:53,463 workspace-frappe-bench:default: frappe.utils.background_jobs.execute_job(event=None, is_async=True, job_name='frappe.model.delete_doc.delete_dynamic_links', kwargs={'doctype': 'Property Setter', 'name': 'Quotation-in_words-hidden'}, method='frappe.model.delete_doc.delete_dynamic_links', site='dev.localhost', user='Administrator') (dev.localhost::e57155af-e345-4d25-93bf-cbaf9c1237d6)
2025-02-04 19:00:53,506 workspace-frappe-bench:default: Job OK (dev.localhost::e57155af-e345-4d25-93bf-cbaf9c1237d6)
2025-02-04 19:00:53,506 Result is kept for 600 seconds
2025-02-04 19:00:53,511 workspace-frappe-bench:default: frappe.utils.background_jobs.execute_job(event=None, is_async=True, job_name='frappe.model.delete_doc.delete_dynamic_links', kwargs={'doctype': 'Property Setter', 'name': 'Quotation-in_words-print_hide'}, method='frappe.model.delete_doc.delete_dynamic_links', site='dev.localhost', user='Administrator') (dev.localhost::c17f5e76-810e-4e60-bfbf-2a6918e1d3e8)
2025-02-04 19:00:53,554 workspace-frappe-bench:default: Job OK (dev.localhost::c17f5e76-810e-4e60-bfbf-2a6918e1d3e8)
2025-02-04 19:00:53,554 Result is kept for 600 seconds
2025-02-04 19:00:53,561 workspace-frappe-bench:default: frappe.utils.background_jobs.execute_job(event=None, is_async=True, job_name='frappe.model.delete_doc.delete_dynamic_links', kwargs={'doctype': 'Property Setter', 'name': 'Sales Order-in_words-hidden'}, method='frappe.model.delete_doc.delete_dynamic_links', site='dev.localhost', user='Administrator') (dev.localhost::20290ab5-faf0-42a4-9fd4-db01e2b17df2)
2025-02-04 19:00:53,609 workspace-frappe-bench:default: Job OK (dev.localhost::20290ab5-faf0-42a4-9fd4-db01e2b17df2)
2025-02-04 19:00:53,609 Result is kept for 600 seconds
2025-02-04 19:00:53,614 workspace-frappe-bench:default: frappe.utils.background_jobs.execute_job(event=None, is_async=True, job_name='frappe.model.delete_doc.delete_dynamic_links', kwargs={'doctype': 'Property Setter', 'name': 'Sales Order-in_words-print_hide'}, method='frappe.model.delete_doc.delete_dynamic_links', site='dev.localhost', user='Administrator') (dev.localhost::4b7b493f-3315-472b-947f-26aeed6ce265)
2025-02-04 19:00:53,656 workspace-frappe-bench:default: Job OK (dev.localhost::4b7b493f-3315-472b-947f-26aeed6ce265)
2025-02-04 19:00:53,657 Result is kept for 600 seconds
2025-02-04 19:00:53,661 workspace-frappe-bench:default: frappe.utils.background_jobs.execute_job(event=None, is_async=True, job_name='frappe.model.delete_doc.delete_dynamic_links', kwargs={'doctype': 'Property Setter', 'name': 'Sales Invoice-in_words-hidden'}, method='frappe.model.delete_doc.delete_dynamic_links', site='dev.localhost', user='Administrator') (dev.localhost::658348b1-0ecf-4ca3-b0d8-80b723f74c55)
2025-02-04 19:00:53,716 workspace-frappe-bench:default: Job OK (dev.localhost::658348b1-0ecf-4ca3-b0d8-80b723f74c55)
2025-02-04 19:00:53,716 Result is kept for 600 seconds
2025-02-04 19:00:53,724 workspace-frappe-bench:default: frappe.utils.background_jobs.execute_job(event=None, is_async=True, job_name='frappe.model.delete_doc.delete_dynamic_links', kwargs={'doctype': 'Property Setter', 'name': 'Sales Invoice-in_words-print_hide'}, method='frappe.model.delete_doc.delete_dynamic_links', site='dev.localhost', user='Administrator') (dev.localhost::5ac57133-639a-4dc6-983d-5f9f5dd8583e)
2025-02-04 19:00:53,769 workspace-frappe-bench:default: Job OK (dev.localhost::5ac57133-639a-4dc6-983d-5f9f5dd8583e)
2025-02-04 19:00:53,769 Result is kept for 600 seconds
2025-02-04 19:00:53,774 workspace-frappe-bench:default: frappe.utils.background_jobs.execute_job(event=None, is_async=True, job_name='frappe.model.delete_doc.delete_dynamic_links', kwargs={'doctype': 'Property Setter', 'name': 'Delivery Note-in_words-hidden'}, method='frappe.model.delete_doc.delete_dynamic_links', site='dev.localhost', user='Administrator') (dev.localhost::25a5d849-6a81-40d5-9934-faa9dd146e68)
2025-02-04 19:00:53,818 workspace-frappe-bench:default: Job OK (dev.localhost::25a5d849-6a81-40d5-9934-faa9dd146e68)
2025-02-04 19:00:53,819 Result is kept for 600 seconds
2025-02-04 19:00:53,824 workspace-frappe-bench:default: frappe.utils.background_jobs.execute_job(event=None, is_async=True, job_name='frappe.model.delete_doc.delete_dynamic_links', kwargs={'doctype': 'Property Setter', 'name': 'Delivery Note-in_words-print_hide'}, method='frappe.model.delete_doc.delete_dynamic_links', site='dev.localhost', user='Administrator') (dev.localhost::83f754dd-93e2-4fd0-b36a-62ac79b82753)
2025-02-04 19:00:53,872 workspace-frappe-bench:default: Job OK (dev.localhost::83f754dd-93e2-4fd0-b36a-62ac79b82753)
2025-02-04 19:00:53,873 Result is kept for 600 seconds
2025-02-04 19:00:53,879 workspace-frappe-bench:default: frappe.utils.background_jobs.execute_job(event=None, is_async=True, job_name='frappe.model.delete_doc.delete_dynamic_links', kwargs={'doctype': 'Property Setter', 'name': 'Supplier Quotation-in_words-hidden'..., method='frappe.model.delete_doc.delete_dynamic_links', site='dev.localhost', user='Administrator') (dev.localhost::995357a6-37df-4bac-87b4-c183622a7011)
2025-02-04 19:00:53,949 workspace-frappe-bench:default: Job OK (dev.localhost::995357a6-37df-4bac-87b4-c183622a7011)
2025-02-04 19:00:53,949 Result is kept for 600 seconds
2025-02-04 19:00:53,956 workspace-frappe-bench:default: frappe.utils.background_jobs.execute_job(event=None, is_async=True, job_name='frappe.model.delete_doc.delete_dynamic_links', kwargs={'doctype': 'Property Setter', 'name': 'Supplier Quotation-in_words-print_h..., method='frappe.model.delete_doc.delete_dynamic_links', site='dev.localhost', user='Administrator') (dev.localhost::8ab3a378-5548-4ecd-b7b9-7489a4380c40)
2025-02-04 19:00:54,040 workspace-frappe-bench:default: Job OK (dev.localhost::8ab3a378-5548-4ecd-b7b9-7489a4380c40)
2025-02-04 19:00:54,041 Result is kept for 600 seconds
2025-02-04 19:00:54,047 workspace-frappe-bench:default: frappe.utils.background_jobs.execute_job(event=None, is_async=True, job_name='frappe.model.delete_doc.delete_dynamic_links', kwargs={'doctype': 'Property Setter', 'name': 'Purchase Order-in_words-hidden'}, method='frappe.model.delete_doc.delete_dynamic_links', site='dev.localhost', user='Administrator') (dev.localhost::803ea484-8227-411f-9a24-7167e9b87e0e)
2025-02-04 19:00:54,090 workspace-frappe-bench:default: Job OK (dev.localhost::803ea484-8227-411f-9a24-7167e9b87e0e)
2025-02-04 19:00:54,090 Result is kept for 600 seconds
2025-02-04 19:00:54,095 workspace-frappe-bench:default: frappe.utils.background_jobs.execute_job(event=None, is_async=True, job_name='frappe.model.delete_doc.delete_dynamic_links', kwargs={'doctype': 'Property Setter', 'name': 'Purchase Order-in_words-print_hide'..., method='frappe.model.delete_doc.delete_dynamic_links', site='dev.localhost', user='Administrator') (dev.localhost::d6f731be-23ab-419d-847b-d8b90bc0d817)
2025-02-04 19:00:54,138 workspace-frappe-bench:default: Job OK (dev.localhost::d6f731be-23ab-419d-847b-d8b90bc0d817)
2025-02-04 19:00:54,138 Result is kept for 600 seconds
2025-02-04 19:00:54,143 workspace-frappe-bench:default: frappe.utils.background_jobs.execute_job(event=None, is_async=True, job_name='frappe.model.delete_doc.delete_dynamic_links', kwargs={'doctype': 'Property Setter', 'name': 'Purchase Invoice-in_words-hidden'}, method='frappe.model.delete_doc.delete_dynamic_links', site='dev.localhost', user='Administrator') (dev.localhost::25f7579d-afaa-4d75-a164-93ea214995ab)
2025-02-04 19:00:54,185 workspace-frappe-bench:default: Job OK (dev.localhost::25f7579d-afaa-4d75-a164-93ea214995ab)
2025-02-04 19:00:54,185 Result is kept for 600 seconds
2025-02-04 19:00:54,190 workspace-frappe-bench:default: frappe.utils.background_jobs.execute_job(event=None, is_async=True, job_name='frappe.model.delete_doc.delete_dynamic_links', kwargs={'doctype': 'Property Setter', 'name': 'Purchase Invoice-in_words-print_hid..., method='frappe.model.delete_doc.delete_dynamic_links', site='dev.localhost', user='Administrator') (dev.localhost::a07b0ccd-cb43-44b2-a37c-0644ce7ef971)
2025-02-04 19:00:54,233 workspace-frappe-bench:default: Job OK (dev.localhost::a07b0ccd-cb43-44b2-a37c-0644ce7ef971)
2025-02-04 19:00:54,234 Result is kept for 600 seconds
2025-02-04 19:00:54,239 workspace-frappe-bench:default: frappe.utils.background_jobs.execute_job(event=None, is_async=True, job_name='frappe.model.delete_doc.delete_dynamic_links', kwargs={'doctype': 'Property Setter', 'name': 'Purchase Receipt-in_words-hidden'}, method='frappe.model.delete_doc.delete_dynamic_links', site='dev.localhost', user='Administrator') (dev.localhost::1bd0df99-c0ee-4222-8ad1-ac0d3dd3b881)
2025-02-04 19:00:54,281 workspace-frappe-bench:default: Job OK (dev.localhost::1bd0df99-c0ee-4222-8ad1-ac0d3dd3b881)
2025-02-04 19:00:54,281 Result is kept for 600 seconds
2025-02-04 19:00:54,286 workspace-frappe-bench:default: frappe.utils.background_jobs.execute_job(event=None, is_async=True, job_name='frappe.model.delete_doc.delete_dynamic_links', kwargs={'doctype': 'Property Setter', 'name': 'Purchase Receipt-in_words-print_hid..., method='frappe.model.delete_doc.delete_dynamic_links', site='dev.localhost', user='Administrator') (dev.localhost::ea4a8086-a5e0-48d4-af92-12b4c8700ba6)
2025-02-04 19:00:54,330 workspace-frappe-bench:default: Job OK (dev.localhost::ea4a8086-a5e0-48d4-af92-12b4c8700ba6)
2025-02-04 19:00:54,330 Result is kept for 600 seconds
2025-02-04 19:00:54,336 workspace-frappe-bench:default: frappe.utils.background_jobs.execute_job(event=None, is_async=True, job_name='frappe.model.delete_doc.delete_dynamic_links', kwargs={'doctype': 'Property Setter', 'name': 'Item-naming_series-reqd'}, method='frappe.model.delete_doc.delete_dynamic_links', site='dev.localhost', user='Administrator') (dev.localhost::9047fc08-ea34-414c-92db-9c88033bd21b)
2025-02-04 19:00:54,377 workspace-frappe-bench:default: Job OK (dev.localhost::9047fc08-ea34-414c-92db-9c88033bd21b)
2025-02-04 19:00:54,378 Result is kept for 600 seconds
2025-02-04 19:00:54,382 workspace-frappe-bench:default: frappe.utils.background_jobs.execute_job(event=None, is_async=True, job_name='frappe.model.delete_doc.delete_dynamic_links', kwargs={'doctype': 'Property Setter', 'name': 'Item-naming_series-hidden'}, method='frappe.model.delete_doc.delete_dynamic_links', site='dev.localhost', user='Administrator') (dev.localhost::68451748-5c0b-4e78-9de5-1f3b60ddc3e1)
2025-02-04 19:00:54,426 workspace-frappe-bench:default: Job OK (dev.localhost::68451748-5c0b-4e78-9de5-1f3b60ddc3e1)
2025-02-04 19:00:54,426 Result is kept for 600 seconds
2025-02-04 19:00:54,431 workspace-frappe-bench:default: frappe.utils.background_jobs.execute_job(event=None, is_async=True, job_name='frappe.model.delete_doc.delete_dynamic_links', kwargs={'doctype': 'Property Setter', 'name': 'Item-item_code-hidden'}, method='frappe.model.delete_doc.delete_dynamic_links', site='dev.localhost', user='Administrator') (dev.localhost::69916386-48a7-400c-b26a-d7da3bd3be9b)
2025-02-04 19:00:54,474 workspace-frappe-bench:default: Job OK (dev.localhost::69916386-48a7-400c-b26a-d7da3bd3be9b)
2025-02-04 19:00:54,474 Result is kept for 600 seconds
2025-02-04 19:00:54,479 workspace-frappe-bench:default: frappe.utils.background_jobs.execute_job(event=None, is_async=True, job_name='frappe.model.delete_doc.delete_dynamic_links', kwargs={'doctype': 'Property Setter', 'name': 'Item-item_code-reqd'}, method='frappe.model.delete_doc.delete_dynamic_links', site='dev.localhost', user='Administrator') (dev.localhost::0d9ae605-a78e-4004-9934-3a940380ccae)
2025-02-04 19:00:54,522 workspace-frappe-bench:default: Job OK (dev.localhost::0d9ae605-a78e-4004-9934-3a940380ccae)
2025-02-04 19:00:54,522 Result is kept for 600 seconds
2025-02-04 19:00:54,527 workspace-frappe-bench:default: frappe.utils.background_jobs.execute_job(event=None, is_async=True, job_name='frappe.model.delete_doc.delete_dynamic_links', kwargs={'doctype': 'Property Setter', 'name': 'POS Invoice Item-barcode-hidden'}, method='frappe.model.delete_doc.delete_dynamic_links', site='dev.localhost', user='Administrator') (dev.localhost::5e1b641d-1036-4101-9001-7799f67ea5d1)
2025-02-04 19:00:54,570 workspace-frappe-bench:default: Job OK (dev.localhost::5e1b641d-1036-4101-9001-7799f67ea5d1)
2025-02-04 19:00:54,570 Result is kept for 600 seconds
2025-02-04 19:00:54,575 workspace-frappe-bench:default: frappe.utils.background_jobs.execute_job(event=None, is_async=True, job_name='frappe.model.delete_doc.delete_dynamic_links', kwargs={'doctype': 'Property Setter', 'name': 'Sales Invoice Item-barcode-hidden'}, method='frappe.model.delete_doc.delete_dynamic_links', site='dev.localhost', user='Administrator') (dev.localhost::cb102ce2-0386-478c-8514-4185ed1bf819)
2025-02-04 19:00:54,618 workspace-frappe-bench:default: Job OK (dev.localhost::cb102ce2-0386-478c-8514-4185ed1bf819)
2025-02-04 19:00:54,618 Result is kept for 600 seconds
2025-02-04 19:00:54,623 workspace-frappe-bench:default: frappe.utils.background_jobs.execute_job(event=None, is_async=True, job_name='frappe.model.delete_doc.delete_dynamic_links', kwargs={'doctype': 'Property Setter', 'name': 'Job Card-barcode-hidden'}, method='frappe.model.delete_doc.delete_dynamic_links', site='dev.localhost', user='Administrator') (dev.localhost::701eab82-9a71-42ec-bcc7-282139fa4978)
2025-02-04 19:00:54,666 workspace-frappe-bench:default: Job OK (dev.localhost::701eab82-9a71-42ec-bcc7-282139fa4978)
2025-02-04 19:00:54,667 Result is kept for 600 seconds
2025-02-04 19:00:54,672 workspace-frappe-bench:default: frappe.utils.background_jobs.execute_job(event=None, is_async=True, job_name='frappe.model.delete_doc.delete_dynamic_links', kwargs={'doctype': 'Property Setter', 'name': 'Delivery Note Item-barcode-hidden'}, method='frappe.model.delete_doc.delete_dynamic_links', site='dev.localhost', user='Administrator') (dev.localhost::cb1a02ed-85b7-440c-a77f-d0331816d547)
2025-02-04 19:00:54,714 workspace-frappe-bench:default: Job OK (dev.localhost::cb1a02ed-85b7-440c-a77f-d0331816d547)
2025-02-04 19:00:54,714 Result is kept for 600 seconds
2025-02-04 19:00:54,719 workspace-frappe-bench:default: frappe.utils.background_jobs.execute_job(event=None, is_async=True, job_name='frappe.model.delete_doc.delete_dynamic_links', kwargs={'doctype': 'Property Setter', 'name': 'Purchase Receipt Item-barcode-hidde..., method='frappe.model.delete_doc.delete_dynamic_links', site='dev.localhost', user='Administrator') (dev.localhost::02df60f2-1af9-4927-8b83-c90a0a45d1a5)
2025-02-04 19:00:54,761 workspace-frappe-bench:default: Job OK (dev.localhost::02df60f2-1af9-4927-8b83-c90a0a45d1a5)
2025-02-04 19:00:54,762 Result is kept for 600 seconds
2025-02-04 19:00:54,767 workspace-frappe-bench:default: frappe.utils.background_jobs.execute_job(event=None, is_async=True, job_name='frappe.model.delete_doc.delete_dynamic_links', kwargs={'doctype': 'Property Setter', 'name': 'Stock Reconciliation Item-barcode-h..., method='frappe.model.delete_doc.delete_dynamic_links', site='dev.localhost', user='Administrator') (dev.localhost::62c3ee9a-0f9b-4dda-8204-ec3785ce08a5)
2025-02-04 19:00:54,809 workspace-frappe-bench:default: Job OK (dev.localhost::62c3ee9a-0f9b-4dda-8204-ec3785ce08a5)
2025-02-04 19:00:54,809 Result is kept for 600 seconds
2025-02-04 19:00:54,815 workspace-frappe-bench:default: frappe.utils.background_jobs.execute_job(event=None, is_async=True, job_name='frappe.model.delete_doc.delete_dynamic_links', kwargs={'doctype': 'Property Setter', 'name': 'Item Barcode-barcode-hidden'}, method='frappe.model.delete_doc.delete_dynamic_links', site='dev.localhost', user='Administrator') (dev.localhost::a222cd7e-a74c-4f8c-acef-aa9a64cb2dd8)
2025-02-04 19:00:54,859 workspace-frappe-bench:default: Job OK (dev.localhost::a222cd7e-a74c-4f8c-acef-aa9a64cb2dd8)
2025-02-04 19:00:54,859 Result is kept for 600 seconds
2025-02-04 19:00:54,864 workspace-frappe-bench:default: frappe.utils.background_jobs.execute_job(event=None, is_async=True, job_name='frappe.model.delete_doc.delete_dynamic_links', kwargs={'doctype': 'Property Setter', 'name': 'Stock Entry Detail-barcode-hidden'}, method='frappe.model.delete_doc.delete_dynamic_links', site='dev.localhost', user='Administrator') (dev.localhost::83686860-fd40-447d-8f26-39116404b70f)
2025-02-04 19:00:54,907 workspace-frappe-bench:default: Job OK (dev.localhost::83686860-fd40-447d-8f26-39116404b70f)
2025-02-04 19:00:54,908 Result is kept for 600 seconds
2025-02-04 19:00:54,913 workspace-frappe-bench:default: frappe.utils.background_jobs.execute_job(event=None, is_async=True, job_name='frappe.model.delete_doc.delete_dynamic_links', kwargs={'doctype': 'Property Setter', 'name': 'Item-barcodes-hidden'}, method='frappe.model.delete_doc.delete_dynamic_links', site='dev.localhost', user='Administrator') (dev.localhost::fcff2af4-30cb-4ee6-b88f-a65b124c673c)
2025-02-04 19:00:54,959 workspace-frappe-bench:default: Job OK (dev.localhost::fcff2af4-30cb-4ee6-b88f-a65b124c673c)
2025-02-04 19:00:54,960 Result is kept for 600 seconds
2025-02-04 19:00:54,965 workspace-frappe-bench:default: frappe.utils.background_jobs.execute_job(event=None, is_async=True, job_name='frappe.model.delete_doc.delete_dynamic_links', kwargs={'doctype': 'Property Setter', 'name': 'Purchase Invoice-scan_barcode-hidde..., method='frappe.model.delete_doc.delete_dynamic_links', site='dev.localhost', user='Administrator') (dev.localhost::aa159ed5-9e2a-46b6-ba75-6d213c0f7d57)
2025-02-04 19:00:55,014 workspace-frappe-bench:default: Job OK (dev.localhost::aa159ed5-9e2a-46b6-ba75-6d213c0f7d57)
2025-02-04 19:00:55,014 Result is kept for 600 seconds
2025-02-04 19:00:55,019 workspace-frappe-bench:default: frappe.utils.background_jobs.execute_job(event=None, is_async=True, job_name='frappe.model.delete_doc.delete_dynamic_links', kwargs={'doctype': 'Property Setter', 'name': 'Sales Invoice-scan_barcode-hidden'}, method='frappe.model.delete_doc.delete_dynamic_links', site='dev.localhost', user='Administrator') (dev.localhost::cec762f8-91f4-41a1-a42b-313545f8d262)
2025-02-04 19:00:55,073 workspace-frappe-bench:default: Job OK (dev.localhost::cec762f8-91f4-41a1-a42b-313545f8d262)
2025-02-04 19:00:55,074 Result is kept for 600 seconds
2025-02-04 19:00:55,080 workspace-frappe-bench:default: frappe.utils.background_jobs.execute_job(event=None, is_async=True, job_name='frappe.model.delete_doc.delete_dynamic_links', kwargs={'doctype': 'Property Setter', 'name': 'POS Invoice-scan_barcode-hidden'}, method='frappe.model.delete_doc.delete_dynamic_links', site='dev.localhost', user='Administrator') (dev.localhost::f067a698-411d-4a38-b530-8b874eb6b7e6)
2025-02-04 19:00:55,144 workspace-frappe-bench:default: Job OK (dev.localhost::f067a698-411d-4a38-b530-8b874eb6b7e6)
2025-02-04 19:00:55,144 Result is kept for 600 seconds
2025-02-04 19:00:55,153 workspace-frappe-bench:default: frappe.utils.background_jobs.execute_job(event=None, is_async=True, job_name='frappe.model.delete_doc.delete_dynamic_links', kwargs={'doctype': 'Property Setter', 'name': 'Purchase Order-scan_barcode-hidden'..., method='frappe.model.delete_doc.delete_dynamic_links', site='dev.localhost', user='Administrator') (dev.localhost::5c42121e-1c06-433f-b6ba-dfd0a0b0c351)
2025-02-04 19:00:55,215 workspace-frappe-bench:default: Job OK (dev.localhost::5c42121e-1c06-433f-b6ba-dfd0a0b0c351)
2025-02-04 19:00:55,215 Result is kept for 600 seconds
2025-02-04 19:00:55,222 workspace-frappe-bench:default: frappe.utils.background_jobs.execute_job(event=None, is_async=True, job_name='frappe.model.delete_doc.delete_dynamic_links', kwargs={'doctype': 'Property Setter', 'name': 'Quotation-scan_barcode-hidden'}, method='frappe.model.delete_doc.delete_dynamic_links', site='dev.localhost', user='Administrator') (dev.localhost::1203d0c5-680f-44c8-bde7-3cd898b972b9)
2025-02-04 19:00:55,275 workspace-frappe-bench:default: Job OK (dev.localhost::1203d0c5-680f-44c8-bde7-3cd898b972b9)
2025-02-04 19:00:55,276 Result is kept for 600 seconds
2025-02-04 19:00:55,283 workspace-frappe-bench:default: frappe.utils.background_jobs.execute_job(event=None, is_async=True, job_name='frappe.model.delete_doc.delete_dynamic_links', kwargs={'doctype': 'Property Setter', 'name': 'Sales Order-scan_barcode-hidden'}, method='frappe.model.delete_doc.delete_dynamic_links', site='dev.localhost', user='Administrator') (dev.localhost::81df6db7-add0-4fa2-a05b-8d2de1614917)
2025-02-04 19:00:55,339 workspace-frappe-bench:default: Job OK (dev.localhost::81df6db7-add0-4fa2-a05b-8d2de1614917)
2025-02-04 19:00:55,339 Result is kept for 600 seconds
2025-02-04 19:00:55,344 workspace-frappe-bench:default: frappe.utils.background_jobs.execute_job(event=None, is_async=True, job_name='frappe.model.delete_doc.delete_dynamic_links', kwargs={'doctype': 'Property Setter', 'name': 'Purchase Receipt-scan_barcode-hidde..., method='frappe.model.delete_doc.delete_dynamic_links', site='dev.localhost', user='Administrator') (dev.localhost::8a46a59c-0200-46b6-9bc9-f7ff93a88be1)
2025-02-04 19:00:55,387 workspace-frappe-bench:default: Job OK (dev.localhost::8a46a59c-0200-46b6-9bc9-f7ff93a88be1)
2025-02-04 19:00:55,387 Result is kept for 600 seconds
2025-02-04 19:00:55,392 workspace-frappe-bench:default: frappe.utils.background_jobs.execute_job(event=None, is_async=True, job_name='frappe.model.delete_doc.delete_dynamic_links', kwargs={'doctype': 'Property Setter', 'name': 'Pick List-scan_barcode-hidden'}, method='frappe.model.delete_doc.delete_dynamic_links', site='dev.localhost', user='Administrator') (dev.localhost::df25cb30-31c8-4666-999f-07100d01b242)
2025-02-04 19:00:55,436 workspace-frappe-bench:default: Job OK (dev.localhost::df25cb30-31c8-4666-999f-07100d01b242)
2025-02-04 19:00:55,437 Result is kept for 600 seconds
2025-02-04 19:00:55,441 workspace-frappe-bench:default: frappe.utils.background_jobs.execute_job(event=None, is_async=True, job_name='frappe.model.delete_doc.delete_dynamic_links', kwargs={'doctype': 'Property Setter', 'name': 'Stock Entry-scan_barcode-hidden'}, method='frappe.model.delete_doc.delete_dynamic_links', site='dev.localhost', user='Administrator') (dev.localhost::66928e97-9dd5-4108-b3d3-a1c40dbe9f5c)
2025-02-04 19:00:55,485 workspace-frappe-bench:default: Job OK (dev.localhost::66928e97-9dd5-4108-b3d3-a1c40dbe9f5c)
2025-02-04 19:00:55,485 Result is kept for 600 seconds
2025-02-04 19:00:55,490 workspace-frappe-bench:default: frappe.utils.background_jobs.execute_job(event=None, is_async=True, job_name='frappe.model.delete_doc.delete_dynamic_links', kwargs={'doctype': 'Property Setter', 'name': 'Stock Reconciliation-scan_barcode-h..., method='frappe.model.delete_doc.delete_dynamic_links', site='dev.localhost', user='Administrator') (dev.localhost::fc5c5e7a-0a01-4659-9c79-a299782ffff4)
2025-02-04 19:00:55,532 workspace-frappe-bench:default: Job OK (dev.localhost::fc5c5e7a-0a01-4659-9c79-a299782ffff4)
2025-02-04 19:00:55,532 Result is kept for 600 seconds
2025-02-04 19:00:55,538 workspace-frappe-bench:default: frappe.utils.background_jobs.execute_job(event=None, is_async=True, job_name='frappe.model.delete_doc.delete_dynamic_links', kwargs={'doctype': 'Property Setter', 'name': 'Material Request-scan_barcode-hidde..., method='frappe.model.delete_doc.delete_dynamic_links', site='dev.localhost', user='Administrator') (dev.localhost::fd1a0481-75cc-4d92-984d-672eb96dd107)
2025-02-04 19:00:55,580 workspace-frappe-bench:default: Job OK (dev.localhost::fd1a0481-75cc-4d92-984d-672eb96dd107)
2025-02-04 19:00:55,581 Result is kept for 600 seconds
2025-02-04 19:00:55,585 workspace-frappe-bench:default: frappe.utils.background_jobs.execute_job(event=None, is_async=True, job_name='frappe.model.delete_doc.delete_dynamic_links', kwargs={'doctype': 'Property Setter', 'name': 'Delivery Note-scan_barcode-hidden'}, method='frappe.model.delete_doc.delete_dynamic_links', site='dev.localhost', user='Administrator') (dev.localhost::594954df-6c9c-4d73-a757-e4f1193195c6)
2025-02-04 19:00:55,627 workspace-frappe-bench:default: Job OK (dev.localhost::594954df-6c9c-4d73-a757-e4f1193195c6)
2025-02-04 19:00:55,627 Result is kept for 600 seconds
2025-02-04 19:00:55,632 workspace-frappe-bench:default: frappe.utils.background_jobs.execute_job(event=None, is_async=True, job_name='frappe.model.delete_doc.delete_dynamic_links', kwargs={'doctype': 'Property Setter', 'name': 'Sales Invoice Item-target_warehouse..., method='frappe.model.delete_doc.delete_dynamic_links', site='dev.localhost', user='Administrator') (dev.localhost::6f8be46e-8c95-479d-b408-d684caefa32f)
2025-02-04 19:00:55,675 workspace-frappe-bench:default: Job OK (dev.localhost::6f8be46e-8c95-479d-b408-d684caefa32f)
2025-02-04 19:00:55,675 Result is kept for 600 seconds
2025-02-04 19:00:55,680 workspace-frappe-bench:default: frappe.utils.background_jobs.execute_job(event=None, is_async=True, job_name='frappe.model.delete_doc.delete_dynamic_links', kwargs={'doctype': 'Property Setter', 'name': 'Delivery Note Item-target_warehouse..., method='frappe.model.delete_doc.delete_dynamic_links', site='dev.localhost', user='Administrator') (dev.localhost::950e9101-a5bb-4ee1-bed4-c0750fa0f895)
2025-02-04 19:00:55,723 workspace-frappe-bench:default: Job OK (dev.localhost::950e9101-a5bb-4ee1-bed4-c0750fa0f895)
2025-02-04 19:00:55,723 Result is kept for 600 seconds
2025-02-04 19:00:55,728 workspace-frappe-bench:default: frappe.utils.background_jobs.execute_job(event=None, is_async=True, job_name='frappe.model.delete_doc.delete_dynamic_links', kwargs={'doctype': 'Property Setter', 'name': 'Purchase Invoice Item-from_warehous..., method='frappe.model.delete_doc.delete_dynamic_links', site='dev.localhost', user='Administrator') (dev.localhost::d8c8447f-6e00-4695-87e1-ad6be366d1f3)
2025-02-04 19:00:55,771 workspace-frappe-bench:default: Job OK (dev.localhost::d8c8447f-6e00-4695-87e1-ad6be366d1f3)
2025-02-04 19:00:55,771 Result is kept for 600 seconds
2025-02-04 19:00:55,776 workspace-frappe-bench:default: frappe.utils.background_jobs.execute_job(event=None, is_async=True, job_name='frappe.model.delete_doc.delete_dynamic_links', kwargs={'doctype': 'Property Setter', 'name': 'Purchase Receipt Item-from_warehous..., method='frappe.model.delete_doc.delete_dynamic_links', site='dev.localhost', user='Administrator') (dev.localhost::a1c3b4fa-9299-4b2e-aee5-324c2569438c)
2025-02-04 19:00:55,818 workspace-frappe-bench:default: Job OK (dev.localhost::a1c3b4fa-9299-4b2e-aee5-324c2569438c)
2025-02-04 19:00:55,819 Result is kept for 600 seconds
2025-02-04 19:03:30,216 workspace-frappe-bench:default: frappe.utils.background_jobs.execute_job(event=None, is_async=True, job_name='frappe.core.doctype.user.user.create_contact', kwargs={'user': <User: doctype=User Administrator>, 'ignore_mandatory': True}, method='frappe.core.doctype.user.user.create_contact', site='dev.localhost', user='Administrator') (dev.localhost::86478979-b58a-485c-8e60-611ed12c9524)
2025-02-04 19:03:30,375 workspace-frappe-bench:default: Job OK (dev.localhost::86478979-b58a-485c-8e60-611ed12c9524)
2025-02-04 19:03:30,375 Result is kept for 600 seconds
2025-02-04 19:04:00,303 workspace-frappe-bench:default: frappe.utils.background_jobs.execute_job(event=None, is_async=True, job_name='frappe.core.doctype.scheduled_job_type.scheduled_job_type.run_scheduled_jo..., kwargs={'job_type': 'frappe.deferred_insert.save_to_db', 'scheduled_job_type': 'cr..., method='frappe.core.doctype.scheduled_job_type.scheduled_job_type.run_scheduled_jo..., site='dev.localhost', user='Administrator') (dev.localhost::scheduled_job::crc4831grb)
2025-02-04 19:04:00,693 workspace-frappe-bench:default: Job OK (dev.localhost::scheduled_job::crc4831grb)
2025-02-04 19:04:00,693 Result is kept for 600 seconds
2025-02-04 19:04:00,700 workspace-frappe-bench:default: frappe.utils.background_jobs.execute_job(event=None, is_async=True, job_name='frappe.core.doctype.scheduled_job_type.scheduled_job_type.run_scheduled_jo..., kwargs={'job_type': 'frappe.email.doctype.notification.notification.trigger_offset..., method='frappe.core.doctype.scheduled_job_type.scheduled_job_type.run_scheduled_jo..., site='dev.localhost', user='Administrator') (dev.localhost::scheduled_job::crb5lu1h6e)
2025-02-04 19:04:00,923 workspace-frappe-bench:default: Job OK (dev.localhost::scheduled_job::crb5lu1h6e)
2025-02-04 19:04:00,923 Result is kept for 600 seconds
2025-02-04 19:04:00,930 workspace-frappe-bench:default: frappe.utils.background_jobs.execute_job(event=None, is_async=True, job_name='frappe.core.doctype.scheduled_job_type.scheduled_job_type.run_scheduled_jo..., kwargs={'job_type': 'frappe.monitor.flush', 'scheduled_job_type': 'crcssvtvho'}, method='frappe.core.doctype.scheduled_job_type.scheduled_job_type.run_scheduled_jo..., site='dev.localhost', user='Administrator') (dev.localhost::scheduled_job::crcssvtvho)
2025-02-04 19:04:01,153 workspace-frappe-bench:default: Job OK (dev.localhost::scheduled_job::crcssvtvho)
2025-02-04 19:04:01,153 Result is kept for 600 seconds
2025-02-04 19:04:01,163 workspace-frappe-bench:default: frappe.utils.background_jobs.execute_job(event=None, is_async=True, job_name='frappe.core.doctype.scheduled_job_type.scheduled_job_type.run_scheduled_jo..., kwargs={'job_type': 'frappe.core.doctype.prepared_report.prepared_report.expire_st..., method='frappe.core.doctype.scheduled_job_type.scheduled_job_type.run_scheduled_jo..., site='dev.localhost', user='Administrator') (dev.localhost::scheduled_job::crcbsktsil)
2025-02-04 19:04:01,524 workspace-frappe-bench:default: Job OK (dev.localhost::scheduled_job::crcbsktsil)
2025-02-04 19:04:01,524 Result is kept for 600 seconds
2025-02-04 19:04:01,530 workspace-frappe-bench:default: frappe.utils.background_jobs.execute_job(event=None, is_async=True, job_name='frappe.core.doctype.scheduled_job_type.scheduled_job_type.run_scheduled_jo..., kwargs={'job_type': 'frappe.twofactor.delete_all_barcodes_for_users', 'scheduled_j..., method='frappe.core.doctype.scheduled_job_type.scheduled_job_type.run_scheduled_jo..., site='dev.localhost', user='Administrator') (dev.localhost::scheduled_job::crc77skg1t)
2025-02-04 19:04:01,751 workspace-frappe-bench:default: Job OK (dev.localhost::scheduled_job::crc77skg1t)
2025-02-04 19:04:01,752 Result is kept for 600 seconds
2025-02-04 19:04:01,758 workspace-frappe-bench:default: frappe.utils.background_jobs.execute_job(event=None, is_async=True, job_name='frappe.core.doctype.scheduled_job_type.scheduled_job_type.run_scheduled_jo..., kwargs={'job_type': 'frappe.email.doctype.email_account.email_account.pull', 'sche..., method='frappe.core.doctype.scheduled_job_type.scheduled_job_type.run_scheduled_jo..., site='dev.localhost', user='Administrator') (dev.localhost::scheduled_job::crcbt5i0u7)
2025-02-04 19:04:02,007 workspace-frappe-bench:default: Job OK (dev.localhost::scheduled_job::crcbt5i0u7)
2025-02-04 19:04:02,008 Result is kept for 600 seconds
2025-02-04 19:04:02,014 workspace-frappe-bench:default: frappe.utils.background_jobs.execute_job(event=None, is_async=True, job_name='frappe.core.doctype.scheduled_job_type.scheduled_job_type.run_scheduled_jo..., kwargs={'job_type': 'frappe.website.doctype.web_page.web_page.check_publish_status..., method='frappe.core.doctype.scheduled_job_type.scheduled_job_type.run_scheduled_jo..., site='dev.localhost', user='Administrator') (dev.localhost::scheduled_job::crcid18n4v)
2025-02-04 19:04:02,326 workspace-frappe-bench:default: Job OK (dev.localhost::scheduled_job::crcid18n4v)
2025-02-04 19:04:02,326 Result is kept for 600 seconds
2025-02-04 19:04:02,333 workspace-frappe-bench:default: frappe.utils.background_jobs.execute_job(event=None, is_async=True, job_name='frappe.core.doctype.scheduled_job_type.scheduled_job_type.run_scheduled_jo..., kwargs={'job_type': 'frappe.automation.doctype.reminder.reminder.send_reminders', ..., method='frappe.core.doctype.scheduled_job_type.scheduled_job_type.run_scheduled_jo..., site='dev.localhost', user='Administrator') (dev.localhost::scheduled_job::crca9o91vm)
2025-02-04 19:04:02,645 workspace-frappe-bench:default: Job OK (dev.localhost::scheduled_job::crca9o91vm)
2025-02-04 19:04:02,645 Result is kept for 600 seconds
2025-02-04 19:04:02,650 workspace-frappe-bench:default: frappe.utils.background_jobs.execute_job(event=None, is_async=True, job_name='frappe.core.doctype.scheduled_job_type.scheduled_job_type.run_scheduled_jo..., kwargs={'job_type': 'frappe.oauth.delete_oauth2_data', 'scheduled_job_type': 'crc6..., method='frappe.core.doctype.scheduled_job_type.scheduled_job_type.run_scheduled_jo..., site='dev.localhost', user='Administrator') (dev.localhost::scheduled_job::crc6ddq9sv)
2025-02-04 19:04:02,886 workspace-frappe-bench:default: Job OK (dev.localhost::scheduled_job::crc6ddq9sv)
2025-02-04 19:04:02,886 Result is kept for 600 seconds
2025-02-04 19:04:02,892 workspace-frappe-bench:default: frappe.utils.background_jobs.execute_job(event=None, is_async=True, job_name='frappe.core.doctype.scheduled_job_type.scheduled_job_type.run_scheduled_jo..., kwargs={'job_type': 'frappe.email.queue.flush', 'scheduled_job_type': 'crcev9e846'..., method='frappe.core.doctype.scheduled_job_type.scheduled_job_type.run_scheduled_jo..., site='dev.localhost', user='Administrator') (dev.localhost::scheduled_job::crcev9e846)
2025-02-04 19:04:03,176 workspace-frappe-bench:default: Job OK (dev.localhost::scheduled_job::crcev9e846)
2025-02-04 19:04:03,176 Result is kept for 600 seconds
2025-02-04 19:04:03,184 workspace-frappe-bench:default: frappe.utils.background_jobs.execute_job(event=None, is_async=True, job_name='frappe.core.doctype.scheduled_job_type.scheduled_job_type.run_scheduled_jo..., kwargs={'job_type': 'erpnext.utilities.doctype.video.video.update_youtube_data', '..., method='frappe.core.doctype.scheduled_job_type.scheduled_job_type.run_scheduled_jo..., site='dev.localhost', user='Administrator') (dev.localhost::scheduled_job::gel4t0fvfm)
2025-02-04 19:04:03,869 workspace-frappe-bench:default: Job OK (dev.localhost::scheduled_job::gel4t0fvfm)
2025-02-04 19:04:03,869 Result is kept for 600 seconds
2025-02-04 19:04:03,876 workspace-frappe-bench:default: frappe.utils.background_jobs.execute_job(event=None, is_async=True, job_name='frappe.core.doctype.scheduled_job_type.scheduled_job_type.run_scheduled_jo..., kwargs={'job_type': 'erpnext.accounts.doctype.gl_entry.gl_entry.rename_gle_sle_doc..., method='frappe.core.doctype.scheduled_job_type.scheduled_job_type.run_scheduled_jo..., site='dev.localhost', user='Administrator') (dev.localhost::scheduled_job::gels0q3in2)
2025-02-04 19:04:04,303 workspace-frappe-bench:default: Job OK (dev.localhost::scheduled_job::gels0q3in2)
2025-02-04 19:04:04,304 Result is kept for 600 seconds
2025-02-04 19:04:04,310 workspace-frappe-bench:default: frappe.utils.background_jobs.execute_job(event=None, is_async=True, job_name='frappe.core.doctype.scheduled_job_type.scheduled_job_type.run_scheduled_jo..., kwargs={'job_type': 'frappe.utils.global_search.sync_global_search', 'scheduled_jo..., method='frappe.core.doctype.scheduled_job_type.scheduled_job_type.run_scheduled_jo..., site='dev.localhost', user='Administrator') (dev.localhost::scheduled_job::crclbp1n4t)
2025-02-04 19:04:04,781 workspace-frappe-bench:default: Job OK (dev.localhost::scheduled_job::crclbp1n4t)
2025-02-04 19:04:04,781 Result is kept for 600 seconds
2025-02-04 19:04:04,791 workspace-frappe-bench:default: frappe.utils.background_jobs.execute_job(event=None, is_async=True, job_name='frappe.core.doctype.scheduled_job_type.scheduled_job_type.run_scheduled_jo..., kwargs={'job_type': 'erpnext.manufacturing.doctype.bom_update_log.bom_update_log.r..., method='frappe.core.doctype.scheduled_job_type.scheduled_job_type.run_scheduled_jo..., site='dev.localhost', user='Administrator') (dev.localhost::scheduled_job::gel41618ib)
2025-02-04 19:04:05,068 workspace-frappe-bench:default: Job OK (dev.localhost::scheduled_job::gel41618ib)
2025-02-04 19:04:05,068 Result is kept for 600 seconds
2025-02-04 19:04:05,074 workspace-frappe-bench:default: frappe.utils.background_jobs.execute_job(event=None, is_async=True, job_name='frappe.core.doctype.scheduled_job_type.scheduled_job_type.run_scheduled_jo..., kwargs={'job_type': 'frappe.email.doctype.email_account.email_account.notify_unrep..., method='frappe.core.doctype.scheduled_job_type.scheduled_job_type.run_scheduled_jo..., site='dev.localhost', user='Administrator') (dev.localhost::scheduled_job::crc7ef2ahe)
2025-02-04 19:04:05,300 workspace-frappe-bench:default: Job OK (dev.localhost::scheduled_job::crc7ef2ahe)
2025-02-04 19:04:05,300 Result is kept for 600 seconds
2025-02-04 19:04:21,153 workspace-frappe-bench:default: frappe.utils.background_jobs.execute_job(event=None, is_async=True, job_name='frappe.core.doctype.user.user.create_contact', kwargs={'user': <User: doctype=User hr@onedata.com>, 'ignore_mandatory': True}, method='frappe.core.doctype.user.user.create_contact', site='dev.localhost', user='Administrator') (dev.localhost::80869e64-cf40-4503-9f89-4ea8d87a477b)
2025-02-04 19:04:21,889 workspace-frappe-bench:default: Job OK (dev.localhost::80869e64-cf40-4503-9f89-4ea8d87a477b)
2025-02-04 19:04:21,889 Result is kept for 600 seconds
2025-02-04 19:04:21,897 workspace-frappe-bench:default: frappe.utils.background_jobs.execute_job(event=None, is_async=True, job_name='frappe.core.doctype.user.user.update_gravatar', kwargs={'name': 'hr@onedata.com'}, method='frappe.core.doctype.user.user.update_gravatar', site='dev.localhost', user='Administrator') (dev.localhost::31850d6b-4886-4f7c-bb58-88c42726f8a0)
2025-02-04 19:04:22,063 workspace-frappe-bench:default: Job OK (dev.localhost::31850d6b-4886-4f7c-bb58-88c42726f8a0)
2025-02-04 19:04:22,064 Result is kept for 600 seconds
2025-02-04 19:07:19,854 workspace-frappe-bench:default: frappe.utils.background_jobs.execute_job(event=None, is_async=True, job_name='frappe.core.doctype.user.user.create_contact', kwargs={'user': <User: doctype=User hr@onedata.com>, 'ignore_mandatory': True}, method='frappe.core.doctype.user.user.create_contact', site='dev.localhost', user='Administrator') (dev.localhost::7ccc970d-1cb9-4ea8-8541-55d125c5db5d)
2025-02-04 19:07:20,526 workspace-frappe-bench:default: Job OK (dev.localhost::7ccc970d-1cb9-4ea8-8541-55d125c5db5d)
2025-02-04 19:07:20,527 Result is kept for 600 seconds
2025-02-04 19:07:20,537 workspace-frappe-bench:default: frappe.utils.background_jobs.execute_job(event=None, is_async=True, job_name='frappe.core.doctype.user.user.update_gravatar', kwargs={'name': 'hr@onedata.com'}, method='frappe.core.doctype.user.user.update_gravatar', site='dev.localhost', user='Administrator') (dev.localhost::f45fc0f2-3fbf-4c66-a384-2038b71e8261)
2025-02-04 19:07:20,764 workspace-frappe-bench:default: Job OK (dev.localhost::f45fc0f2-3fbf-4c66-a384-2038b71e8261)
2025-02-04 19:07:20,764 Result is kept for 600 seconds
2025-02-04 19:08:00,593 workspace-frappe-bench:default: frappe.utils.background_jobs.execute_job(event=None, is_async=True, job_name='frappe.core.doctype.scheduled_job_type.scheduled_job_type.run_scheduled_jo..., kwargs={'job_type': 'frappe.email.queue.flush', 'scheduled_job_type': 'crcev9e846'..., method='frappe.core.doctype.scheduled_job_type.scheduled_job_type.run_scheduled_jo..., site='dev.localhost', user='Administrator') (dev.localhost::scheduled_job::crcev9e846)
2025-02-04 19:08:01,121 workspace-frappe-bench:default: Job OK (dev.localhost::scheduled_job::crcev9e846)
2025-02-04 19:08:01,121 Result is kept for 600 seconds
2025-02-04 19:08:01,130 workspace-frappe-bench:default: frappe.utils.background_jobs.execute_job(event=None, is_async=True, job_name='frappe.core.doctype.scheduled_job_type.scheduled_job_type.run_scheduled_jo..., kwargs={'job_type': 'frappe.monitor.flush', 'scheduled_job_type': 'crcssvtvho'}, method='frappe.core.doctype.scheduled_job_type.scheduled_job_type.run_scheduled_jo..., site='dev.localhost', user='Administrator') (dev.localhost::scheduled_job::crcssvtvho)
2025-02-04 19:08:01,346 workspace-frappe-bench:default: Job OK (dev.localhost::scheduled_job::crcssvtvho)
2025-02-04 19:08:01,347 Result is kept for 600 seconds
2025-02-04 19:08:01,353 workspace-frappe-bench:default: frappe.utils.background_jobs.execute_job(event=None, is_async=True, job_name='frappe.core.doctype.scheduled_job_type.scheduled_job_type.run_scheduled_jo..., kwargs={'job_type': 'frappe.email.doctype.notification.notification.trigger_offset..., method='frappe.core.doctype.scheduled_job_type.scheduled_job_type.run_scheduled_jo..., site='dev.localhost', user='Administrator') (dev.localhost::scheduled_job::crb5lu1h6e)
2025-02-04 19:08:01,586 workspace-frappe-bench:default: Job OK (dev.localhost::scheduled_job::crb5lu1h6e)
2025-02-04 19:08:01,586 Result is kept for 600 seconds
2025-02-04 19:10:03,743 workspace-frappe-bench:default: frappe.utils.background_jobs.execute_job(event=None, is_async=True, job_name='frappe.core.doctype.user.user.create_contact', kwargs={'user': <User: doctype=User hr@onedata.com>, 'ignore_mandatory': True}, method='frappe.core.doctype.user.user.create_contact', site='dev.localhost', user='Administrator') (dev.localhost::4cd69fde-93cd-4ead-9673-bc760fd7ccea)
2025-02-04 19:10:04,259 workspace-frappe-bench:default: Job OK (dev.localhost::4cd69fde-93cd-4ead-9673-bc760fd7ccea)
2025-02-04 19:10:04,259 Result is kept for 600 seconds
2025-02-04 19:10:04,270 Cleaning registries for queue: workspace-frappe-bench:short
2025-02-04 19:10:04,272 Cleaning registries for queue: workspace-frappe-bench:default
2025-02-04 19:10:04,273 Cleaning registries for queue: workspace-frappe-bench:long
2025-02-04 19:10:04,276 workspace-frappe-bench:default: frappe.utils.background_jobs.execute_job(event=None, is_async=True, job_name='frappe.core.doctype.user.user.update_gravatar', kwargs={'name': 'hr@onedata.com'}, method='frappe.core.doctype.user.user.update_gravatar', site='dev.localhost', user='Administrator') (dev.localhost::9a9fbd29-7e2f-4841-9dfc-f4e823118a13)
2025-02-04 19:10:04,470 workspace-frappe-bench:default: Job OK (dev.localhost::9a9fbd29-7e2f-4841-9dfc-f4e823118a13)
2025-02-04 19:10:04,470 Result is kept for 600 seconds
2025-02-04 19:10:55,700 workspace-frappe-bench:default: frappe.utils.background_jobs.execute_job(event=None, is_async=True, job_name='frappe.core.doctype.user.user.create_contact', kwargs={'user': <User: doctype=User hr@onedata.com>, 'ignore_mandatory': True}, method='frappe.core.doctype.user.user.create_contact', site='dev.localhost', user='Administrator') (dev.localhost::78f644c7-7141-4881-9cef-7156bbd4036d)
2025-02-04 19:10:56,130 workspace-frappe-bench:default: Job OK (dev.localhost::78f644c7-7141-4881-9cef-7156bbd4036d)
2025-02-04 19:10:56,130 Result is kept for 600 seconds
2025-02-04 19:10:56,138 workspace-frappe-bench:default: frappe.utils.background_jobs.execute_job(event=None, is_async=True, job_name='frappe.core.doctype.user.user.update_gravatar', kwargs={'name': 'hr@onedata.com'}, method='frappe.core.doctype.user.user.update_gravatar', site='dev.localhost', user='Administrator') (dev.localhost::43ef54b7-6742-4ca8-9655-913e7d76aa5f)
2025-02-04 19:10:56,355 workspace-frappe-bench:default: Job OK (dev.localhost::43ef54b7-6742-4ca8-9655-913e7d76aa5f)
2025-02-04 19:10:56,355 Result is kept for 600 seconds
2025-02-04 19:12:00,949 workspace-frappe-bench:default: frappe.utils.background_jobs.execute_job(event=None, is_async=True, job_name='frappe.core.doctype.scheduled_job_type.scheduled_job_type.run_scheduled_jo..., kwargs={'job_type': 'frappe.email.queue.flush', 'scheduled_job_type': 'crcev9e846'..., method='frappe.core.doctype.scheduled_job_type.scheduled_job_type.run_scheduled_jo..., site='dev.localhost', user='Administrator') (dev.localhost::scheduled_job::crcev9e846)
2025-02-04 19:12:01,316 workspace-frappe-bench:default: Job OK (dev.localhost::scheduled_job::crcev9e846)
2025-02-04 19:12:01,316 Result is kept for 600 seconds
2025-02-04 19:12:01,323 workspace-frappe-bench:default: frappe.utils.background_jobs.execute_job(event=None, is_async=True, job_name='frappe.core.doctype.scheduled_job_type.scheduled_job_type.run_scheduled_jo..., kwargs={'job_type': 'frappe.monitor.flush', 'scheduled_job_type': 'crcssvtvho'}, method='frappe.core.doctype.scheduled_job_type.scheduled_job_type.run_scheduled_jo..., site='dev.localhost', user='Administrator') (dev.localhost::scheduled_job::crcssvtvho)
2025-02-04 19:12:01,541 workspace-frappe-bench:default: Job OK (dev.localhost::scheduled_job::crcssvtvho)
2025-02-04 19:12:01,541 Result is kept for 600 seconds
2025-02-04 19:12:01,549 workspace-frappe-bench:default: frappe.utils.background_jobs.execute_job(event=None, is_async=True, job_name='frappe.core.doctype.scheduled_job_type.scheduled_job_type.run_scheduled_jo..., kwargs={'job_type': 'frappe.email.doctype.notification.notification.trigger_offset..., method='frappe.core.doctype.scheduled_job_type.scheduled_job_type.run_scheduled_jo..., site='dev.localhost', user='Administrator') (dev.localhost::scheduled_job::crb5lu1h6e)
2025-02-04 19:12:01,880 workspace-frappe-bench:default: Job OK (dev.localhost::scheduled_job::crb5lu1h6e)
2025-02-04 19:12:01,880 Result is kept for 600 seconds
2025-02-04 19:12:01,886 workspace-frappe-bench:default: frappe.utils.background_jobs.execute_job(event=None, is_async=True, job_name='frappe.core.doctype.scheduled_job_type.scheduled_job_type.run_scheduled_jo..., kwargs={'job_type': 'frappe.email.doctype.email_account.email_account.pull', 'sche..., method='frappe.core.doctype.scheduled_job_type.scheduled_job_type.run_scheduled_jo..., site='dev.localhost', user='Administrator') (dev.localhost::scheduled_job::crcbt5i0u7)
2025-02-04 19:12:02,121 workspace-frappe-bench:default: Job OK (dev.localhost::scheduled_job::crcbt5i0u7)
2025-02-04 19:12:02,122 Result is kept for 600 seconds
2025-02-04 19:16:00,185 workspace-frappe-bench:default: frappe.utils.background_jobs.execute_job(event=None, is_async=True, job_name='frappe.core.doctype.scheduled_job_type.scheduled_job_type.run_scheduled_jo..., kwargs={'job_type': 'frappe.email.doctype.notification.notification.trigger_offset..., method='frappe.core.doctype.scheduled_job_type.scheduled_job_type.run_scheduled_jo..., site='dev.localhost', user='Administrator') (dev.localhost::scheduled_job::crb5lu1h6e)
2025-02-04 19:16:00,541 workspace-frappe-bench:default: Job OK (dev.localhost::scheduled_job::crb5lu1h6e)
2025-02-04 19:16:00,541 Result is kept for 600 seconds
2025-02-04 19:16:00,550 workspace-frappe-bench:default: frappe.utils.background_jobs.execute_job(event=None, is_async=True, job_name='frappe.core.doctype.scheduled_job_type.scheduled_job_type.run_scheduled_jo..., kwargs={'job_type': 'frappe.core.doctype.log_settings.log_settings.run_log_clean_u..., method='frappe.core.doctype.scheduled_job_type.scheduled_job_type.run_scheduled_jo..., site='dev.localhost', user='Administrator') (dev.localhost::scheduled_job::crcljho2fo)
2025-02-04 19:16:01,227 workspace-frappe-bench:default: Job OK (dev.localhost::scheduled_job::crcljho2fo)
2025-02-04 19:16:01,227 Result is kept for 600 seconds
2025-02-04 19:16:01,234 workspace-frappe-bench:default: frappe.utils.background_jobs.execute_job(event=None, is_async=True, job_name='frappe.core.doctype.scheduled_job_type.scheduled_job_type.run_scheduled_jo..., kwargs={'job_type': 'frappe.twofactor.delete_all_barcodes_for_users', 'scheduled_j..., method='frappe.core.doctype.scheduled_job_type.scheduled_job_type.run_scheduled_jo..., site='dev.localhost', user='Administrator') (dev.localhost::scheduled_job::crc77skg1t)
2025-02-04 19:16:01,457 workspace-frappe-bench:default: Job OK (dev.localhost::scheduled_job::crc77skg1t)
2025-02-04 19:16:01,458 Result is kept for 600 seconds
2025-02-04 19:16:01,464 workspace-frappe-bench:default: frappe.utils.background_jobs.execute_job(event=None, is_async=True, job_name='frappe.core.doctype.scheduled_job_type.scheduled_job_type.run_scheduled_jo..., kwargs={'job_type': 'frappe.email.doctype.email_account.email_account.notify_unrep..., method='frappe.core.doctype.scheduled_job_type.scheduled_job_type.run_scheduled_jo..., site='dev.localhost', user='Administrator') (dev.localhost::scheduled_job::crc7ef2ahe)
2025-02-04 19:16:01,737 workspace-frappe-bench:default: Job OK (dev.localhost::scheduled_job::crc7ef2ahe)
2025-02-04 19:16:01,737 Result is kept for 600 seconds
2025-02-04 19:16:01,744 workspace-frappe-bench:default: frappe.utils.background_jobs.execute_job(event=None, is_async=True, job_name='frappe.core.doctype.scheduled_job_type.scheduled_job_type.run_scheduled_jo..., kwargs={'job_type': 'erpnext.manufacturing.doctype.bom_update_log.bom_update_log.r..., method='frappe.core.doctype.scheduled_job_type.scheduled_job_type.run_scheduled_jo..., site='dev.localhost', user='Administrator') (dev.localhost::scheduled_job::gel41618ib)
2025-02-04 19:16:02,042 workspace-frappe-bench:default: Job OK (dev.localhost::scheduled_job::gel41618ib)
2025-02-04 19:16:02,043 Result is kept for 600 seconds
2025-02-04 19:16:02,051 workspace-frappe-bench:default: frappe.utils.background_jobs.execute_job(event=None, is_async=True, job_name='frappe.core.doctype.scheduled_job_type.scheduled_job_type.run_scheduled_jo..., kwargs={'job_type': 'frappe.utils.global_search.sync_global_search', 'scheduled_jo..., method='frappe.core.doctype.scheduled_job_type.scheduled_job_type.run_scheduled_jo..., site='dev.localhost', user='Administrator') (dev.localhost::scheduled_job::crclbp1n4t)
2025-02-04 19:16:02,350 workspace-frappe-bench:default: Job OK (dev.localhost::scheduled_job::crclbp1n4t)
2025-02-04 19:16:02,351 Result is kept for 600 seconds
2025-02-04 19:16:02,358 workspace-frappe-bench:default: frappe.utils.background_jobs.execute_job(event=None, is_async=True, job_name='frappe.core.doctype.scheduled_job_type.scheduled_job_type.run_scheduled_jo..., kwargs={'job_type': 'frappe.monitor.flush', 'scheduled_job_type': 'crcssvtvho'}, method='frappe.core.doctype.scheduled_job_type.scheduled_job_type.run_scheduled_jo..., site='dev.localhost', user='Administrator') (dev.localhost::scheduled_job::crcssvtvho)
2025-02-04 19:16:02,604 workspace-frappe-bench:default: Job OK (dev.localhost::scheduled_job::crcssvtvho)
2025-02-04 19:16:02,604 Result is kept for 600 seconds
2025-02-04 19:16:02,611 workspace-frappe-bench:default: frappe.utils.background_jobs.execute_job(event=None, is_async=True, job_name='frappe.core.doctype.scheduled_job_type.scheduled_job_type.run_scheduled_jo..., kwargs={'job_type': 'frappe.email.queue.flush', 'scheduled_job_type': 'crcev9e846'..., method='frappe.core.doctype.scheduled_job_type.scheduled_job_type.run_scheduled_jo..., site='dev.localhost', user='Administrator') (dev.localhost::scheduled_job::crcev9e846)
2025-02-04 19:16:02,899 workspace-frappe-bench:default: Job OK (dev.localhost::scheduled_job::crcev9e846)
2025-02-04 19:16:02,899 Result is kept for 600 seconds
2025-02-04 19:16:02,907 workspace-frappe-bench:default: frappe.utils.background_jobs.execute_job(event=None, is_async=True, job_name='frappe.core.doctype.scheduled_job_type.scheduled_job_type.run_scheduled_jo..., kwargs={'job_type': 'frappe.deferred_insert.save_to_db', 'scheduled_job_type': 'cr..., method='frappe.core.doctype.scheduled_job_type.scheduled_job_type.run_scheduled_jo..., site='dev.localhost', user='Administrator') (dev.localhost::scheduled_job::crc4831grb)
2025-02-04 19:16:03,287 workspace-frappe-bench:default: Job OK (dev.localhost::scheduled_job::crc4831grb)
2025-02-04 19:16:03,287 Result is kept for 600 seconds
2025-02-04 19:16:03,296 workspace-frappe-bench:default: frappe.utils.background_jobs.execute_job(event=None, is_async=True, job_name='frappe.core.doctype.scheduled_job_type.scheduled_job_type.run_scheduled_jo..., kwargs={'job_type': 'frappe.oauth.delete_oauth2_data', 'scheduled_job_type': 'crc6..., method='frappe.core.doctype.scheduled_job_type.scheduled_job_type.run_scheduled_jo..., site='dev.localhost', user='Administrator') (dev.localhost::scheduled_job::crc6ddq9sv)
2025-02-04 19:16:03,850 workspace-frappe-bench:default: Job OK (dev.localhost::scheduled_job::crc6ddq9sv)
2025-02-04 19:16:03,850 Result is kept for 600 seconds
2025-02-04 19:16:03,858 workspace-frappe-bench:default: frappe.utils.background_jobs.execute_job(event=None, is_async=True, job_name='frappe.core.doctype.scheduled_job_type.scheduled_job_type.run_scheduled_jo..., kwargs={'job_type': 'erpnext.stock.reorder_item.reorder_item', 'scheduled_job_type..., method='frappe.core.doctype.scheduled_job_type.scheduled_job_type.run_scheduled_jo..., site='dev.localhost', user='Administrator') (dev.localhost::scheduled_job::geln3cq80q)
2025-02-04 19:16:04,145 workspace-frappe-bench:default: Job OK (dev.localhost::scheduled_job::geln3cq80q)
2025-02-04 19:16:04,146 Result is kept for 600 seconds
2025-02-04 19:16:04,152 workspace-frappe-bench:default: frappe.utils.background_jobs.execute_job(event=None, is_async=True, job_name='frappe.core.doctype.scheduled_job_type.scheduled_job_type.run_scheduled_jo..., kwargs={'job_type': 'frappe.website.doctype.web_page.web_page.check_publish_status..., method='frappe.core.doctype.scheduled_job_type.scheduled_job_type.run_scheduled_jo..., site='dev.localhost', user='Administrator') (dev.localhost::scheduled_job::crcid18n4v)
2025-02-04 19:16:04,485 workspace-frappe-bench:default: Job OK (dev.localhost::scheduled_job::crcid18n4v)
2025-02-04 19:16:04,485 Result is kept for 600 seconds
2025-02-04 19:16:04,496 workspace-frappe-bench:default: frappe.utils.background_jobs.execute_job(event=None, is_async=True, job_name='frappe.core.doctype.scheduled_job_type.scheduled_job_type.run_scheduled_jo..., kwargs={'job_type': 'frappe.automation.doctype.reminder.reminder.send_reminders', ..., method='frappe.core.doctype.scheduled_job_type.scheduled_job_type.run_scheduled_jo..., site='dev.localhost', user='Administrator') (dev.localhost::scheduled_job::crca9o91vm)
2025-02-04 19:16:04,838 workspace-frappe-bench:default: Job OK (dev.localhost::scheduled_job::crca9o91vm)
2025-02-04 19:16:04,838 Result is kept for 600 seconds
2025-02-04 19:20:00,409 workspace-frappe-bench:default: frappe.utils.background_jobs.execute_job(event=None, is_async=True, job_name='frappe.core.doctype.scheduled_job_type.scheduled_job_type.run_scheduled_jo..., kwargs={'job_type': 'frappe.email.doctype.email_account.email_account.pull', 'sche..., method='frappe.core.doctype.scheduled_job_type.scheduled_job_type.run_scheduled_jo..., site='dev.localhost', user='Administrator') (dev.localhost::scheduled_job::crcbt5i0u7)
2025-02-04 19:20:00,747 workspace-frappe-bench:default: Job OK (dev.localhost::scheduled_job::crcbt5i0u7)
2025-02-04 19:20:00,747 Result is kept for 600 seconds
2025-02-04 19:20:00,754 workspace-frappe-bench:default: frappe.utils.background_jobs.execute_job(event=None, is_async=True, job_name='frappe.core.doctype.scheduled_job_type.scheduled_job_type.run_scheduled_jo..., kwargs={'job_type': 'frappe.email.queue.flush', 'scheduled_job_type': 'crcev9e846'..., method='frappe.core.doctype.scheduled_job_type.scheduled_job_type.run_scheduled_jo..., site='dev.localhost', user='Administrator') (dev.localhost::scheduled_job::crcev9e846)
2025-02-04 19:20:01,091 workspace-frappe-bench:default: Job OK (dev.localhost::scheduled_job::crcev9e846)
2025-02-04 19:20:01,092 Result is kept for 600 seconds
2025-02-04 19:20:01,102 workspace-frappe-bench:default: frappe.utils.background_jobs.execute_job(event=None, is_async=True, job_name='frappe.core.doctype.scheduled_job_type.scheduled_job_type.run_scheduled_jo..., kwargs={'job_type': 'frappe.email.doctype.notification.notification.trigger_offset..., method='frappe.core.doctype.scheduled_job_type.scheduled_job_type.run_scheduled_jo..., site='dev.localhost', user='Administrator') (dev.localhost::scheduled_job::crb5lu1h6e)
2025-02-04 19:20:01,354 workspace-frappe-bench:default: Job OK (dev.localhost::scheduled_job::crb5lu1h6e)
2025-02-04 19:20:01,354 Result is kept for 600 seconds
2025-02-04 19:20:01,360 workspace-frappe-bench:default: frappe.utils.background_jobs.execute_job(event=None, is_async=True, job_name='frappe.core.doctype.scheduled_job_type.scheduled_job_type.run_scheduled_jo..., kwargs={'job_type': 'frappe.monitor.flush', 'scheduled_job_type': 'crcssvtvho'}, method='frappe.core.doctype.scheduled_job_type.scheduled_job_type.run_scheduled_jo..., site='dev.localhost', user='Administrator') (dev.localhost::scheduled_job::crcssvtvho)
2025-02-04 19:20:01,570 workspace-frappe-bench:default: Job OK (dev.localhost::scheduled_job::crcssvtvho)
2025-02-04 19:20:01,570 Result is kept for 600 seconds
2025-02-04 19:24:00,687 workspace-frappe-bench:default: frappe.utils.background_jobs.execute_job(event=None, is_async=True, job_name='frappe.core.doctype.scheduled_job_type.scheduled_job_type.run_scheduled_jo..., kwargs={'job_type': 'frappe.monitor.flush', 'scheduled_job_type': 'crcssvtvho'}, method='frappe.core.doctype.scheduled_job_type.scheduled_job_type.run_scheduled_jo..., site='dev.localhost', user='Administrator') (dev.localhost::scheduled_job::crcssvtvho)
2025-02-04 19:24:00,952 workspace-frappe-bench:default: Job OK (dev.localhost::scheduled_job::crcssvtvho)
2025-02-04 19:24:00,952 Result is kept for 600 seconds
2025-02-04 19:24:00,957 Cleaning registries for queue: workspace-frappe-bench:short
2025-02-04 19:24:00,959 Cleaning registries for queue: workspace-frappe-bench:default
2025-02-04 19:24:00,960 Cleaning registries for queue: workspace-frappe-bench:long
2025-02-04 19:24:00,962 workspace-frappe-bench:default: frappe.utils.background_jobs.execute_job(event=None, is_async=True, job_name='frappe.core.doctype.scheduled_job_type.scheduled_job_type.run_scheduled_jo..., kwargs={'job_type': 'frappe.email.queue.flush', 'scheduled_job_type': 'crcev9e846'..., method='frappe.core.doctype.scheduled_job_type.scheduled_job_type.run_scheduled_jo..., site='dev.localhost', user='Administrator') (dev.localhost::scheduled_job::crcev9e846)
2025-02-04 19:24:01,315 workspace-frappe-bench:default: Job OK (dev.localhost::scheduled_job::crcev9e846)
2025-02-04 19:24:01,315 Result is kept for 600 seconds
2025-02-04 19:28:00,849 workspace-frappe-bench:default: frappe.utils.background_jobs.execute_job(event=None, is_async=True, job_name='frappe.core.doctype.scheduled_job_type.scheduled_job_type.run_scheduled_jo..., kwargs={'job_type': 'frappe.monitor.flush', 'scheduled_job_type': 'crcssvtvho'}, method='frappe.core.doctype.scheduled_job_type.scheduled_job_type.run_scheduled_jo..., site='dev.localhost', user='Administrator') (dev.localhost::scheduled_job::crcssvtvho)
2025-02-04 19:28:01,281 workspace-frappe-bench:default: Job OK (dev.localhost::scheduled_job::crcssvtvho)
2025-02-04 19:28:01,281 Result is kept for 600 seconds
2025-02-04 19:28:01,288 workspace-frappe-bench:default: frappe.utils.background_jobs.execute_job(event=None, is_async=True, job_name='frappe.core.doctype.scheduled_job_type.scheduled_job_type.run_scheduled_jo..., kwargs={'job_type': 'frappe.email.doctype.notification.notification.trigger_offset..., method='frappe.core.doctype.scheduled_job_type.scheduled_job_type.run_scheduled_jo..., site='dev.localhost', user='Administrator') (dev.localhost::scheduled_job::crb5lu1h6e)
2025-02-04 19:28:01,508 workspace-frappe-bench:default: Job OK (dev.localhost::scheduled_job::crb5lu1h6e)
2025-02-04 19:28:01,508 Result is kept for 600 seconds
2025-02-04 19:28:01,515 workspace-frappe-bench:default: frappe.utils.background_jobs.execute_job(event=None, is_async=True, job_name='frappe.core.doctype.scheduled_job_type.scheduled_job_type.run_scheduled_jo..., kwargs={'job_type': 'frappe.email.queue.flush', 'scheduled_job_type': 'crcev9e846'..., method='frappe.core.doctype.scheduled_job_type.scheduled_job_type.run_scheduled_jo..., site='dev.localhost', user='Administrator') (dev.localhost::scheduled_job::crcev9e846)
2025-02-04 19:28:01,873 workspace-frappe-bench:default: Job OK (dev.localhost::scheduled_job::crcev9e846)
2025-02-04 19:28:01,874 Result is kept for 600 seconds
2025-02-04 19:32:00,059 workspace-frappe-bench:default: frappe.utils.background_jobs.execute_job(event=None, is_async=True, job_name='frappe.core.doctype.scheduled_job_type.scheduled_job_type.run_scheduled_jo..., kwargs={'job_type': 'frappe.email.doctype.newsletter.newsletter.send_scheduled_ema..., method='frappe.core.doctype.scheduled_job_type.scheduled_job_type.run_scheduled_jo..., site='dev.localhost', user='Administrator') (dev.localhost::scheduled_job::crcr9d28il)
2025-02-04 19:32:00,502 workspace-frappe-bench:default: Job OK (dev.localhost::scheduled_job::crcr9d28il)
2025-02-04 19:32:00,503 Result is kept for 600 seconds
2025-02-04 19:32:00,510 workspace-frappe-bench:default: frappe.utils.background_jobs.execute_job(event=None, is_async=True, job_name='frappe.core.doctype.scheduled_job_type.scheduled_job_type.run_scheduled_jo..., kwargs={'job_type': 'frappe.desk.form.document_follow.send_hourly_updates', 'sched..., method='frappe.core.doctype.scheduled_job_type.scheduled_job_type.run_scheduled_jo..., site='dev.localhost', user='Administrator') (dev.localhost::scheduled_job::crcjri5f8f)
2025-02-04 19:32:00,882 workspace-frappe-bench:default: Job OK (dev.localhost::scheduled_job::crcjri5f8f)
2025-02-04 19:32:00,882 Result is kept for 600 seconds
2025-02-04 19:32:00,891 workspace-frappe-bench:default: frappe.utils.background_jobs.execute_job(event=None, is_async=True, job_name='frappe.core.doctype.scheduled_job_type.scheduled_job_type.run_scheduled_jo..., kwargs={'job_type': 'frappe.automation.doctype.reminder.reminder.send_reminders', ..., method='frappe.core.doctype.scheduled_job_type.scheduled_job_type.run_scheduled_jo..., site='dev.localhost', user='Administrator') (dev.localhost::scheduled_job::crca9o91vm)
2025-02-04 19:32:01,135 workspace-frappe-bench:default: Job OK (dev.localhost::scheduled_job::crca9o91vm)
2025-02-04 19:32:01,135 Result is kept for 600 seconds
2025-02-04 19:32:01,143 workspace-frappe-bench:default: frappe.utils.background_jobs.execute_job(event=None, is_async=True, job_name='frappe.core.doctype.scheduled_job_type.scheduled_job_type.run_scheduled_jo..., kwargs={'job_type': 'frappe.website.doctype.personal_data_deletion_request.persona..., method='frappe.core.doctype.scheduled_job_type.scheduled_job_type.run_scheduled_jo..., site='dev.localhost', user='Administrator') (dev.localhost::scheduled_job::crcs45o295)
2025-02-04 19:32:01,438 workspace-frappe-bench:default: Job OK (dev.localhost::scheduled_job::crcs45o295)
2025-02-04 19:32:01,439 Result is kept for 600 seconds
2025-02-04 19:32:01,445 workspace-frappe-bench:default: frappe.utils.background_jobs.execute_job(event=None, is_async=True, job_name='frappe.core.doctype.scheduled_job_type.scheduled_job_type.run_scheduled_jo..., kwargs={'job_type': 'erpnext.projects.doctype.project.project.project_status_updat..., method='frappe.core.doctype.scheduled_job_type.scheduled_job_type.run_scheduled_jo..., site='dev.localhost', user='Administrator') (dev.localhost::scheduled_job::gelb8u9i1q)
2025-02-04 19:32:01,715 workspace-frappe-bench:default: Job OK (dev.localhost::scheduled_job::gelb8u9i1q)
2025-02-04 19:32:01,715 Result is kept for 600 seconds
2025-02-04 19:32:01,721 workspace-frappe-bench:default: frappe.utils.background_jobs.execute_job(event=None, is_async=True, job_name='frappe.core.doctype.scheduled_job_type.scheduled_job_type.run_scheduled_jo..., kwargs={'job_type': 'erpnext.projects.doctype.project.project.collect_project_stat..., method='frappe.core.doctype.scheduled_job_type.scheduled_job_type.run_scheduled_jo..., site='dev.localhost', user='Administrator') (dev.localhost::scheduled_job::gel2utjjev)
2025-02-04 19:32:02,068 workspace-frappe-bench:default: Job OK (dev.localhost::scheduled_job::gel2utjjev)
2025-02-04 19:32:02,068 Result is kept for 600 seconds
2025-02-04 19:32:02,075 workspace-frappe-bench:default: frappe.utils.background_jobs.execute_job(event=None, is_async=True, job_name='frappe.core.doctype.scheduled_job_type.scheduled_job_type.run_scheduled_jo..., kwargs={'job_type': 'frappe.model.utils.link_count.update_link_count', 'scheduled_..., method='frappe.core.doctype.scheduled_job_type.scheduled_job_type.run_scheduled_jo..., site='dev.localhost', user='Administrator') (dev.localhost::scheduled_job::crcghe20a1)
2025-02-04 19:32:02,349 workspace-frappe-bench:default: Job OK (dev.localhost::scheduled_job::crcghe20a1)
2025-02-04 19:32:02,350 Result is kept for 600 seconds
2025-02-04 19:32:02,357 workspace-frappe-bench:default: frappe.utils.background_jobs.execute_job(event=None, is_async=True, job_name='frappe.core.doctype.scheduled_job_type.scheduled_job_type.run_scheduled_jo..., kwargs={'job_type': 'erpnext.projects.doctype.project.project.hourly_reminder', 's..., method='frappe.core.doctype.scheduled_job_type.scheduled_job_type.run_scheduled_jo..., site='dev.localhost', user='Administrator') (dev.localhost::scheduled_job::gel0a7icsn)
2025-02-04 19:32:02,673 workspace-frappe-bench:default: Job OK (dev.localhost::scheduled_job::gel0a7icsn)
2025-02-04 19:32:02,673 Result is kept for 600 seconds
2025-02-04 19:32:02,680 workspace-frappe-bench:default: frappe.utils.background_jobs.execute_job(event=None, is_async=True, job_name='frappe.core.doctype.scheduled_job_type.scheduled_job_type.run_scheduled_jo..., kwargs={'job_type': 'erpnext.utilities.doctype.video.video.update_youtube_data', '..., method='frappe.core.doctype.scheduled_job_type.scheduled_job_type.run_scheduled_jo..., site='dev.localhost', user='Administrator') (dev.localhost::scheduled_job::gel4t0fvfm)
2025-02-04 19:32:03,362 workspace-frappe-bench:default: Job OK (dev.localhost::scheduled_job::gel4t0fvfm)
2025-02-04 19:32:03,363 Result is kept for 600 seconds
2025-02-04 19:32:03,370 workspace-frappe-bench:default: frappe.utils.background_jobs.execute_job(event=None, is_async=True, job_name='frappe.core.doctype.scheduled_job_type.scheduled_job_type.run_scheduled_jo..., kwargs={'job_type': 'frappe.email.doctype.notification.notification.trigger_offset..., method='frappe.core.doctype.scheduled_job_type.scheduled_job_type.run_scheduled_jo..., site='dev.localhost', user='Administrator') (dev.localhost::scheduled_job::crb5lu1h6e)
2025-02-04 19:32:03,686 workspace-frappe-bench:default: Job OK (dev.localhost::scheduled_job::crb5lu1h6e)
2025-02-04 19:32:03,686 Result is kept for 600 seconds
2025-02-04 19:32:03,692 workspace-frappe-bench:default: frappe.utils.background_jobs.execute_job(event=None, is_async=True, job_name='frappe.core.doctype.scheduled_job_type.scheduled_job_type.run_scheduled_jo..., kwargs={'job_type': 'frappe.deferred_insert.save_to_db', 'scheduled_job_type': 'cr..., method='frappe.core.doctype.scheduled_job_type.scheduled_job_type.run_scheduled_jo..., site='dev.localhost', user='Administrator') (dev.localhost::scheduled_job::crc4831grb)
2025-02-04 19:32:04,003 workspace-frappe-bench:default: Job OK (dev.localhost::scheduled_job::crc4831grb)
2025-02-04 19:32:04,003 Result is kept for 600 seconds
2025-02-04 19:32:04,025 workspace-frappe-bench:default: frappe.utils.background_jobs.execute_job(event=None, is_async=True, job_name='frappe.core.doctype.scheduled_job_type.scheduled_job_type.run_scheduled_jo..., kwargs={'job_type': 'erpnext.erpnext_integrations.doctype.plaid_settings.plaid_set..., method='frappe.core.doctype.scheduled_job_type.scheduled_job_type.run_scheduled_jo..., site='dev.localhost', user='Administrator') (dev.localhost::scheduled_job::gel5rs596e)
2025-02-04 19:32:04,446 workspace-frappe-bench:default: Job OK (dev.localhost::scheduled_job::gel5rs596e)
2025-02-04 19:32:04,446 Result is kept for 600 seconds
2025-02-04 19:32:04,452 workspace-frappe-bench:default: frappe.utils.background_jobs.execute_job(event=None, is_async=True, job_name='frappe.core.doctype.scheduled_job_type.scheduled_job_type.run_scheduled_jo..., kwargs={'job_type': 'frappe.twofactor.delete_all_barcodes_for_users', 'scheduled_j..., method='frappe.core.doctype.scheduled_job_type.scheduled_job_type.run_scheduled_jo..., site='dev.localhost', user='Administrator') (dev.localhost::scheduled_job::crc77skg1t)
2025-02-04 19:32:04,759 workspace-frappe-bench:default: Job OK (dev.localhost::scheduled_job::crc77skg1t)
2025-02-04 19:32:04,759 Result is kept for 600 seconds
2025-02-04 19:32:04,765 workspace-frappe-bench:default: frappe.utils.background_jobs.execute_job(event=None, is_async=True, job_name='frappe.core.doctype.scheduled_job_type.scheduled_job_type.run_scheduled_jo..., kwargs={'job_type': 'frappe.desk.page.backups.backups.delete_downloadable_backups'..., method='frappe.core.doctype.scheduled_job_type.scheduled_job_type.run_scheduled_jo..., site='dev.localhost', user='Administrator') (dev.localhost::scheduled_job::crcku5gdms)
2025-02-04 19:32:05,005 workspace-frappe-bench:default: Job OK (dev.localhost::scheduled_job::crcku5gdms)
2025-02-04 19:32:05,005 Result is kept for 600 seconds
2025-02-04 19:32:05,011 workspace-frappe-bench:default: frappe.utils.background_jobs.execute_job(event=None, is_async=True, job_name='frappe.core.doctype.scheduled_job_type.scheduled_job_type.run_scheduled_jo..., kwargs={'job_type': 'frappe.monitor.flush', 'scheduled_job_type': 'crcssvtvho'}, method='frappe.core.doctype.scheduled_job_type.scheduled_job_type.run_scheduled_jo..., site='dev.localhost', user='Administrator') (dev.localhost::scheduled_job::crcssvtvho)
2025-02-04 19:32:05,220 workspace-frappe-bench:default: Job OK (dev.localhost::scheduled_job::crcssvtvho)
2025-02-04 19:32:05,220 Result is kept for 600 seconds
2025-02-04 19:32:05,226 workspace-frappe-bench:default: frappe.utils.background_jobs.execute_job(event=None, is_async=True, job_name='frappe.core.doctype.scheduled_job_type.scheduled_job_type.run_scheduled_jo..., kwargs={'job_type': 'frappe.model.utils.user_settings.sync_user_settings', 'schedu..., method='frappe.core.doctype.scheduled_job_type.scheduled_job_type.run_scheduled_jo..., site='dev.localhost', user='Administrator') (dev.localhost::scheduled_job::crc9agug6e)
2025-02-04 19:32:05,621 workspace-frappe-bench:default: Job OK (dev.localhost::scheduled_job::crc9agug6e)
2025-02-04 19:32:05,622 Result is kept for 600 seconds
2025-02-04 19:32:05,628 workspace-frappe-bench:default: frappe.utils.background_jobs.execute_job(event=None, is_async=True, job_name='frappe.core.doctype.scheduled_job_type.scheduled_job_type.run_scheduled_jo..., kwargs={'job_type': 'frappe.email.doctype.email_account.email_account.pull', 'sche..., method='frappe.core.doctype.scheduled_job_type.scheduled_job_type.run_scheduled_jo..., site='dev.localhost', user='Administrator') (dev.localhost::scheduled_job::crcbt5i0u7)
2025-02-04 19:32:05,918 workspace-frappe-bench:default: Job OK (dev.localhost::scheduled_job::crcbt5i0u7)
2025-02-04 19:32:05,918 Result is kept for 600 seconds
2025-02-04 19:32:05,926 workspace-frappe-bench:default: frappe.utils.background_jobs.execute_job(event=None, is_async=True, job_name='frappe.core.doctype.scheduled_job_type.scheduled_job_type.run_scheduled_jo..., kwargs={'job_type': 'frappe.email.queue.flush', 'scheduled_job_type': 'crcev9e846'..., method='frappe.core.doctype.scheduled_job_type.scheduled_job_type.run_scheduled_jo..., site='dev.localhost', user='Administrator') (dev.localhost::scheduled_job::crcev9e846)
2025-02-04 19:32:06,332 workspace-frappe-bench:default: Job OK (dev.localhost::scheduled_job::crcev9e846)
2025-02-04 19:32:06,332 Result is kept for 600 seconds
2025-02-04 19:32:06,341 workspace-frappe-bench:default: frappe.utils.background_jobs.execute_job(event=None, is_async=True, job_name='frappe.core.doctype.scheduled_job_type.scheduled_job_type.run_scheduled_jo..., kwargs={'job_type': 'frappe.email.doctype.email_account.email_account.notify_unrep..., method='frappe.core.doctype.scheduled_job_type.scheduled_job_type.run_scheduled_jo..., site='dev.localhost', user='Administrator') (dev.localhost::scheduled_job::crc7ef2ahe)
2025-02-04 19:32:06,609 workspace-frappe-bench:default: Job OK (dev.localhost::scheduled_job::crc7ef2ahe)
2025-02-04 19:32:06,609 Result is kept for 600 seconds
2025-02-04 19:32:06,618 workspace-frappe-bench:default: frappe.utils.background_jobs.execute_job(event=None, is_async=True, job_name='frappe.core.doctype.scheduled_job_type.scheduled_job_type.run_scheduled_jo..., kwargs={'job_type': 'frappe.oauth.delete_oauth2_data', 'scheduled_job_type': 'crc6..., method='frappe.core.doctype.scheduled_job_type.scheduled_job_type.run_scheduled_jo..., site='dev.localhost', user='Administrator') (dev.localhost::scheduled_job::crc6ddq9sv)
2025-02-04 19:32:06,899 workspace-frappe-bench:default: Job OK (dev.localhost::scheduled_job::crc6ddq9sv)
2025-02-04 19:32:06,899 Result is kept for 600 seconds
2025-02-04 19:32:06,905 workspace-frappe-bench:default: frappe.utils.background_jobs.execute_job(event=None, is_async=True, job_name='frappe.core.doctype.scheduled_job_type.scheduled_job_type.run_scheduled_jo..., kwargs={'job_type': 'frappe.integrations.doctype.google_calendar.google_calendar.s..., method='frappe.core.doctype.scheduled_job_type.scheduled_job_type.run_scheduled_jo..., site='dev.localhost', user='Administrator') (dev.localhost::scheduled_job::crc9rcl408)
2025-02-04 19:32:07,313 workspace-frappe-bench:default: Job OK (dev.localhost::scheduled_job::crc9rcl408)
2025-02-04 19:32:07,313 Result is kept for 600 seconds
2025-02-04 19:32:07,321 workspace-frappe-bench:default: frappe.utils.background_jobs.execute_job(event=None, is_async=True, job_name='frappe.core.doctype.scheduled_job_type.scheduled_job_type.run_scheduled_jo..., kwargs={'job_type': 'erpnext.manufacturing.doctype.bom_update_log.bom_update_log.r..., method='frappe.core.doctype.scheduled_job_type.scheduled_job_type.run_scheduled_jo..., site='dev.localhost', user='Administrator') (dev.localhost::scheduled_job::gel41618ib)
2025-02-04 19:32:07,569 workspace-frappe-bench:default: Job OK (dev.localhost::scheduled_job::gel41618ib)
2025-02-04 19:32:07,570 Result is kept for 600 seconds
2025-02-04 19:32:07,576 workspace-frappe-bench:default: frappe.utils.background_jobs.execute_job(event=None, is_async=True, job_name='frappe.core.doctype.scheduled_job_type.scheduled_job_type.run_scheduled_jo..., kwargs={'job_type': 'frappe.utils.global_search.sync_global_search', 'scheduled_jo..., method='frappe.core.doctype.scheduled_job_type.scheduled_job_type.run_scheduled_jo..., site='dev.localhost', user='Administrator') (dev.localhost::scheduled_job::crclbp1n4t)
2025-02-04 19:32:07,858 workspace-frappe-bench:default: Job OK (dev.localhost::scheduled_job::crclbp1n4t)
2025-02-04 19:32:07,858 Result is kept for 600 seconds
2025-02-04 19:32:07,867 workspace-frappe-bench:default: frappe.utils.background_jobs.execute_job(event=None, is_async=True, job_name='frappe.core.doctype.scheduled_job_type.scheduled_job_type.run_scheduled_jo..., kwargs={'job_type': 'frappe.website.doctype.web_page.web_page.check_publish_status..., method='frappe.core.doctype.scheduled_job_type.scheduled_job_type.run_scheduled_jo..., site='dev.localhost', user='Administrator') (dev.localhost::scheduled_job::crcid18n4v)
2025-02-04 19:32:08,157 workspace-frappe-bench:default: Job OK (dev.localhost::scheduled_job::crcid18n4v)
2025-02-04 19:32:08,157 Result is kept for 600 seconds
2025-02-04 19:32:08,164 workspace-frappe-bench:long: frappe.utils.background_jobs.execute_job(event=None, is_async=True, job_name='frappe.core.doctype.scheduled_job_type.scheduled_job_type.run_scheduled_jo..., kwargs={'job_type': 'erpnext.stock.doctype.repost_item_valuation.repost_item_valua..., method='frappe.core.doctype.scheduled_job_type.scheduled_job_type.run_scheduled_jo..., site='dev.localhost', user='Administrator') (dev.localhost::scheduled_job::genqru8jht)
2025-02-04 19:32:08,447 workspace-frappe-bench:long: Job OK (dev.localhost::scheduled_job::genqru8jht)
2025-02-04 19:32:08,447 Result is kept for 600 seconds
2025-02-04 19:36:00,322 workspace-frappe-bench:long: frappe.utils.background_jobs.execute_job(event=None, is_async=True, job_name='frappe.core.doctype.scheduled_job_type.scheduled_job_type.run_scheduled_jo..., kwargs={'job_type': 'erpnext.utilities.bulk_transaction.retry', 'scheduled_job_typ..., method='frappe.core.doctype.scheduled_job_type.scheduled_job_type.run_scheduled_jo..., site='dev.localhost', user='Administrator') (dev.localhost::scheduled_job::genscqs6pl)
2025-02-04 19:36:00,713 workspace-frappe-bench:long: Job OK (dev.localhost::scheduled_job::genscqs6pl)
2025-02-04 19:36:00,714 Result is kept for 600 seconds
2025-02-04 19:36:00,724 Cleaning registries for queue: workspace-frappe-bench:short
2025-02-04 19:36:00,725 Cleaning registries for queue: workspace-frappe-bench:default
2025-02-04 19:36:00,727 Cleaning registries for queue: workspace-frappe-bench:long
2025-02-04 19:36:00,729 workspace-frappe-bench:default: frappe.utils.background_jobs.execute_job(event=None, is_async=True, job_name='frappe.core.doctype.scheduled_job_type.scheduled_job_type.run_scheduled_jo..., kwargs={'job_type': 'frappe.email.doctype.notification.notification.trigger_offset..., method='frappe.core.doctype.scheduled_job_type.scheduled_job_type.run_scheduled_jo..., site='dev.localhost', user='Administrator') (dev.localhost::scheduled_job::crb5lu1h6e)
2025-02-04 19:36:01,045 workspace-frappe-bench:default: Job OK (dev.localhost::scheduled_job::crb5lu1h6e)
2025-02-04 19:36:01,045 Result is kept for 600 seconds
2025-02-04 19:36:01,052 workspace-frappe-bench:default: frappe.utils.background_jobs.execute_job(event=None, is_async=True, job_name='frappe.core.doctype.scheduled_job_type.scheduled_job_type.run_scheduled_jo..., kwargs={'job_type': 'frappe.monitor.flush', 'scheduled_job_type': 'crcssvtvho'}, method='frappe.core.doctype.scheduled_job_type.scheduled_job_type.run_scheduled_jo..., site='dev.localhost', user='Administrator') (dev.localhost::scheduled_job::crcssvtvho)
2025-02-04 19:36:01,265 workspace-frappe-bench:default: Job OK (dev.localhost::scheduled_job::crcssvtvho)
2025-02-04 19:36:01,265 Result is kept for 600 seconds
2025-02-04 19:36:01,271 workspace-frappe-bench:default: frappe.utils.background_jobs.execute_job(event=None, is_async=True, job_name='frappe.core.doctype.scheduled_job_type.scheduled_job_type.run_scheduled_jo..., kwargs={'job_type': 'frappe.email.queue.flush', 'scheduled_job_type': 'crcev9e846'..., method='frappe.core.doctype.scheduled_job_type.scheduled_job_type.run_scheduled_jo..., site='dev.localhost', user='Administrator') (dev.localhost::scheduled_job::crcev9e846)
2025-02-04 19:36:01,595 workspace-frappe-bench:default: Job OK (dev.localhost::scheduled_job::crcev9e846)
2025-02-04 19:36:01,595 Result is kept for 600 seconds
2025-02-04 19:40:00,537 workspace-frappe-bench:default: frappe.utils.background_jobs.execute_job(event=None, is_async=True, job_name='frappe.core.doctype.scheduled_job_type.scheduled_job_type.run_scheduled_jo..., kwargs={'job_type': 'frappe.monitor.flush', 'scheduled_job_type': 'crcssvtvho'}, method='frappe.core.doctype.scheduled_job_type.scheduled_job_type.run_scheduled_jo..., site='dev.localhost', user='Administrator') (dev.localhost::scheduled_job::crcssvtvho)
2025-02-04 19:40:00,815 workspace-frappe-bench:default: Job OK (dev.localhost::scheduled_job::crcssvtvho)
2025-02-04 19:40:00,815 Result is kept for 600 seconds
2025-02-04 19:40:00,822 workspace-frappe-bench:default: frappe.utils.background_jobs.execute_job(event=None, is_async=True, job_name='frappe.core.doctype.scheduled_job_type.scheduled_job_type.run_scheduled_jo..., kwargs={'job_type': 'frappe.email.doctype.notification.notification.trigger_offset..., method='frappe.core.doctype.scheduled_job_type.scheduled_job_type.run_scheduled_jo..., site='dev.localhost', user='Administrator') (dev.localhost::scheduled_job::crb5lu1h6e)
2025-02-04 19:40:01,085 workspace-frappe-bench:default: Job OK (dev.localhost::scheduled_job::crb5lu1h6e)
2025-02-04 19:40:01,085 Result is kept for 600 seconds
2025-02-04 19:40:01,093 workspace-frappe-bench:default: frappe.utils.background_jobs.execute_job(event=None, is_async=True, job_name='frappe.core.doctype.scheduled_job_type.scheduled_job_type.run_scheduled_jo..., kwargs={'job_type': 'frappe.email.queue.flush', 'scheduled_job_type': 'crcev9e846'..., method='frappe.core.doctype.scheduled_job_type.scheduled_job_type.run_scheduled_jo..., site='dev.localhost', user='Administrator') (dev.localhost::scheduled_job::crcev9e846)
2025-02-04 19:40:01,395 workspace-frappe-bench:default: Job OK (dev.localhost::scheduled_job::crcev9e846)
2025-02-04 19:40:01,395 Result is kept for 600 seconds
2025-02-04 19:40:01,402 workspace-frappe-bench:default: frappe.utils.background_jobs.execute_job(event=None, is_async=True, job_name='frappe.core.doctype.scheduled_job_type.scheduled_job_type.run_scheduled_jo..., kwargs={'job_type': 'frappe.email.doctype.email_account.email_account.pull', 'sche..., method='frappe.core.doctype.scheduled_job_type.scheduled_job_type.run_scheduled_jo..., site='dev.localhost', user='Administrator') (dev.localhost::scheduled_job::crcbt5i0u7)
2025-02-04 19:40:01,714 workspace-frappe-bench:default: Job OK (dev.localhost::scheduled_job::crcbt5i0u7)
2025-02-04 19:40:01,714 Result is kept for 600 seconds
2025-02-04 19:44:00,775 workspace-frappe-bench:default: frappe.utils.background_jobs.execute_job(event=None, is_async=True, job_name='frappe.core.doctype.scheduled_job_type.scheduled_job_type.run_scheduled_jo..., kwargs={'job_type': 'frappe.email.queue.flush', 'scheduled_job_type': 'crcev9e846'..., method='frappe.core.doctype.scheduled_job_type.scheduled_job_type.run_scheduled_jo..., site='dev.localhost', user='Administrator') (dev.localhost::scheduled_job::crcev9e846)
2025-02-04 19:44:01,179 workspace-frappe-bench:default: Job OK (dev.localhost::scheduled_job::crcev9e846)
2025-02-04 19:44:01,179 Result is kept for 600 seconds
2025-02-04 19:44:01,186 workspace-frappe-bench:default: frappe.utils.background_jobs.execute_job(event=None, is_async=True, job_name='frappe.core.doctype.scheduled_job_type.scheduled_job_type.run_scheduled_jo..., kwargs={'job_type': 'frappe.monitor.flush', 'scheduled_job_type': 'crcssvtvho'}, method='frappe.core.doctype.scheduled_job_type.scheduled_job_type.run_scheduled_jo..., site='dev.localhost', user='Administrator') (dev.localhost::scheduled_job::crcssvtvho)
2025-02-04 19:44:01,405 workspace-frappe-bench:default: Job OK (dev.localhost::scheduled_job::crcssvtvho)
2025-02-04 19:44:01,405 Result is kept for 600 seconds
2025-02-04 19:48:00,953 workspace-frappe-bench:default: frappe.utils.background_jobs.execute_job(event=None, is_async=True, job_name='frappe.core.doctype.scheduled_job_type.scheduled_job_type.run_scheduled_jo..., kwargs={'job_type': 'frappe.twofactor.delete_all_barcodes_for_users', 'scheduled_j..., method='frappe.core.doctype.scheduled_job_type.scheduled_job_type.run_scheduled_jo..., site='dev.localhost', user='Administrator') (dev.localhost::scheduled_job::crc77skg1t)
2025-02-04 19:48:01,275 workspace-frappe-bench:default: Job OK (dev.localhost::scheduled_job::crc77skg1t)
2025-02-04 19:48:01,275 Result is kept for 600 seconds
2025-02-04 19:48:01,281 Cleaning registries for queue: workspace-frappe-bench:short
2025-02-04 19:48:01,282 Cleaning registries for queue: workspace-frappe-bench:default
2025-02-04 19:48:01,283 Cleaning registries for queue: workspace-frappe-bench:long
2025-02-04 19:48:01,285 workspace-frappe-bench:default: frappe.utils.background_jobs.execute_job(event=None, is_async=True, job_name='frappe.core.doctype.scheduled_job_type.scheduled_job_type.run_scheduled_jo..., kwargs={'job_type': 'frappe.website.doctype.web_page.web_page.check_publish_status..., method='frappe.core.doctype.scheduled_job_type.scheduled_job_type.run_scheduled_jo..., site='dev.localhost', user='Administrator') (dev.localhost::scheduled_job::crcid18n4v)
2025-02-04 19:48:01,611 workspace-frappe-bench:default: Job OK (dev.localhost::scheduled_job::crcid18n4v)
2025-02-04 19:48:01,612 Result is kept for 600 seconds
2025-02-04 19:48:01,618 workspace-frappe-bench:default: frappe.utils.background_jobs.execute_job(event=None, is_async=True, job_name='frappe.core.doctype.scheduled_job_type.scheduled_job_type.run_scheduled_jo..., kwargs={'job_type': 'frappe.email.queue.flush', 'scheduled_job_type': 'crcev9e846'..., method='frappe.core.doctype.scheduled_job_type.scheduled_job_type.run_scheduled_jo..., site='dev.localhost', user='Administrator') (dev.localhost::scheduled_job::crcev9e846)
2025-02-04 19:48:01,911 workspace-frappe-bench:default: Job OK (dev.localhost::scheduled_job::crcev9e846)
2025-02-04 19:48:01,912 Result is kept for 600 seconds
2025-02-04 19:48:01,919 workspace-frappe-bench:default: frappe.utils.background_jobs.execute_job(event=None, is_async=True, job_name='frappe.core.doctype.scheduled_job_type.scheduled_job_type.run_scheduled_jo..., kwargs={'job_type': 'frappe.utils.global_search.sync_global_search', 'scheduled_jo..., method='frappe.core.doctype.scheduled_job_type.scheduled_job_type.run_scheduled_jo..., site='dev.localhost', user='Administrator') (dev.localhost::scheduled_job::crclbp1n4t)
2025-02-04 19:48:02,223 workspace-frappe-bench:default: Job OK (dev.localhost::scheduled_job::crclbp1n4t)
2025-02-04 19:48:02,223 Result is kept for 600 seconds
2025-02-04 19:48:02,229 workspace-frappe-bench:default: frappe.utils.background_jobs.execute_job(event=None, is_async=True, job_name='frappe.core.doctype.scheduled_job_type.scheduled_job_type.run_scheduled_jo..., kwargs={'job_type': 'frappe.email.doctype.notification.notification.trigger_offset..., method='frappe.core.doctype.scheduled_job_type.scheduled_job_type.run_scheduled_jo..., site='dev.localhost', user='Administrator') (dev.localhost::scheduled_job::crb5lu1h6e)
2025-02-04 19:48:02,451 workspace-frappe-bench:default: Job OK (dev.localhost::scheduled_job::crb5lu1h6e)
2025-02-04 19:48:02,451 Result is kept for 600 seconds
2025-02-04 19:48:02,458 workspace-frappe-bench:default: frappe.utils.background_jobs.execute_job(event=None, is_async=True, job_name='frappe.core.doctype.scheduled_job_type.scheduled_job_type.run_scheduled_jo..., kwargs={'job_type': 'frappe.deferred_insert.save_to_db', 'scheduled_job_type': 'cr..., method='frappe.core.doctype.scheduled_job_type.scheduled_job_type.run_scheduled_jo..., site='dev.localhost', user='Administrator') (dev.localhost::scheduled_job::crc4831grb)
2025-02-04 19:48:02,737 workspace-frappe-bench:default: Job OK (dev.localhost::scheduled_job::crc4831grb)
2025-02-04 19:48:02,737 Result is kept for 600 seconds
2025-02-04 19:48:02,743 workspace-frappe-bench:default: frappe.utils.background_jobs.execute_job(event=None, is_async=True, job_name='frappe.core.doctype.scheduled_job_type.scheduled_job_type.run_scheduled_jo..., kwargs={'job_type': 'frappe.oauth.delete_oauth2_data', 'scheduled_job_type': 'crc6..., method='frappe.core.doctype.scheduled_job_type.scheduled_job_type.run_scheduled_jo..., site='dev.localhost', user='Administrator') (dev.localhost::scheduled_job::crc6ddq9sv)
2025-02-04 19:48:02,979 workspace-frappe-bench:default: Job OK (dev.localhost::scheduled_job::crc6ddq9sv)
2025-02-04 19:48:02,979 Result is kept for 600 seconds
2025-02-04 19:48:02,985 workspace-frappe-bench:default: frappe.utils.background_jobs.execute_job(event=None, is_async=True, job_name='frappe.core.doctype.scheduled_job_type.scheduled_job_type.run_scheduled_jo..., kwargs={'job_type': 'frappe.email.doctype.email_account.email_account.notify_unrep..., method='frappe.core.doctype.scheduled_job_type.scheduled_job_type.run_scheduled_jo..., site='dev.localhost', user='Administrator') (dev.localhost::scheduled_job::crc7ef2ahe)
2025-02-04 19:48:03,242 workspace-frappe-bench:default: Job OK (dev.localhost::scheduled_job::crc7ef2ahe)
2025-02-04 19:48:03,242 Result is kept for 600 seconds
2025-02-04 19:48:03,252 workspace-frappe-bench:default: frappe.utils.background_jobs.execute_job(event=None, is_async=True, job_name='frappe.core.doctype.scheduled_job_type.scheduled_job_type.run_scheduled_jo..., kwargs={'job_type': 'erpnext.manufacturing.doctype.bom_update_log.bom_update_log.r..., method='frappe.core.doctype.scheduled_job_type.scheduled_job_type.run_scheduled_jo..., site='dev.localhost', user='Administrator') (dev.localhost::scheduled_job::gel41618ib)
2025-02-04 19:48:03,564 workspace-frappe-bench:default: Job OK (dev.localhost::scheduled_job::gel41618ib)
2025-02-04 19:48:03,564 Result is kept for 600 seconds
2025-02-04 19:48:03,570 workspace-frappe-bench:default: frappe.utils.background_jobs.execute_job(event=None, is_async=True, job_name='frappe.core.doctype.scheduled_job_type.scheduled_job_type.run_scheduled_jo..., kwargs={'job_type': 'frappe.monitor.flush', 'scheduled_job_type': 'crcssvtvho'}, method='frappe.core.doctype.scheduled_job_type.scheduled_job_type.run_scheduled_jo..., site='dev.localhost', user='Administrator') (dev.localhost::scheduled_job::crcssvtvho)
2025-02-04 19:48:03,784 workspace-frappe-bench:default: Job OK (dev.localhost::scheduled_job::crcssvtvho)
2025-02-04 19:48:03,784 Result is kept for 600 seconds
2025-02-04 19:48:03,790 workspace-frappe-bench:default: frappe.utils.background_jobs.execute_job(event=None, is_async=True, job_name='frappe.core.doctype.scheduled_job_type.scheduled_job_type.run_scheduled_jo..., kwargs={'job_type': 'frappe.automation.doctype.reminder.reminder.send_reminders', ..., method='frappe.core.doctype.scheduled_job_type.scheduled_job_type.run_scheduled_jo..., site='dev.localhost', user='Administrator') (dev.localhost::scheduled_job::crca9o91vm)
2025-02-04 19:48:04,008 workspace-frappe-bench:default: Job OK (dev.localhost::scheduled_job::crca9o91vm)
2025-02-04 19:48:04,008 Result is kept for 600 seconds
2025-02-04 19:50:46,770 Worker 5fc69c67fe954e64b7e2c9d3478da715 [PID 13563]: warm shut down requested
Traceback (most recent call last):
  File "/workspace/frappe-bench/env/lib/python3.11/site-packages/redis/connection.py", line 357, in connect
    sock = self.retry.call_with_retry(
           ^^^^^^^^^^^^^^^^^^^^^^^^^^^
  File "/workspace/frappe-bench/env/lib/python3.11/site-packages/redis/retry.py", line 62, in call_with_retry
    return do()
           ^^^^
  File "/workspace/frappe-bench/env/lib/python3.11/site-packages/redis/connection.py", line 358, in <lambda>
    lambda: self._connect(), lambda error: self.disconnect(error)
            ^^^^^^^^^^^^^^^
  File "/workspace/frappe-bench/env/lib/python3.11/site-packages/redis/connection.py", line 730, in _connect
    raise err
  File "/workspace/frappe-bench/env/lib/python3.11/site-packages/redis/connection.py", line 718, in _connect
    sock.connect(socket_address)
ConnectionRefusedError: [Errno 111] Connection refused

During handling of the above exception, another exception occurred:

Traceback (most recent call last):
  File "/workspace/frappe-bench/apps/frappe/frappe/utils/bench_helper.py", line 48, in invoke
    return super().invoke(ctx)
           ^^^^^^^^^^^^^^^^^^^
  File "/workspace/frappe-bench/env/lib/python3.11/site-packages/click/core.py", line 1697, in invoke
    return _process_result(sub_ctx.command.invoke(sub_ctx))
                           ^^^^^^^^^^^^^^^^^^^^^^^^^^^^^^^
  File "/workspace/frappe-bench/env/lib/python3.11/site-packages/click/core.py", line 1443, in invoke
    return ctx.invoke(self.callback, **ctx.params)
           ^^^^^^^^^^^^^^^^^^^^^^^^^^^^^^^^^^^^^^^
  File "/workspace/frappe-bench/env/lib/python3.11/site-packages/click/core.py", line 788, in invoke
    return __callback(*args, **kwargs)
           ^^^^^^^^^^^^^^^^^^^^^^^^^^^
  File "/workspace/frappe-bench/apps/frappe/frappe/commands/scheduler.py", line 206, in start_worker
    start_worker(
  File "/workspace/frappe-bench/apps/frappe/frappe/utils/background_jobs.py", line 324, in start_worker
    worker.work(
  File "/workspace/frappe-bench/env/lib/python3.11/site-packages/rq/worker.py", line 458, in work
    self.teardown()
  File "/workspace/frappe-bench/env/lib/python3.11/site-packages/rq/worker.py", line 1048, in teardown
    self.register_death()
  File "/workspace/frappe-bench/env/lib/python3.11/site-packages/rq/worker.py", line 834, in register_death
    p.execute()
  File "/workspace/frappe-bench/env/lib/python3.11/site-packages/redis/client.py", line 1524, in execute
    conn = self.connection_pool.get_connection("MULTI", self.shard_hint)
           ^^^^^^^^^^^^^^^^^^^^^^^^^^^^^^^^^^^^^^^^^^^^^^^^^^^^^^^^^^^^^
  File "/workspace/frappe-bench/env/lib/python3.11/site-packages/redis/connection.py", line 1422, in get_connection
    connection.connect()
  File "/workspace/frappe-bench/env/lib/python3.11/site-packages/redis/connection.py", line 363, in connect
    raise ConnectionError(self._error_message(e))
redis.exceptions.ConnectionError: Error 111 connecting to redis-queue:6379. Connection refused.

Error 111 connecting to redis-queue:6379. Connection refused.
2025-02-05 09:48:45,664 Worker rq:worker:26443e8a9a3f4328ad046aad1fe26459 started with PID 4764, version 1.16.2
2025-02-05 09:48:45,671 Subscribing to channel rq:pubsub:26443e8a9a3f4328ad046aad1fe26459
2025-02-05 09:48:45,685 *** Listening on workspace-frappe-bench:short, workspace-frappe-bench:default, workspace-frappe-bench:long...
2025-02-05 09:48:45,688 Cleaning registries for queue: workspace-frappe-bench:short
2025-02-05 09:48:45,690 Cleaning registries for queue: workspace-frappe-bench:default
2025-02-05 09:48:45,692 Cleaning registries for queue: workspace-frappe-bench:long
2025-02-05 09:50:05,441 workspace-frappe-bench:long: frappe.utils.background_jobs.execute_job(event=None, is_async=True, job_name='frappe.search.website_search.build_index_for_all_routes', kwargs={}, method=<function build_index_for_all_routes at 0x71e198621440>, site='dev.localhost', user='Administrator') (dev.localhost::782f558b-6c70-4f1d-b3b9-c2eb8e8696b6)
Retrieving Routes                   : [=                                       ] 2%Retrieving Routes                   : [==                                      ] 5%Retrieving Routes                   : [===                                     ] 8%Retrieving Routes                   : [====                                    ] 11%Retrieving Routes                   : [=====                                   ] 13%Retrieving Routes                   : [======                                  ] 16%Retrieving Routes                   : [=======                                 ] 19%Retrieving Routes                   : [========                                ] 22%Retrieving Routes                   : [==========                              ] 25%Retrieving Routes                   : [===========                             ] 27%Retrieving Routes                   : [============                            ] 30%Retrieving Routes                   : [=============                           ] 33%Retrieving Routes                   : [==============                          ] 36%Retrieving Routes                   : [===============                         ] 38%Retrieving Routes                   : [================                        ] 41%Retrieving Routes                   : [=================                       ] 44%Retrieving Routes                   : [==================                      ] 47%Retrieving Routes                   : [====================                    ] 50%Retrieving Routes                   : [=====================                   ] 52%Retrieving Routes                   : [======================                  ] 55%Retrieving Routes                   : [=======================                 ] 58%Retrieving Routes                   : [========================                ] 61%Retrieving Routes                   : [=========================               ] 63%Retrieving Routes                   : [==========================              ] 66%Retrieving Routes                   : [===========================             ] 69%Retrieving Routes                   : [============================            ] 72%Retrieving Routes                   : [==============================          ] 75%Retrieving Routes                   : [===============================         ] 77%Retrieving Routes                   : [================================        ] 80%Retrieving Routes                   : [=================================       ] 83%Retrieving Routes                   : [==================================      ] 86%Retrieving Routes                   : [===================================     ] 88%Retrieving Routes                   : [====================================    ] 91%Retrieving Routes                   : [=====================================   ] 94%Retrieving Routes                   : [======================================  ] 97%Retrieving Routes                   : [========================================] 100%
Building Index                      : [=                                       ] 2%Building Index                      : [==                                      ] 5%Building Index                      : [===                                     ] 8%Building Index                      : [====                                    ] 11%Building Index                      : [=====                                   ] 13%Building Index                      : [======                                  ] 16%Building Index                      : [=======                                 ] 19%Building Index                      : [========                                ] 22%Building Index                      : [==========                              ] 25%Building Index                      : [===========                             ] 27%Building Index                      : [============                            ] 30%Building Index                      : [=============                           ] 33%Building Index                      : [==============                          ] 36%Building Index                      : [===============                         ] 38%Building Index                      : [================                        ] 41%Building Index                      : [=================                       ] 44%Building Index                      : [==================                      ] 47%Building Index                      : [====================                    ] 50%Building Index                      : [=====================                   ] 52%Building Index                      : [======================                  ] 55%Building Index                      : [=======================                 ] 58%Building Index                      : [========================                ] 61%Building Index                      : [=========================               ] 63%Building Index                      : [==========================              ] 66%Building Index                      : [===========================             ] 69%Building Index                      : [============================            ] 72%Building Index                      : [==============================          ] 75%Building Index                      : [===============================         ] 77%Building Index                      : [================================        ] 80%Building Index                      : [=================================       ] 83%Building Index                      : [==================================      ] 86%Building Index                      : [===================================     ] 88%Building Index                      : [====================================    ] 91%Building Index                      : [=====================================   ] 94%Building Index                      : [======================================  ] 97%Building Index                      : [========================================] 100%2025-02-05 09:50:10,040 workspace-frappe-bench:long: Job OK (dev.localhost::782f558b-6c70-4f1d-b3b9-c2eb8e8696b6)
2025-02-05 09:50:10,041 Result is kept for 600 seconds
2025-02-05 09:52:00,215 workspace-frappe-bench:default: frappe.utils.background_jobs.execute_job(event=None, is_async=True, job_name='frappe.core.doctype.scheduled_job_type.scheduled_job_type.run_scheduled_jo..., kwargs={'job_type': 'frappe.core.doctype.prepared_report.prepared_report.expire_st..., method='frappe.core.doctype.scheduled_job_type.scheduled_job_type.run_scheduled_jo..., site='dev.localhost', user='Administrator') (dev.localhost::scheduled_job::crcbsktsil)
2025-02-05 09:52:00,619 workspace-frappe-bench:default: Job OK (dev.localhost::scheduled_job::crcbsktsil)
2025-02-05 09:52:00,619 Result is kept for 600 seconds
2025-02-05 09:52:00,627 workspace-frappe-bench:default: frappe.utils.background_jobs.execute_job(event=None, is_async=True, job_name='frappe.core.doctype.scheduled_job_type.scheduled_job_type.run_scheduled_jo..., kwargs={'job_type': 'erpnext.erpnext_integrations.doctype.plaid_settings.plaid_set..., method='frappe.core.doctype.scheduled_job_type.scheduled_job_type.run_scheduled_jo..., site='dev.localhost', user='Administrator') (dev.localhost::scheduled_job::gel5rs596e)
2025-02-05 09:52:00,974 workspace-frappe-bench:default: Job OK (dev.localhost::scheduled_job::gel5rs596e)
2025-02-05 09:52:00,974 Result is kept for 600 seconds
2025-02-05 09:52:00,980 workspace-frappe-bench:default: frappe.utils.background_jobs.execute_job(event=None, is_async=True, job_name='frappe.core.doctype.scheduled_job_type.scheduled_job_type.run_scheduled_jo..., kwargs={'job_type': 'frappe.integrations.doctype.google_calendar.google_calendar.s..., method='frappe.core.doctype.scheduled_job_type.scheduled_job_type.run_scheduled_jo..., site='dev.localhost', user='Administrator') (dev.localhost::scheduled_job::crc9rcl408)
2025-02-05 09:52:01,411 workspace-frappe-bench:default: Job OK (dev.localhost::scheduled_job::crc9rcl408)
2025-02-05 09:52:01,411 Result is kept for 600 seconds
2025-02-05 09:52:01,418 workspace-frappe-bench:default: frappe.utils.background_jobs.execute_job(event=None, is_async=True, job_name='frappe.core.doctype.scheduled_job_type.scheduled_job_type.run_scheduled_jo..., kwargs={'job_type': 'erpnext.manufacturing.doctype.bom_update_log.bom_update_log.r..., method='frappe.core.doctype.scheduled_job_type.scheduled_job_type.run_scheduled_jo..., site='dev.localhost', user='Administrator') (dev.localhost::scheduled_job::gel41618ib)
2025-02-05 09:52:01,691 workspace-frappe-bench:default: Job OK (dev.localhost::scheduled_job::gel41618ib)
2025-02-05 09:52:01,691 Result is kept for 600 seconds
2025-02-05 09:52:01,697 workspace-frappe-bench:default: frappe.utils.background_jobs.execute_job(event=None, is_async=True, job_name='frappe.core.doctype.scheduled_job_type.scheduled_job_type.run_scheduled_jo..., kwargs={'job_type': 'frappe.oauth.delete_oauth2_data', 'scheduled_job_type': 'crc6..., method='frappe.core.doctype.scheduled_job_type.scheduled_job_type.run_scheduled_jo..., site='dev.localhost', user='Administrator') (dev.localhost::scheduled_job::crc6ddq9sv)
2025-02-05 09:52:02,094 workspace-frappe-bench:default: Job OK (dev.localhost::scheduled_job::crc6ddq9sv)
2025-02-05 09:52:02,094 Result is kept for 600 seconds
2025-02-05 09:52:02,105 workspace-frappe-bench:default: frappe.utils.background_jobs.execute_job(event=None, is_async=True, job_name='frappe.core.doctype.scheduled_job_type.scheduled_job_type.run_scheduled_jo..., kwargs={'job_type': 'frappe.website.doctype.personal_data_deletion_request.persona..., method='frappe.core.doctype.scheduled_job_type.scheduled_job_type.run_scheduled_jo..., site='dev.localhost', user='Administrator') (dev.localhost::scheduled_job::crcs45o295)
2025-02-05 09:52:02,373 workspace-frappe-bench:default: Job OK (dev.localhost::scheduled_job::crcs45o295)
2025-02-05 09:52:02,373 Result is kept for 600 seconds
2025-02-05 09:52:02,379 workspace-frappe-bench:default: frappe.utils.background_jobs.execute_job(event=None, is_async=True, job_name='frappe.core.doctype.scheduled_job_type.scheduled_job_type.run_scheduled_jo..., kwargs={'job_type': 'frappe.email.doctype.email_account.email_account.notify_unrep..., method='frappe.core.doctype.scheduled_job_type.scheduled_job_type.run_scheduled_jo..., site='dev.localhost', user='Administrator') (dev.localhost::scheduled_job::crc7ef2ahe)
2025-02-05 09:52:02,640 workspace-frappe-bench:default: Job OK (dev.localhost::scheduled_job::crc7ef2ahe)
2025-02-05 09:52:02,640 Result is kept for 600 seconds
2025-02-05 09:52:02,646 workspace-frappe-bench:default: frappe.utils.background_jobs.execute_job(event=None, is_async=True, job_name='frappe.core.doctype.scheduled_job_type.scheduled_job_type.run_scheduled_jo..., kwargs={'job_type': 'frappe.website.doctype.web_page.web_page.check_publish_status..., method='frappe.core.doctype.scheduled_job_type.scheduled_job_type.run_scheduled_jo..., site='dev.localhost', user='Administrator') (dev.localhost::scheduled_job::crcid18n4v)
2025-02-05 09:52:02,915 workspace-frappe-bench:default: Job OK (dev.localhost::scheduled_job::crcid18n4v)
2025-02-05 09:52:02,915 Result is kept for 600 seconds
2025-02-05 09:52:02,922 workspace-frappe-bench:default: frappe.utils.background_jobs.execute_job(event=None, is_async=True, job_name='frappe.core.doctype.scheduled_job_type.scheduled_job_type.run_scheduled_jo..., kwargs={'job_type': 'frappe.desk.form.document_follow.send_hourly_updates', 'sched..., method='frappe.core.doctype.scheduled_job_type.scheduled_job_type.run_scheduled_jo..., site='dev.localhost', user='Administrator') (dev.localhost::scheduled_job::crcjri5f8f)
2025-02-05 09:52:03,176 workspace-frappe-bench:default: Job OK (dev.localhost::scheduled_job::crcjri5f8f)
2025-02-05 09:52:03,176 Result is kept for 600 seconds
2025-02-05 09:52:03,184 workspace-frappe-bench:default: frappe.utils.background_jobs.execute_job(event=None, is_async=True, job_name='frappe.core.doctype.scheduled_job_type.scheduled_job_type.run_scheduled_jo..., kwargs={'job_type': 'frappe.model.utils.user_settings.sync_user_settings', 'schedu..., method='frappe.core.doctype.scheduled_job_type.scheduled_job_type.run_scheduled_jo..., site='dev.localhost', user='Administrator') (dev.localhost::scheduled_job::crc9agug6e)
2025-02-05 09:52:03,471 workspace-frappe-bench:default: Job OK (dev.localhost::scheduled_job::crc9agug6e)
2025-02-05 09:52:03,471 Result is kept for 600 seconds
2025-02-05 09:52:03,477 workspace-frappe-bench:default: frappe.utils.background_jobs.execute_job(event=None, is_async=True, job_name='frappe.core.doctype.scheduled_job_type.scheduled_job_type.run_scheduled_jo..., kwargs={'job_type': 'erpnext.projects.doctype.project.project.collect_project_stat..., method='frappe.core.doctype.scheduled_job_type.scheduled_job_type.run_scheduled_jo..., site='dev.localhost', user='Administrator') (dev.localhost::scheduled_job::gel2utjjev)
2025-02-05 09:52:03,745 workspace-frappe-bench:default: Job OK (dev.localhost::scheduled_job::gel2utjjev)
2025-02-05 09:52:03,745 Result is kept for 600 seconds
2025-02-05 09:52:03,751 workspace-frappe-bench:default: frappe.utils.background_jobs.execute_job(event=None, is_async=True, job_name='frappe.core.doctype.scheduled_job_type.scheduled_job_type.run_scheduled_jo..., kwargs={'job_type': 'erpnext.projects.doctype.project.project.project_status_updat..., method='frappe.core.doctype.scheduled_job_type.scheduled_job_type.run_scheduled_jo..., site='dev.localhost', user='Administrator') (dev.localhost::scheduled_job::gelb8u9i1q)
2025-02-05 09:52:04,028 workspace-frappe-bench:default: Job OK (dev.localhost::scheduled_job::gelb8u9i1q)
2025-02-05 09:52:04,029 Result is kept for 600 seconds
2025-02-05 09:52:04,035 workspace-frappe-bench:default: frappe.utils.background_jobs.execute_job(event=None, is_async=True, job_name='frappe.core.doctype.scheduled_job_type.scheduled_job_type.run_scheduled_jo..., kwargs={'job_type': 'erpnext.utilities.doctype.video.video.update_youtube_data', '..., method='frappe.core.doctype.scheduled_job_type.scheduled_job_type.run_scheduled_jo..., site='dev.localhost', user='Administrator') (dev.localhost::scheduled_job::gel4t0fvfm)
2025-02-05 09:52:04,622 workspace-frappe-bench:default: Job OK (dev.localhost::scheduled_job::gel4t0fvfm)
2025-02-05 09:52:04,622 Result is kept for 600 seconds
2025-02-05 09:52:04,630 workspace-frappe-bench:default: frappe.utils.background_jobs.execute_job(event=None, is_async=True, job_name='frappe.core.doctype.scheduled_job_type.scheduled_job_type.run_scheduled_jo..., kwargs={'job_type': 'frappe.monitor.flush', 'scheduled_job_type': 'crcssvtvho'}, method='frappe.core.doctype.scheduled_job_type.scheduled_job_type.run_scheduled_jo..., site='dev.localhost', user='Administrator') (dev.localhost::scheduled_job::crcssvtvho)
2025-02-05 09:52:04,839 workspace-frappe-bench:default: Job OK (dev.localhost::scheduled_job::crcssvtvho)
2025-02-05 09:52:04,839 Result is kept for 600 seconds
2025-02-05 09:52:04,845 workspace-frappe-bench:default: frappe.utils.background_jobs.execute_job(event=None, is_async=True, job_name='frappe.core.doctype.scheduled_job_type.scheduled_job_type.run_scheduled_jo..., kwargs={'job_type': 'frappe.utils.global_search.sync_global_search', 'scheduled_jo..., method='frappe.core.doctype.scheduled_job_type.scheduled_job_type.run_scheduled_jo..., site='dev.localhost', user='Administrator') (dev.localhost::scheduled_job::crclbp1n4t)
2025-02-05 09:52:05,050 workspace-frappe-bench:default: Job OK (dev.localhost::scheduled_job::crclbp1n4t)
2025-02-05 09:52:05,050 Result is kept for 600 seconds
2025-02-05 09:52:05,057 workspace-frappe-bench:default: frappe.utils.background_jobs.execute_job(event=None, is_async=True, job_name='frappe.core.doctype.scheduled_job_type.scheduled_job_type.run_scheduled_jo..., kwargs={'job_type': 'frappe.email.doctype.notification.notification.trigger_offset..., method='frappe.core.doctype.scheduled_job_type.scheduled_job_type.run_scheduled_jo..., site='dev.localhost', user='Administrator') (dev.localhost::scheduled_job::crb5lu1h6e)
2025-02-05 09:52:05,282 workspace-frappe-bench:default: Job OK (dev.localhost::scheduled_job::crb5lu1h6e)
2025-02-05 09:52:05,283 Result is kept for 600 seconds
2025-02-05 09:52:05,288 workspace-frappe-bench:default: frappe.utils.background_jobs.execute_job(event=None, is_async=True, job_name='frappe.core.doctype.scheduled_job_type.scheduled_job_type.run_scheduled_jo..., kwargs={'job_type': 'frappe.deferred_insert.save_to_db', 'scheduled_job_type': 'cr..., method='frappe.core.doctype.scheduled_job_type.scheduled_job_type.run_scheduled_jo..., site='dev.localhost', user='Administrator') (dev.localhost::scheduled_job::crc4831grb)
2025-02-05 09:52:05,544 workspace-frappe-bench:default: Job OK (dev.localhost::scheduled_job::crc4831grb)
2025-02-05 09:52:05,544 Result is kept for 600 seconds
2025-02-05 09:52:05,554 workspace-frappe-bench:default: frappe.utils.background_jobs.execute_job(event=None, is_async=True, job_name='frappe.core.doctype.scheduled_job_type.scheduled_job_type.run_scheduled_jo..., kwargs={'job_type': 'frappe.email.doctype.newsletter.newsletter.send_scheduled_ema..., method='frappe.core.doctype.scheduled_job_type.scheduled_job_type.run_scheduled_jo..., site='dev.localhost', user='Administrator') (dev.localhost::scheduled_job::crcr9d28il)
2025-02-05 09:52:06,093 workspace-frappe-bench:default: Job OK (dev.localhost::scheduled_job::crcr9d28il)
2025-02-05 09:52:06,094 Result is kept for 600 seconds
2025-02-05 09:52:06,100 workspace-frappe-bench:default: frappe.utils.background_jobs.execute_job(event=None, is_async=True, job_name='frappe.core.doctype.scheduled_job_type.scheduled_job_type.run_scheduled_jo..., kwargs={'job_type': 'frappe.model.utils.link_count.update_link_count', 'scheduled_..., method='frappe.core.doctype.scheduled_job_type.scheduled_job_type.run_scheduled_jo..., site='dev.localhost', user='Administrator') (dev.localhost::scheduled_job::crcghe20a1)
2025-02-05 09:52:06,525 workspace-frappe-bench:default: Job OK (dev.localhost::scheduled_job::crcghe20a1)
2025-02-05 09:52:06,526 Result is kept for 600 seconds
2025-02-05 09:52:06,534 workspace-frappe-bench:default: frappe.utils.background_jobs.execute_job(event=None, is_async=True, job_name='frappe.core.doctype.scheduled_job_type.scheduled_job_type.run_scheduled_jo..., kwargs={'job_type': 'frappe.email.queue.flush', 'scheduled_job_type': 'crcev9e846'..., method='frappe.core.doctype.scheduled_job_type.scheduled_job_type.run_scheduled_jo..., site='dev.localhost', user='Administrator') (dev.localhost::scheduled_job::crcev9e846)
2025-02-05 09:52:06,919 workspace-frappe-bench:default: Job OK (dev.localhost::scheduled_job::crcev9e846)
2025-02-05 09:52:06,919 Result is kept for 600 seconds
2025-02-05 09:52:06,927 workspace-frappe-bench:default: frappe.utils.background_jobs.execute_job(event=None, is_async=True, job_name='frappe.core.doctype.scheduled_job_type.scheduled_job_type.run_scheduled_jo..., kwargs={'job_type': 'erpnext.projects.doctype.project.project.hourly_reminder', 's..., method='frappe.core.doctype.scheduled_job_type.scheduled_job_type.run_scheduled_jo..., site='dev.localhost', user='Administrator') (dev.localhost::scheduled_job::gel0a7icsn)
2025-02-05 09:52:07,297 workspace-frappe-bench:default: Job OK (dev.localhost::scheduled_job::gel0a7icsn)
2025-02-05 09:52:07,297 Result is kept for 600 seconds
2025-02-05 09:52:07,304 workspace-frappe-bench:default: frappe.utils.background_jobs.execute_job(event=None, is_async=True, job_name='frappe.core.doctype.scheduled_job_type.scheduled_job_type.run_scheduled_jo..., kwargs={'job_type': 'erpnext.accounts.doctype.gl_entry.gl_entry.rename_gle_sle_doc..., method='frappe.core.doctype.scheduled_job_type.scheduled_job_type.run_scheduled_jo..., site='dev.localhost', user='Administrator') (dev.localhost::scheduled_job::gels0q3in2)
2025-02-05 09:52:07,653 workspace-frappe-bench:default: Job OK (dev.localhost::scheduled_job::gels0q3in2)
2025-02-05 09:52:07,653 Result is kept for 600 seconds
2025-02-05 09:52:07,660 workspace-frappe-bench:default: frappe.utils.background_jobs.execute_job(event=None, is_async=True, job_name='frappe.core.doctype.scheduled_job_type.scheduled_job_type.run_scheduled_jo..., kwargs={'job_type': 'frappe.desk.page.backups.backups.delete_downloadable_backups'..., method='frappe.core.doctype.scheduled_job_type.scheduled_job_type.run_scheduled_jo..., site='dev.localhost', user='Administrator') (dev.localhost::scheduled_job::crcku5gdms)
2025-02-05 09:52:07,916 workspace-frappe-bench:default: Job OK (dev.localhost::scheduled_job::crcku5gdms)
2025-02-05 09:52:07,916 Result is kept for 600 seconds
2025-02-05 09:52:07,922 workspace-frappe-bench:default: frappe.utils.background_jobs.execute_job(event=None, is_async=True, job_name='frappe.core.doctype.scheduled_job_type.scheduled_job_type.run_scheduled_jo..., kwargs={'job_type': 'frappe.automation.doctype.reminder.reminder.send_reminders', ..., method='frappe.core.doctype.scheduled_job_type.scheduled_job_type.run_scheduled_jo..., site='dev.localhost', user='Administrator') (dev.localhost::scheduled_job::crca9o91vm)
2025-02-05 09:52:08,208 workspace-frappe-bench:default: Job OK (dev.localhost::scheduled_job::crca9o91vm)
2025-02-05 09:52:08,208 Result is kept for 600 seconds
2025-02-05 09:52:08,216 workspace-frappe-bench:default: frappe.utils.background_jobs.execute_job(event=None, is_async=True, job_name='frappe.core.doctype.scheduled_job_type.scheduled_job_type.run_scheduled_jo..., kwargs={'job_type': 'frappe.email.doctype.email_account.email_account.pull', 'sche..., method='frappe.core.doctype.scheduled_job_type.scheduled_job_type.run_scheduled_jo..., site='dev.localhost', user='Administrator') (dev.localhost::scheduled_job::crcbt5i0u7)
2025-02-05 09:52:08,508 workspace-frappe-bench:default: Job OK (dev.localhost::scheduled_job::crcbt5i0u7)
2025-02-05 09:52:08,508 Result is kept for 600 seconds
2025-02-05 09:52:08,514 workspace-frappe-bench:default: frappe.utils.background_jobs.execute_job(event=None, is_async=True, job_name='frappe.core.doctype.scheduled_job_type.scheduled_job_type.run_scheduled_jo..., kwargs={'job_type': 'frappe.twofactor.delete_all_barcodes_for_users', 'scheduled_j..., method='frappe.core.doctype.scheduled_job_type.scheduled_job_type.run_scheduled_jo..., site='dev.localhost', user='Administrator') (dev.localhost::scheduled_job::crc77skg1t)
2025-02-05 09:52:08,734 workspace-frappe-bench:default: Job OK (dev.localhost::scheduled_job::crc77skg1t)
2025-02-05 09:52:08,734 Result is kept for 600 seconds
2025-02-05 09:52:08,740 workspace-frappe-bench:long: frappe.utils.background_jobs.execute_job(event=None, is_async=True, job_name='frappe.core.doctype.scheduled_job_type.scheduled_job_type.run_scheduled_jo..., kwargs={'job_type': 'erpnext.utilities.bulk_transaction.retry', 'scheduled_job_typ..., method='frappe.core.doctype.scheduled_job_type.scheduled_job_type.run_scheduled_jo..., site='dev.localhost', user='Administrator') (dev.localhost::scheduled_job::genscqs6pl)
2025-02-05 09:52:08,994 workspace-frappe-bench:long: Job OK (dev.localhost::scheduled_job::genscqs6pl)
2025-02-05 09:52:08,995 Result is kept for 600 seconds
2025-02-05 09:52:09,000 workspace-frappe-bench:long: frappe.utils.background_jobs.execute_job(event=None, is_async=True, job_name='frappe.core.doctype.scheduled_job_type.scheduled_job_type.run_scheduled_jo..., kwargs={'job_type': 'erpnext.stock.doctype.repost_item_valuation.repost_item_valua..., method='frappe.core.doctype.scheduled_job_type.scheduled_job_type.run_scheduled_jo..., site='dev.localhost', user='Administrator') (dev.localhost::scheduled_job::genqru8jht)
2025-02-05 09:52:09,277 workspace-frappe-bench:long: Job OK (dev.localhost::scheduled_job::genqru8jht)
2025-02-05 09:52:09,277 Result is kept for 600 seconds
2025-02-05 09:56:00,564 workspace-frappe-bench:default: frappe.utils.background_jobs.execute_job(event=None, is_async=True, job_name='frappe.core.doctype.scheduled_job_type.scheduled_job_type.run_scheduled_jo..., kwargs={'job_type': 'frappe.email.queue.flush', 'scheduled_job_type': 'crcev9e846'..., method='frappe.core.doctype.scheduled_job_type.scheduled_job_type.run_scheduled_jo..., site='dev.localhost', user='Administrator') (dev.localhost::scheduled_job::crcev9e846)
2025-02-05 09:56:01,053 workspace-frappe-bench:default: Job OK (dev.localhost::scheduled_job::crcev9e846)
2025-02-05 09:56:01,054 Result is kept for 600 seconds
2025-02-05 09:56:01,060 workspace-frappe-bench:default: frappe.utils.background_jobs.execute_job(event=None, is_async=True, job_name='frappe.core.doctype.scheduled_job_type.scheduled_job_type.run_scheduled_jo..., kwargs={'job_type': 'frappe.email.doctype.notification.notification.trigger_offset..., method='frappe.core.doctype.scheduled_job_type.scheduled_job_type.run_scheduled_jo..., site='dev.localhost', user='Administrator') (dev.localhost::scheduled_job::crb5lu1h6e)
2025-02-05 09:56:01,289 workspace-frappe-bench:default: Job OK (dev.localhost::scheduled_job::crb5lu1h6e)
2025-02-05 09:56:01,289 Result is kept for 600 seconds
2025-02-05 09:56:01,296 workspace-frappe-bench:default: frappe.utils.background_jobs.execute_job(event=None, is_async=True, job_name='frappe.core.doctype.scheduled_job_type.scheduled_job_type.run_scheduled_jo..., kwargs={'job_type': 'frappe.monitor.flush', 'scheduled_job_type': 'crcssvtvho'}, method='frappe.core.doctype.scheduled_job_type.scheduled_job_type.run_scheduled_jo..., site='dev.localhost', user='Administrator') (dev.localhost::scheduled_job::crcssvtvho)
2025-02-05 09:56:01,515 workspace-frappe-bench:default: Job OK (dev.localhost::scheduled_job::crcssvtvho)
2025-02-05 09:56:01,516 Result is kept for 600 seconds
2025-02-05 10:00:00,758 workspace-frappe-bench:default: frappe.utils.background_jobs.execute_job(event=None, is_async=True, job_name='frappe.core.doctype.scheduled_job_type.scheduled_job_type.run_scheduled_jo..., kwargs={'job_type': 'frappe.email.doctype.notification.notification.trigger_offset..., method='frappe.core.doctype.scheduled_job_type.scheduled_job_type.run_scheduled_jo..., site='dev.localhost', user='Administrator') (dev.localhost::scheduled_job::crb5lu1h6e)
2025-02-05 10:00:01,096 workspace-frappe-bench:default: Job OK (dev.localhost::scheduled_job::crb5lu1h6e)
2025-02-05 10:00:01,096 Result is kept for 600 seconds
2025-02-05 10:00:01,101 Cleaning registries for queue: workspace-frappe-bench:short
2025-02-05 10:00:01,102 Cleaning registries for queue: workspace-frappe-bench:default
2025-02-05 10:00:01,104 Cleaning registries for queue: workspace-frappe-bench:long
2025-02-05 10:00:01,105 workspace-frappe-bench:default: frappe.utils.background_jobs.execute_job(event=None, is_async=True, job_name='frappe.core.doctype.scheduled_job_type.scheduled_job_type.run_scheduled_jo..., kwargs={'job_type': 'frappe.utils.global_search.sync_global_search', 'scheduled_jo..., method='frappe.core.doctype.scheduled_job_type.scheduled_job_type.run_scheduled_jo..., site='dev.localhost', user='Administrator') (dev.localhost::scheduled_job::crclbp1n4t)
2025-02-05 10:00:01,332 workspace-frappe-bench:default: Job OK (dev.localhost::scheduled_job::crclbp1n4t)
2025-02-05 10:00:01,332 Result is kept for 600 seconds
2025-02-05 10:00:01,340 workspace-frappe-bench:default: frappe.utils.background_jobs.execute_job(event=None, is_async=True, job_name='frappe.core.doctype.scheduled_job_type.scheduled_job_type.run_scheduled_jo..., kwargs={'job_type': 'frappe.email.queue.flush', 'scheduled_job_type': 'crcev9e846'..., method='frappe.core.doctype.scheduled_job_type.scheduled_job_type.run_scheduled_jo..., site='dev.localhost', user='Administrator') (dev.localhost::scheduled_job::crcev9e846)
2025-02-05 10:00:01,711 workspace-frappe-bench:default: Job OK (dev.localhost::scheduled_job::crcev9e846)
2025-02-05 10:00:01,711 Result is kept for 600 seconds
2025-02-05 10:00:01,719 workspace-frappe-bench:default: frappe.utils.background_jobs.execute_job(event=None, is_async=True, job_name='frappe.core.doctype.scheduled_job_type.scheduled_job_type.run_scheduled_jo..., kwargs={'job_type': 'frappe.automation.doctype.reminder.reminder.send_reminders', ..., method='frappe.core.doctype.scheduled_job_type.scheduled_job_type.run_scheduled_jo..., site='dev.localhost', user='Administrator') (dev.localhost::scheduled_job::crca9o91vm)
2025-02-05 10:00:01,952 workspace-frappe-bench:default: Job OK (dev.localhost::scheduled_job::crca9o91vm)
2025-02-05 10:00:01,952 Result is kept for 600 seconds
2025-02-05 10:00:01,958 workspace-frappe-bench:default: frappe.utils.background_jobs.execute_job(event=None, is_async=True, job_name='frappe.core.doctype.scheduled_job_type.scheduled_job_type.run_scheduled_jo..., kwargs={'job_type': 'frappe.oauth.delete_oauth2_data', 'scheduled_job_type': 'crc6..., method='frappe.core.doctype.scheduled_job_type.scheduled_job_type.run_scheduled_jo..., site='dev.localhost', user='Administrator') (dev.localhost::scheduled_job::crc6ddq9sv)
2025-02-05 10:00:02,199 workspace-frappe-bench:default: Job OK (dev.localhost::scheduled_job::crc6ddq9sv)
2025-02-05 10:00:02,200 Result is kept for 600 seconds
2025-02-05 10:00:02,206 workspace-frappe-bench:default: frappe.utils.background_jobs.execute_job(event=None, is_async=True, job_name='frappe.core.doctype.scheduled_job_type.scheduled_job_type.run_scheduled_jo..., kwargs={'job_type': 'frappe.deferred_insert.save_to_db', 'scheduled_job_type': 'cr..., method='frappe.core.doctype.scheduled_job_type.scheduled_job_type.run_scheduled_jo..., site='dev.localhost', user='Administrator') (dev.localhost::scheduled_job::crc4831grb)
2025-02-05 10:00:02,477 workspace-frappe-bench:default: Job OK (dev.localhost::scheduled_job::crc4831grb)
2025-02-05 10:00:02,477 Result is kept for 600 seconds
2025-02-05 10:00:02,483 workspace-frappe-bench:default: frappe.utils.background_jobs.execute_job(event=None, is_async=True, job_name='frappe.core.doctype.scheduled_job_type.scheduled_job_type.run_scheduled_jo..., kwargs={'job_type': 'erpnext.manufacturing.doctype.bom_update_log.bom_update_log.r..., method='frappe.core.doctype.scheduled_job_type.scheduled_job_type.run_scheduled_jo..., site='dev.localhost', user='Administrator') (dev.localhost::scheduled_job::gel41618ib)
2025-02-05 10:00:02,850 workspace-frappe-bench:default: Job OK (dev.localhost::scheduled_job::gel41618ib)
2025-02-05 10:00:02,851 Result is kept for 600 seconds
2025-02-05 10:00:02,859 workspace-frappe-bench:default: frappe.utils.background_jobs.execute_job(event=None, is_async=True, job_name='frappe.core.doctype.scheduled_job_type.scheduled_job_type.run_scheduled_jo..., kwargs={'job_type': 'frappe.website.doctype.web_page.web_page.check_publish_status..., method='frappe.core.doctype.scheduled_job_type.scheduled_job_type.run_scheduled_jo..., site='dev.localhost', user='Administrator') (dev.localhost::scheduled_job::crcid18n4v)
2025-02-05 10:00:03,402 workspace-frappe-bench:default: Job OK (dev.localhost::scheduled_job::crcid18n4v)
2025-02-05 10:00:03,402 Result is kept for 600 seconds
2025-02-05 10:00:03,414 workspace-frappe-bench:default: frappe.utils.background_jobs.execute_job(event=None, is_async=True, job_name='frappe.core.doctype.scheduled_job_type.scheduled_job_type.run_scheduled_jo..., kwargs={'job_type': 'erpnext.accounts.doctype.gl_entry.gl_entry.rename_gle_sle_doc..., method='frappe.core.doctype.scheduled_job_type.scheduled_job_type.run_scheduled_jo..., site='dev.localhost', user='Administrator') (dev.localhost::scheduled_job::gels0q3in2)
Traceback (most recent call last):
  File "apps/frappe/frappe/core/doctype/scheduled_job_type/scheduled_job_type.py", line 141, in execute
    self.log_status("Start")
  File "apps/frappe/frappe/core/doctype/scheduled_job_type/scheduled_job_type.py", line 157, in log_status
    self.update_scheduler_log(status)
  File "apps/frappe/frappe/core/doctype/scheduled_job_type/scheduled_job_type.py", line 162, in update_scheduler_log
    self.db_set("last_execution", now_datetime(), update_modified=False)
  File "apps/frappe/frappe/model/document.py", line 123, in wrapper
    return func(self, *args, **kwargs)
           ^^^^^^^^^^^^^^^^^^^^^^^^^^^
  File "apps/frappe/frappe/model/document.py", line 1368, in db_set
    self.run_method("before_change")
  File "apps/frappe/frappe/model/document.py", line 1097, in run_method
    self.run_notifications(method)
  File "apps/frappe/frappe/model/document.py", line 1130, in run_notifications
    notifications = frappe.client_cache.get_value(
                    ^^^^^^^^^^^^^^^^^^^^^^^^^^^^^^
  File "apps/frappe/frappe/utils/redis_wrapper.py", line 521, in get_value
    val = generator()
          ^^^^^^^^^^^
  File "apps/frappe/frappe/model/document.py", line 1124, in _get_notifications
    return frappe.get_all(
           ^^^^^^^^^^^^^^^
  File "apps/frappe/frappe/__init__.py", line 1997, in get_all
    return get_list(doctype, *args, **kwargs)
           ^^^^^^^^^^^^^^^^^^^^^^^^^^^^^^^^^^
  File "apps/frappe/frappe/__init__.py", line 1972, in get_list
    return frappe.model.db_query.DatabaseQuery(doctype).execute(*args, **kwargs)
           ^^^^^^^^^^^^^^^^^^^^^^^^^^^^^^^^^^^^^^^^^^^^^^^^^^^^^^^^^^^^^^^^^^^^^
  File "apps/frappe/frappe/model/db_query.py", line 185, in execute
    if is_virtual_doctype(self.doctype):
       ^^^^^^^^^^^^^^^^^^^^^^^^^^^^^^^^
  File "apps/frappe/frappe/utils/caching.py", line 150, in site_cache_wrapper
    result = func(*args, **kwargs)
             ^^^^^^^^^^^^^^^^^^^^^
  File "apps/frappe/frappe/model/utils/__init__.py", line 138, in is_virtual_doctype
    return getattr(frappe.get_meta(doctype), "is_virtual", False)
                   ^^^^^^^^^^^^^^^^^^^^^^^^
  File "apps/frappe/frappe/__init__.py", line 1290, in get_meta
    return frappe.model.meta.get_meta(doctype, cached=cached)
           ^^^^^^^^^^^^^^^^^^^^^^^^^^^^^^^^^^^^^^^^^^^^^^^^^^
  File "apps/frappe/frappe/model/meta.py", line 87, in get_meta
    meta = Meta(doctype)
           ^^^^^^^^^^^^^
  File "/home/frappe/.pyenv/versions/3.11.6/lib/python3.11/functools.py", line 946, in _method
    return method.__get__(obj, cls)(*args, **kwargs)
           ^^^^^^^^^^^^^^^^^^^^^^^^^^^^^^^^^^^^^^^^^
  File "apps/frappe/frappe/model/meta.py", line 152, in _
    super().__init__("DocType", doctype)
  File "apps/frappe/frappe/model/document.py", line 174, in __init__
    self._init_dispatch(args[0], *args[1:], **kwargs)
  File "/home/frappe/.pyenv/versions/3.11.6/lib/python3.11/functools.py", line 946, in _method
    return method.__get__(obj, cls)(*args, **kwargs)
           ^^^^^^^^^^^^^^^^^^^^^^^^^^^^^^^^^^^^^^^^^
  File "apps/frappe/frappe/model/document.py", line 204, in _init_str
    self._init_known_doc(doctype, name, **kwargs)
  File "apps/frappe/frappe/model/document.py", line 192, in _init_known_doc
    self.load_from_db()
  File "apps/frappe/frappe/model/meta.py", line 172, in load_from_db
    super().load_from_db()
  File "apps/frappe/frappe/model/document.py", line 263, in load_from_db
    self.load_children_from_db()
  File "apps/frappe/frappe/model/document.py", line 283, in load_children_from_db
    children = frappe.db.get_values(
               ^^^^^^^^^^^^^^^^^^^^^
  File "apps/frappe/frappe/database/database.py", line 646, in get_values
    out = query.run(as_dict=as_dict, debug=debug, update=update, run=run, pluck=pluck)
          ^^^^^^^^^^^^^^^^^^^^^^^^^^^^^^^^^^^^^^^^^^^^^^^^^^^^^^^^^^^^^^^^^^^^^^^^^^^^
  File "apps/frappe/frappe/query_builder/utils.py", line 84, in execute_query
    result = frappe.db.sql(query, params, *args, **kwargs)  # nosemgrep
             ^^^^^^^^^^^^^^^^^^^^^^^^^^^^^^^^^^^^^^^^^^^^^
  File "apps/frappe/frappe/database/database.py", line 238, in sql
    self._cursor.execute(query, values)
  File "env/lib/python3.11/site-packages/pymysql/cursors.py", line 153, in execute
    result = self._query(query)
             ^^^^^^^^^^^^^^^^^^
  File "env/lib/python3.11/site-packages/pymysql/cursors.py", line 322, in _query
    conn.query(q)
  File "env/lib/python3.11/site-packages/pymysql/connections.py", line 563, in query
    self._affected_rows = self._read_query_result(unbuffered=unbuffered)
                          ^^^^^^^^^^^^^^^^^^^^^^^^^^^^^^^^^^^^^^^^^^^^^^
  File "env/lib/python3.11/site-packages/pymysql/connections.py", line 825, in _read_query_result
    result.read()
  File "env/lib/python3.11/site-packages/pymysql/connections.py", line 1199, in read
    first_packet = self.connection._read_packet()
                   ^^^^^^^^^^^^^^^^^^^^^^^^^^^^^^
  File "env/lib/python3.11/site-packages/pymysql/connections.py", line 744, in _read_packet
    packet_header = self._read_bytes(4)
                    ^^^^^^^^^^^^^^^^^^^
  File "env/lib/python3.11/site-packages/pymysql/connections.py", line 798, in _read_bytes
    raise err.OperationalError(
pymysql.err.OperationalError: (2013, 'Lost connection to MySQL server during query')

During handling of the above exception, another exception occurred:

Traceback (most recent call last):
  File "apps/frappe/frappe/core/doctype/scheduled_job_type/scheduled_job_type.py", line 196, in run_scheduled_job
    frappe.get_doc("Scheduled Job Type", scheduled_job_type).execute()
  File "apps/frappe/frappe/core/doctype/scheduled_job_type/scheduled_job_type.py", line 151, in execute
    frappe.db.rollback()
  File "apps/frappe/frappe/database/database.py", line 1163, in rollback
    self.sql("rollback")
  File "apps/frappe/frappe/database/database.py", line 238, in sql
    self._cursor.execute(query, values)
  File "env/lib/python3.11/site-packages/pymysql/cursors.py", line 153, in execute
    result = self._query(query)
             ^^^^^^^^^^^^^^^^^^
  File "env/lib/python3.11/site-packages/pymysql/cursors.py", line 322, in _query
    conn.query(q)
  File "env/lib/python3.11/site-packages/pymysql/connections.py", line 562, in query
    self._execute_command(COMMAND.COM_QUERY, sql)
  File "env/lib/python3.11/site-packages/pymysql/connections.py", line 843, in _execute_command
    raise err.InterfaceError(0, "")
pymysql.err.InterfaceError: (0, '')

Traceback (most recent call last):
  File "/workspace/frappe-bench/env/lib/python3.11/site-packages/redis/connection.py", line 357, in connect
    sock = self.retry.call_with_retry(
           ^^^^^^^^^^^^^^^^^^^^^^^^^^^
  File "/workspace/frappe-bench/env/lib/python3.11/site-packages/redis/retry.py", line 62, in call_with_retry
    return do()
           ^^^^
  File "/workspace/frappe-bench/env/lib/python3.11/site-packages/redis/connection.py", line 358, in <lambda>
    lambda: self._connect(), lambda error: self.disconnect(error)
            ^^^^^^^^^^^^^^^
  File "/workspace/frappe-bench/env/lib/python3.11/site-packages/redis/connection.py", line 698, in _connect
    for res in socket.getaddrinfo(
               ^^^^^^^^^^^^^^^^^^^
  File "/home/frappe/.pyenv/versions/3.11.6/lib/python3.11/socket.py", line 962, in getaddrinfo
    for res in _socket.getaddrinfo(host, port, family, type, proto, flags):
               ^^^^^^^^^^^^^^^^^^^^^^^^^^^^^^^^^^^^^^^^^^^^^^^^^^^^^^^^^^^
socket.gaierror: [Errno -2] Name or service not known

During handling of the above exception, another exception occurred:

Traceback (most recent call last):
  File "/workspace/frappe-bench/apps/frappe/frappe/utils/bench_helper.py", line 48, in invoke
    return super().invoke(ctx)
           ^^^^^^^^^^^^^^^^^^^
  File "/workspace/frappe-bench/env/lib/python3.11/site-packages/click/core.py", line 1697, in invoke
    return _process_result(sub_ctx.command.invoke(sub_ctx))
                           ^^^^^^^^^^^^^^^^^^^^^^^^^^^^^^^
  File "/workspace/frappe-bench/env/lib/python3.11/site-packages/click/core.py", line 1443, in invoke
    return ctx.invoke(self.callback, **ctx.params)
           ^^^^^^^^^^^^^^^^^^^^^^^^^^^^^^^^^^^^^^^
  File "/workspace/frappe-bench/env/lib/python3.11/site-packages/click/core.py", line 788, in invoke
    return __callback(*args, **kwargs)
           ^^^^^^^^^^^^^^^^^^^^^^^^^^^
  File "/workspace/frappe-bench/apps/frappe/frappe/commands/scheduler.py", line 206, in start_worker
    start_worker(
  File "/workspace/frappe-bench/apps/frappe/frappe/utils/background_jobs.py", line 324, in start_worker
    worker.work(
  File "/workspace/frappe-bench/env/lib/python3.11/site-packages/rq/worker.py", line 458, in work
    self.teardown()
  File "/workspace/frappe-bench/env/lib/python3.11/site-packages/rq/worker.py", line 1048, in teardown
    self.register_death()
  File "/workspace/frappe-bench/env/lib/python3.11/site-packages/rq/worker.py", line 834, in register_death
    p.execute()
  File "/workspace/frappe-bench/env/lib/python3.11/site-packages/redis/client.py", line 1524, in execute
    conn = self.connection_pool.get_connection("MULTI", self.shard_hint)
           ^^^^^^^^^^^^^^^^^^^^^^^^^^^^^^^^^^^^^^^^^^^^^^^^^^^^^^^^^^^^^
  File "/workspace/frappe-bench/env/lib/python3.11/site-packages/redis/connection.py", line 1422, in get_connection
    connection.connect()
  File "/workspace/frappe-bench/env/lib/python3.11/site-packages/redis/connection.py", line 363, in connect
    raise ConnectionError(self._error_message(e))
redis.exceptions.ConnectionError: Error -2 connecting to redis-queue:6379. Name or service not known.

Error -2 connecting to redis-queue:6379. Name or service not known.
2025-02-05 10:02:04,703 Worker rq:worker:38653225995a48bebf41497c3565010b started with PID 3134, version 1.16.2
2025-02-05 10:02:04,754 Subscribing to channel rq:pubsub:38653225995a48bebf41497c3565010b
2025-02-05 10:02:04,799 *** Listening on workspace-frappe-bench:short, workspace-frappe-bench:default, workspace-frappe-bench:long...
2025-02-05 10:02:04,800 Cleaning registries for queue: workspace-frappe-bench:short
2025-02-05 10:02:04,808 Cleaning registries for queue: workspace-frappe-bench:default
2025-02-05 10:02:05,694 Cleaning registries for queue: workspace-frappe-bench:long
2025-02-05 10:02:05,705 workspace-frappe-bench:default: frappe.utils.background_jobs.execute_job(event=None, is_async=True, job_name='frappe.core.doctype.scheduled_job_type.scheduled_job_type.run_scheduled_jo..., kwargs={'job_type': 'frappe.twofactor.delete_all_barcodes_for_users', 'scheduled_j..., method='frappe.core.doctype.scheduled_job_type.scheduled_job_type.run_scheduled_jo..., site='dev.localhost', user='Administrator') (dev.localhost::scheduled_job::crc77skg1t)
Traceback (most recent call last):
  File "apps/frappe/frappe/core/doctype/scheduled_job_type/scheduled_job_type.py", line 196, in run_scheduled_job
    frappe.get_doc("Scheduled Job Type", scheduled_job_type).execute()
    ^^^^^^^^^^^^^^^^^^^^^^^^^^^^^^^^^^^^^^^^^^^^^^^^^^^^^^^^
  File "apps/frappe/frappe/__init__.py", line 1263, in get_doc
    return frappe.model.document.get_doc(*args, **kwargs)
           ^^^^^^^^^^^^^^^^^^^^^^^^^^^^^^^^^^^^^^^^^^^^^^
  File "apps/frappe/frappe/model/utils/__init__.py", line 215, in wrapper
    return dispatch(args[0])(*args, **kw)
           ^^^^^^^^^^^^^^^^^^^^^^^^^^^^^^
  File "apps/frappe/frappe/model/document.py", line 88, in get_doc_str
    controller = get_controller(doctype)
                 ^^^^^^^^^^^^^^^^^^^^^^^
  File "apps/frappe/frappe/model/base_document.py", line 68, in get_controller
    return import_controller(doctype)
           ^^^^^^^^^^^^^^^^^^^^^^^^^^
  File "apps/frappe/frappe/model/base_document.py", line 83, in import_controller
    doctype_info = frappe.db.get_value("DocType", doctype, fieldname="*")
                   ^^^^^^^^^^^^^^^^^^^^^^^^^^^^^^^^^^^^^^^^^^^^^^^^^^^^^^
  File "apps/frappe/frappe/database/database.py", line 530, in get_value
    result = self.get_values(
             ^^^^^^^^^^^^^^^^
  File "apps/frappe/frappe/database/database.py", line 646, in get_values
    out = query.run(as_dict=as_dict, debug=debug, update=update, run=run, pluck=pluck)
          ^^^^^^^^^^^^^^^^^^^^^^^^^^^^^^^^^^^^^^^^^^^^^^^^^^^^^^^^^^^^^^^^^^^^^^^^^^^^
  File "apps/frappe/frappe/query_builder/utils.py", line 84, in execute_query
    result = frappe.db.sql(query, params, *args, **kwargs)  # nosemgrep
             ^^^^^^^^^^^^^^^^^^^^^^^^^^^^^^^^^^^^^^^^^^^^^
  File "apps/frappe/frappe/database/database.py", line 215, in sql
    self.connect()
  File "apps/frappe/frappe/database/database.py", line 120, in connect
    self._conn: MariadbConnection | PostgresConnection = self.get_connection()
                                                         ^^^^^^^^^^^^^^^^^^^^^
  File "apps/frappe/frappe/database/mariadb/database.py", line 107, in get_connection
    conn = self._get_connection()
           ^^^^^^^^^^^^^^^^^^^^^^
  File "apps/frappe/frappe/database/mariadb/database.py", line 113, in _get_connection
    return self.create_connection()
           ^^^^^^^^^^^^^^^^^^^^^^^^
  File "apps/frappe/frappe/database/mariadb/database.py", line 116, in create_connection
    return pymysql.connect(**self.get_connection_settings())
           ^^^^^^^^^^^^^^^^^^^^^^^^^^^^^^^^^^^^^^^^^^^^^^^^^
  File "env/lib/python3.11/site-packages/pymysql/connections.py", line 361, in __init__
    self.connect()
  File "env/lib/python3.11/site-packages/pymysql/connections.py", line 669, in connect
    self._request_authentication()
  File "env/lib/python3.11/site-packages/pymysql/connections.py", line 957, in _request_authentication
    auth_packet = self._read_packet()
                  ^^^^^^^^^^^^^^^^^^^
  File "env/lib/python3.11/site-packages/pymysql/connections.py", line 775, in _read_packet
    packet.raise_for_error()
  File "env/lib/python3.11/site-packages/pymysql/protocol.py", line 219, in raise_for_error
    err.raise_mysql_exception(self._data)
  File "env/lib/python3.11/site-packages/pymysql/err.py", line 150, in raise_mysql_exception
    raise errorclass(errno, errval)
pymysql.err.OperationalError: (1045, "Access denied for user '_2546c6ad1467e757'@'172.18.0.3' (using password: YES)")

2025-02-05 10:02:07,574 workspace-frappe-bench:default: frappe.utils.background_jobs.execute_job(event=None, is_async=True, job_name='frappe.core.doctype.scheduled_job_type.scheduled_job_type.run_scheduled_jo..., kwargs={'job_type': 'frappe.monitor.flush', 'scheduled_job_type': 'crcssvtvho'}, method='frappe.core.doctype.scheduled_job_type.scheduled_job_type.run_scheduled_jo..., site='dev.localhost', user='Administrator') (dev.localhost::scheduled_job::crcssvtvho)
Traceback (most recent call last):
  File "apps/frappe/frappe/core/doctype/scheduled_job_type/scheduled_job_type.py", line 196, in run_scheduled_job
    frappe.get_doc("Scheduled Job Type", scheduled_job_type).execute()
    ^^^^^^^^^^^^^^^^^^^^^^^^^^^^^^^^^^^^^^^^^^^^^^^^^^^^^^^^
  File "apps/frappe/frappe/__init__.py", line 1263, in get_doc
    return frappe.model.document.get_doc(*args, **kwargs)
           ^^^^^^^^^^^^^^^^^^^^^^^^^^^^^^^^^^^^^^^^^^^^^^
  File "apps/frappe/frappe/model/utils/__init__.py", line 215, in wrapper
    return dispatch(args[0])(*args, **kw)
           ^^^^^^^^^^^^^^^^^^^^^^^^^^^^^^
  File "apps/frappe/frappe/model/document.py", line 88, in get_doc_str
    controller = get_controller(doctype)
                 ^^^^^^^^^^^^^^^^^^^^^^^
  File "apps/frappe/frappe/model/base_document.py", line 68, in get_controller
    return import_controller(doctype)
           ^^^^^^^^^^^^^^^^^^^^^^^^^^
  File "apps/frappe/frappe/model/base_document.py", line 83, in import_controller
    doctype_info = frappe.db.get_value("DocType", doctype, fieldname="*")
                   ^^^^^^^^^^^^^^^^^^^^^^^^^^^^^^^^^^^^^^^^^^^^^^^^^^^^^^
  File "apps/frappe/frappe/database/database.py", line 530, in get_value
    result = self.get_values(
             ^^^^^^^^^^^^^^^^
  File "apps/frappe/frappe/database/database.py", line 646, in get_values
    out = query.run(as_dict=as_dict, debug=debug, update=update, run=run, pluck=pluck)
          ^^^^^^^^^^^^^^^^^^^^^^^^^^^^^^^^^^^^^^^^^^^^^^^^^^^^^^^^^^^^^^^^^^^^^^^^^^^^
  File "apps/frappe/frappe/query_builder/utils.py", line 84, in execute_query
    result = frappe.db.sql(query, params, *args, **kwargs)  # nosemgrep
             ^^^^^^^^^^^^^^^^^^^^^^^^^^^^^^^^^^^^^^^^^^^^^
  File "apps/frappe/frappe/database/database.py", line 215, in sql
    self.connect()
  File "apps/frappe/frappe/database/database.py", line 120, in connect
    self._conn: MariadbConnection | PostgresConnection = self.get_connection()
                                                         ^^^^^^^^^^^^^^^^^^^^^
  File "apps/frappe/frappe/database/mariadb/database.py", line 107, in get_connection
    conn = self._get_connection()
           ^^^^^^^^^^^^^^^^^^^^^^
  File "apps/frappe/frappe/database/mariadb/database.py", line 113, in _get_connection
    return self.create_connection()
           ^^^^^^^^^^^^^^^^^^^^^^^^
  File "apps/frappe/frappe/database/mariadb/database.py", line 116, in create_connection
    return pymysql.connect(**self.get_connection_settings())
           ^^^^^^^^^^^^^^^^^^^^^^^^^^^^^^^^^^^^^^^^^^^^^^^^^
  File "env/lib/python3.11/site-packages/pymysql/connections.py", line 361, in __init__
    self.connect()
  File "env/lib/python3.11/site-packages/pymysql/connections.py", line 669, in connect
    self._request_authentication()
  File "env/lib/python3.11/site-packages/pymysql/connections.py", line 957, in _request_authentication
    auth_packet = self._read_packet()
                  ^^^^^^^^^^^^^^^^^^^
  File "env/lib/python3.11/site-packages/pymysql/connections.py", line 775, in _read_packet
    packet.raise_for_error()
  File "env/lib/python3.11/site-packages/pymysql/protocol.py", line 219, in raise_for_error
    err.raise_mysql_exception(self._data)
  File "env/lib/python3.11/site-packages/pymysql/err.py", line 150, in raise_mysql_exception
    raise errorclass(errno, errval)
pymysql.err.OperationalError: (1045, "Access denied for user '_2546c6ad1467e757'@'172.18.0.3' (using password: YES)")

2025-02-05 10:02:07,667 workspace-frappe-bench:default: frappe.utils.background_jobs.execute_job(event=None, is_async=True, job_name='frappe.core.doctype.scheduled_job_type.scheduled_job_type.run_scheduled_jo..., kwargs={'job_type': 'frappe.email.doctype.email_account.email_account.pull', 'sche..., method='frappe.core.doctype.scheduled_job_type.scheduled_job_type.run_scheduled_jo..., site='dev.localhost', user='Administrator') (dev.localhost::scheduled_job::crcbt5i0u7)
Traceback (most recent call last):
  File "apps/frappe/frappe/core/doctype/scheduled_job_type/scheduled_job_type.py", line 196, in run_scheduled_job
    frappe.get_doc("Scheduled Job Type", scheduled_job_type).execute()
    ^^^^^^^^^^^^^^^^^^^^^^^^^^^^^^^^^^^^^^^^^^^^^^^^^^^^^^^^
  File "apps/frappe/frappe/__init__.py", line 1263, in get_doc
    return frappe.model.document.get_doc(*args, **kwargs)
           ^^^^^^^^^^^^^^^^^^^^^^^^^^^^^^^^^^^^^^^^^^^^^^
  File "apps/frappe/frappe/model/utils/__init__.py", line 215, in wrapper
    return dispatch(args[0])(*args, **kw)
           ^^^^^^^^^^^^^^^^^^^^^^^^^^^^^^
  File "apps/frappe/frappe/model/document.py", line 88, in get_doc_str
    controller = get_controller(doctype)
                 ^^^^^^^^^^^^^^^^^^^^^^^
  File "apps/frappe/frappe/model/base_document.py", line 68, in get_controller
    return import_controller(doctype)
           ^^^^^^^^^^^^^^^^^^^^^^^^^^
  File "apps/frappe/frappe/model/base_document.py", line 83, in import_controller
    doctype_info = frappe.db.get_value("DocType", doctype, fieldname="*")
                   ^^^^^^^^^^^^^^^^^^^^^^^^^^^^^^^^^^^^^^^^^^^^^^^^^^^^^^
  File "apps/frappe/frappe/database/database.py", line 530, in get_value
    result = self.get_values(
             ^^^^^^^^^^^^^^^^
  File "apps/frappe/frappe/database/database.py", line 646, in get_values
    out = query.run(as_dict=as_dict, debug=debug, update=update, run=run, pluck=pluck)
          ^^^^^^^^^^^^^^^^^^^^^^^^^^^^^^^^^^^^^^^^^^^^^^^^^^^^^^^^^^^^^^^^^^^^^^^^^^^^
  File "apps/frappe/frappe/query_builder/utils.py", line 84, in execute_query
    result = frappe.db.sql(query, params, *args, **kwargs)  # nosemgrep
             ^^^^^^^^^^^^^^^^^^^^^^^^^^^^^^^^^^^^^^^^^^^^^
  File "apps/frappe/frappe/database/database.py", line 215, in sql
    self.connect()
  File "apps/frappe/frappe/database/database.py", line 120, in connect
    self._conn: MariadbConnection | PostgresConnection = self.get_connection()
                                                         ^^^^^^^^^^^^^^^^^^^^^
  File "apps/frappe/frappe/database/mariadb/database.py", line 107, in get_connection
    conn = self._get_connection()
           ^^^^^^^^^^^^^^^^^^^^^^
  File "apps/frappe/frappe/database/mariadb/database.py", line 113, in _get_connection
    return self.create_connection()
           ^^^^^^^^^^^^^^^^^^^^^^^^
  File "apps/frappe/frappe/database/mariadb/database.py", line 116, in create_connection
    return pymysql.connect(**self.get_connection_settings())
           ^^^^^^^^^^^^^^^^^^^^^^^^^^^^^^^^^^^^^^^^^^^^^^^^^
  File "env/lib/python3.11/site-packages/pymysql/connections.py", line 361, in __init__
    self.connect()
  File "env/lib/python3.11/site-packages/pymysql/connections.py", line 669, in connect
    self._request_authentication()
  File "env/lib/python3.11/site-packages/pymysql/connections.py", line 957, in _request_authentication
    auth_packet = self._read_packet()
                  ^^^^^^^^^^^^^^^^^^^
  File "env/lib/python3.11/site-packages/pymysql/connections.py", line 775, in _read_packet
    packet.raise_for_error()
  File "env/lib/python3.11/site-packages/pymysql/protocol.py", line 219, in raise_for_error
    err.raise_mysql_exception(self._data)
  File "env/lib/python3.11/site-packages/pymysql/err.py", line 150, in raise_mysql_exception
    raise errorclass(errno, errval)
pymysql.err.OperationalError: (1045, "Access denied for user '_2546c6ad1467e757'@'172.18.0.3' (using password: YES)")

2025-02-05 10:02:52,034 Worker 38653225995a48bebf41497c3565010b [PID 3134]: warm shut down requested
2025-02-05 10:02:52,070 Unsubscribing from channel rq:pubsub:38653225995a48bebf41497c3565010b
2025-02-05 10:05:31,535 Worker rq:worker:53f84ec1815441dc864b674a445d894d started with PID 5289, version 1.16.2
2025-02-05 10:05:31,535 Subscribing to channel rq:pubsub:53f84ec1815441dc864b674a445d894d
2025-02-05 10:05:31,539 *** Listening on workspace-frappe-bench:short, workspace-frappe-bench:default, workspace-frappe-bench:long...
2025-02-05 10:05:31,539 Cleaning registries for queue: workspace-frappe-bench:short
2025-02-05 10:05:31,541 Cleaning registries for queue: workspace-frappe-bench:default
2025-02-05 10:05:31,542 Cleaning registries for queue: workspace-frappe-bench:long
2025-02-05 10:06:22,014 Worker 53f84ec1815441dc864b674a445d894d [PID 5289]: warm shut down requested
2025-02-05 10:06:22,022 Unsubscribing from channel rq:pubsub:53f84ec1815441dc864b674a445d894d
2025-02-05 10:07:16,689 Worker rq:worker:57baf16821854f339c89e5d5fb1a87ac started with PID 6631, version 1.16.2
2025-02-05 10:07:16,689 Subscribing to channel rq:pubsub:57baf16821854f339c89e5d5fb1a87ac
2025-02-05 10:07:16,718 *** Listening on workspace-frappe-bench:short, workspace-frappe-bench:default, workspace-frappe-bench:long...
2025-02-05 10:07:16,719 Cleaning registries for queue: workspace-frappe-bench:short
2025-02-05 10:07:16,734 Cleaning registries for queue: workspace-frappe-bench:default
2025-02-05 10:07:16,743 Cleaning registries for queue: workspace-frappe-bench:long
2025-02-05 10:08:00,268 workspace-frappe-bench:default: frappe.utils.background_jobs.execute_job(event=None, is_async=True, job_name='frappe.core.doctype.scheduled_job_type.scheduled_job_type.run_scheduled_jo..., kwargs={'job_type': 'frappe.monitor.flush', 'scheduled_job_type': 'bki6l2o4v2'}, method='frappe.core.doctype.scheduled_job_type.scheduled_job_type.run_scheduled_jo..., site='dev.localhost', user='Administrator') (dev.localhost::scheduled_job::bki6l2o4v2)
2025-02-05 10:08:00,547 workspace-frappe-bench:default: Job OK (dev.localhost::scheduled_job::bki6l2o4v2)
2025-02-05 10:08:00,547 Result is kept for 600 seconds
2025-02-05 10:08:00,554 workspace-frappe-bench:default: frappe.utils.background_jobs.execute_job(event=None, is_async=True, job_name='frappe.core.doctype.scheduled_job_type.scheduled_job_type.run_scheduled_jo..., kwargs={'job_type': 'frappe.email.queue.flush', 'scheduled_job_type': 'bkiu9mep7k'..., method='frappe.core.doctype.scheduled_job_type.scheduled_job_type.run_scheduled_jo..., site='dev.localhost', user='Administrator') (dev.localhost::scheduled_job::bkiu9mep7k)
2025-02-05 10:08:00,868 workspace-frappe-bench:default: Job OK (dev.localhost::scheduled_job::bkiu9mep7k)
2025-02-05 10:08:00,868 Result is kept for 600 seconds
2025-02-05 10:08:52,217 Worker 57baf16821854f339c89e5d5fb1a87ac [PID 6631]: warm shut down requested
2025-02-05 10:08:52,230 Unsubscribing from channel rq:pubsub:57baf16821854f339c89e5d5fb1a87ac
2025-02-05 10:11:59,670 Worker rq:worker:64f40ccf4b7847cea8943f8b9fbd22c9 started with PID 9468, version 1.16.2
2025-02-05 10:11:59,670 Subscribing to channel rq:pubsub:64f40ccf4b7847cea8943f8b9fbd22c9
2025-02-05 10:11:59,675 *** Listening on workspace-frappe-bench:short, workspace-frappe-bench:default, workspace-frappe-bench:long...
2025-02-05 10:11:59,675 Cleaning registries for queue: workspace-frappe-bench:short
2025-02-05 10:11:59,677 Cleaning registries for queue: workspace-frappe-bench:default
2025-02-05 10:11:59,678 Cleaning registries for queue: workspace-frappe-bench:long
2025-02-05 10:12:56,150 Worker 64f40ccf4b7847cea8943f8b9fbd22c9 [PID 9468]: warm shut down requested
2025-02-05 10:12:56,190 Unsubscribing from channel rq:pubsub:64f40ccf4b7847cea8943f8b9fbd22c9
2025-02-05 10:16:03,495 Worker rq:worker:5797b0736bfa4c719d5074d732d4f8f7 started with PID 12270, version 1.16.2
2025-02-05 10:16:03,495 Subscribing to channel rq:pubsub:5797b0736bfa4c719d5074d732d4f8f7
2025-02-05 10:16:03,497 *** Listening on workspace-frappe-bench:short, workspace-frappe-bench:default, workspace-frappe-bench:long...
2025-02-05 10:16:03,498 Cleaning registries for queue: workspace-frappe-bench:short
2025-02-05 10:16:03,499 Cleaning registries for queue: workspace-frappe-bench:default
2025-02-05 10:16:03,501 Cleaning registries for queue: workspace-frappe-bench:long
2025-02-05 10:16:03,507 workspace-frappe-bench:default: frappe.utils.background_jobs.execute_job(event=None, is_async=True, job_name='frappe.model.delete_doc.delete_dynamic_links', kwargs={'doctype': 'Property Setter', 'name': 'Sales Order-tax_id-hidden'}, method='frappe.model.delete_doc.delete_dynamic_links', site='dev.localhost', user='Administrator') (dev.localhost::f34723f2-86b8-4e9a-8757-44feab382bb2)
2025-02-05 10:16:03,650 workspace-frappe-bench:default: Job OK (dev.localhost::f34723f2-86b8-4e9a-8757-44feab382bb2)
2025-02-05 10:16:03,658 Result is kept for 600 seconds
2025-02-05 10:16:03,696 workspace-frappe-bench:default: frappe.utils.background_jobs.execute_job(event=None, is_async=True, job_name='frappe.model.delete_doc.delete_dynamic_links', kwargs={'doctype': 'Property Setter', 'name': 'Sales Order-tax_id-print_hide'}, method='frappe.model.delete_doc.delete_dynamic_links', site='dev.localhost', user='Administrator') (dev.localhost::2a2d0d0f-3bf6-444e-991b-2e2f18ab89f3)
2025-02-05 10:16:03,879 workspace-frappe-bench:default: Job OK (dev.localhost::2a2d0d0f-3bf6-444e-991b-2e2f18ab89f3)
2025-02-05 10:16:03,879 Result is kept for 600 seconds
2025-02-05 10:16:03,886 workspace-frappe-bench:default: frappe.utils.background_jobs.execute_job(event=None, is_async=True, job_name='frappe.model.delete_doc.delete_dynamic_links', kwargs={'doctype': 'Property Setter', 'name': 'Sales Invoice-tax_id-hidden'}, method='frappe.model.delete_doc.delete_dynamic_links', site='dev.localhost', user='Administrator') (dev.localhost::2aa8eb4c-7db1-4f7c-942a-ff6f6c94203d)
2025-02-05 10:16:04,085 workspace-frappe-bench:default: Job OK (dev.localhost::2aa8eb4c-7db1-4f7c-942a-ff6f6c94203d)
2025-02-05 10:16:04,085 Result is kept for 600 seconds
2025-02-05 10:16:04,091 workspace-frappe-bench:default: frappe.utils.background_jobs.execute_job(event=None, is_async=True, job_name='frappe.model.delete_doc.delete_dynamic_links', kwargs={'doctype': 'Property Setter', 'name': 'Sales Invoice-tax_id-print_hide'}, method='frappe.model.delete_doc.delete_dynamic_links', site='dev.localhost', user='Administrator') (dev.localhost::a2ac66d1-f51c-40f2-921a-fd50ca9c3067)
2025-02-05 10:16:04,237 workspace-frappe-bench:default: Job OK (dev.localhost::a2ac66d1-f51c-40f2-921a-fd50ca9c3067)
2025-02-05 10:16:04,237 Result is kept for 600 seconds
2025-02-05 10:16:04,244 workspace-frappe-bench:default: frappe.utils.background_jobs.execute_job(event=None, is_async=True, job_name='frappe.model.delete_doc.delete_dynamic_links', kwargs={'doctype': 'Property Setter', 'name': 'Delivery Note-tax_id-hidden'}, method='frappe.model.delete_doc.delete_dynamic_links', site='dev.localhost', user='Administrator') (dev.localhost::3ad588f4-2e57-4097-9742-29bf86618b5c)
2025-02-05 10:16:04,350 workspace-frappe-bench:default: Job OK (dev.localhost::3ad588f4-2e57-4097-9742-29bf86618b5c)
2025-02-05 10:16:04,350 Result is kept for 600 seconds
2025-02-05 10:16:04,357 workspace-frappe-bench:default: frappe.utils.background_jobs.execute_job(event=None, is_async=True, job_name='frappe.model.delete_doc.delete_dynamic_links', kwargs={'doctype': 'Property Setter', 'name': 'Delivery Note-tax_id-print_hide'}, method='frappe.model.delete_doc.delete_dynamic_links', site='dev.localhost', user='Administrator') (dev.localhost::9c8e782f-38e6-47b5-b859-2f6e4703ca95)
2025-02-05 10:16:04,481 workspace-frappe-bench:default: Job OK (dev.localhost::9c8e782f-38e6-47b5-b859-2f6e4703ca95)
2025-02-05 10:16:04,481 Result is kept for 600 seconds
2025-02-05 10:16:04,488 workspace-frappe-bench:default: frappe.utils.background_jobs.execute_job(event=None, is_async=True, job_name='frappe.model.delete_doc.delete_dynamic_links', kwargs={'doctype': 'Property Setter', 'name': 'Packed Item-rate-read_only'}, method='frappe.model.delete_doc.delete_dynamic_links', site='dev.localhost', user='Administrator') (dev.localhost::288e2256-19d0-4192-82b6-3c8fb3bffb96)
2025-02-05 10:16:04,607 workspace-frappe-bench:default: Job OK (dev.localhost::288e2256-19d0-4192-82b6-3c8fb3bffb96)
2025-02-05 10:16:04,607 Result is kept for 600 seconds
2025-02-05 10:16:04,614 workspace-frappe-bench:default: frappe.utils.background_jobs.execute_job(event=None, is_async=True, job_name='frappe.model.delete_doc.delete_dynamic_links', kwargs={'doctype': 'Property Setter', 'name': 'Sales Invoice Item-discount_account..., method='frappe.model.delete_doc.delete_dynamic_links', site='dev.localhost', user='Administrator') (dev.localhost::a376f3bd-c60a-45ee-a1b0-9e713b4ca6ee)
2025-02-05 10:16:04,711 workspace-frappe-bench:default: Job OK (dev.localhost::a376f3bd-c60a-45ee-a1b0-9e713b4ca6ee)
2025-02-05 10:16:04,711 Result is kept for 600 seconds
2025-02-05 10:16:04,717 workspace-frappe-bench:default: frappe.utils.background_jobs.execute_job(event=None, is_async=True, job_name='frappe.model.delete_doc.delete_dynamic_links', kwargs={'doctype': 'Property Setter', 'name': 'Sales Invoice Item-discount_account..., method='frappe.model.delete_doc.delete_dynamic_links', site='dev.localhost', user='Administrator') (dev.localhost::c3209ee6-28df-4388-a2e6-5e6669d8feb6)
2025-02-05 10:16:04,944 workspace-frappe-bench:default: Job OK (dev.localhost::c3209ee6-28df-4388-a2e6-5e6669d8feb6)
2025-02-05 10:16:04,944 Result is kept for 600 seconds
2025-02-05 10:16:04,950 workspace-frappe-bench:default: frappe.utils.background_jobs.execute_job(event=None, is_async=True, job_name='frappe.model.delete_doc.delete_dynamic_links', kwargs={'doctype': 'Property Setter', 'name': 'Sales Invoice-additional_discount_a..., method='frappe.model.delete_doc.delete_dynamic_links', site='dev.localhost', user='Administrator') (dev.localhost::d2124aee-ce41-4642-8b84-3f8e52a3ce62)
2025-02-05 10:16:05,416 workspace-frappe-bench:default: Job OK (dev.localhost::d2124aee-ce41-4642-8b84-3f8e52a3ce62)
2025-02-05 10:16:05,416 Result is kept for 600 seconds
2025-02-05 10:16:05,422 workspace-frappe-bench:default: frappe.utils.background_jobs.execute_job(event=None, is_async=True, job_name='frappe.model.delete_doc.delete_dynamic_links', kwargs={'doctype': 'Property Setter', 'name': 'Sales Invoice-additional_discount_a..., method='frappe.model.delete_doc.delete_dynamic_links', site='dev.localhost', user='Administrator') (dev.localhost::8e69b729-7f9d-49ec-a88c-e5b6b304c394)
2025-02-05 10:16:05,513 workspace-frappe-bench:default: Job OK (dev.localhost::8e69b729-7f9d-49ec-a88c-e5b6b304c394)
2025-02-05 10:16:05,513 Result is kept for 600 seconds
2025-02-05 10:16:59,295 workspace-frappe-bench:default: frappe.utils.background_jobs.execute_job(event=None, is_async=True, job_name='frappe.model.delete_doc.delete_dynamic_links', kwargs={'doctype': 'Property Setter', 'name': 'Customer-naming_series-reqd'}, method='frappe.model.delete_doc.delete_dynamic_links', site='dev.localhost', user='Administrator') (dev.localhost::05afcdfb-8bc4-423a-b9bf-39c64cec98c2)
2025-02-05 10:16:59,363 workspace-frappe-bench:default: Job OK (dev.localhost::05afcdfb-8bc4-423a-b9bf-39c64cec98c2)
2025-02-05 10:16:59,363 Result is kept for 600 seconds
2025-02-05 10:16:59,372 workspace-frappe-bench:default: frappe.utils.background_jobs.execute_job(event=None, is_async=True, job_name='frappe.model.delete_doc.delete_dynamic_links', kwargs={'doctype': 'Property Setter', 'name': 'Customer-naming_series-hidden'}, method='frappe.model.delete_doc.delete_dynamic_links', site='dev.localhost', user='Administrator') (dev.localhost::8e7f8e8b-bcd9-4fcb-a8c3-6dceb005e41f)
2025-02-05 10:16:59,487 workspace-frappe-bench:default: Job OK (dev.localhost::8e7f8e8b-bcd9-4fcb-a8c3-6dceb005e41f)
2025-02-05 10:16:59,488 Result is kept for 600 seconds
2025-02-05 10:16:59,498 workspace-frappe-bench:default: frappe.utils.background_jobs.execute_job(event=None, is_async=True, job_name='frappe.model.delete_doc.delete_dynamic_links', kwargs={'doctype': 'Property Setter', 'name': 'Sales Order-tax_id-hidden'}, method='frappe.model.delete_doc.delete_dynamic_links', site='dev.localhost', user='Administrator') (dev.localhost::00e31ebf-daf5-4d31-919c-f3325feed7e7)
2025-02-05 10:16:59,567 workspace-frappe-bench:default: Job OK (dev.localhost::00e31ebf-daf5-4d31-919c-f3325feed7e7)
2025-02-05 10:16:59,567 Result is kept for 600 seconds
2025-02-05 10:16:59,574 workspace-frappe-bench:default: frappe.utils.background_jobs.execute_job(event=None, is_async=True, job_name='frappe.model.delete_doc.delete_dynamic_links', kwargs={'doctype': 'Property Setter', 'name': 'Sales Order-tax_id-print_hide'}, method='frappe.model.delete_doc.delete_dynamic_links', site='dev.localhost', user='Administrator') (dev.localhost::90df4a56-96b4-443e-9778-b5c2cbba0441)
2025-02-05 10:16:59,663 workspace-frappe-bench:default: Job OK (dev.localhost::90df4a56-96b4-443e-9778-b5c2cbba0441)
2025-02-05 10:16:59,663 Result is kept for 600 seconds
2025-02-05 10:16:59,670 workspace-frappe-bench:default: frappe.utils.background_jobs.execute_job(event=None, is_async=True, job_name='frappe.model.delete_doc.delete_dynamic_links', kwargs={'doctype': 'Property Setter', 'name': 'Sales Invoice-tax_id-hidden'}, method='frappe.model.delete_doc.delete_dynamic_links', site='dev.localhost', user='Administrator') (dev.localhost::11490bbe-fe1b-4e91-b8a4-4a231a60b756)
2025-02-05 10:16:59,816 workspace-frappe-bench:default: Job OK (dev.localhost::11490bbe-fe1b-4e91-b8a4-4a231a60b756)
2025-02-05 10:16:59,816 Result is kept for 600 seconds
2025-02-05 10:16:59,857 workspace-frappe-bench:default: frappe.utils.background_jobs.execute_job(event=None, is_async=True, job_name='frappe.model.delete_doc.delete_dynamic_links', kwargs={'doctype': 'Property Setter', 'name': 'Sales Invoice-tax_id-print_hide'}, method='frappe.model.delete_doc.delete_dynamic_links', site='dev.localhost', user='Administrator') (dev.localhost::193d98aa-fcf9-4dde-b022-1c8ecc4f65f9)
2025-02-05 10:17:00,085 workspace-frappe-bench:default: Job OK (dev.localhost::193d98aa-fcf9-4dde-b022-1c8ecc4f65f9)
2025-02-05 10:17:00,085 Result is kept for 600 seconds
2025-02-05 10:17:00,094 workspace-frappe-bench:default: frappe.utils.background_jobs.execute_job(event=None, is_async=True, job_name='frappe.model.delete_doc.delete_dynamic_links', kwargs={'doctype': 'Property Setter', 'name': 'Delivery Note-tax_id-hidden'}, method='frappe.model.delete_doc.delete_dynamic_links', site='dev.localhost', user='Administrator') (dev.localhost::a2a98215-3083-4fb4-adbf-1025d12fa8e0)
2025-02-05 10:17:00,173 workspace-frappe-bench:default: Job OK (dev.localhost::a2a98215-3083-4fb4-adbf-1025d12fa8e0)
2025-02-05 10:17:00,174 Result is kept for 600 seconds
2025-02-05 10:17:00,209 workspace-frappe-bench:default: frappe.utils.background_jobs.execute_job(event=None, is_async=True, job_name='frappe.model.delete_doc.delete_dynamic_links', kwargs={'doctype': 'Property Setter', 'name': 'Delivery Note-tax_id-print_hide'}, method='frappe.model.delete_doc.delete_dynamic_links', site='dev.localhost', user='Administrator') (dev.localhost::184ac88f-edcb-4921-bd15-bd6f788636c4)
2025-02-05 10:17:00,284 workspace-frappe-bench:default: Job OK (dev.localhost::184ac88f-edcb-4921-bd15-bd6f788636c4)
2025-02-05 10:17:00,284 Result is kept for 600 seconds
2025-02-05 10:17:00,297 workspace-frappe-bench:default: frappe.utils.background_jobs.execute_job(event=None, is_async=True, job_name='frappe.model.delete_doc.delete_dynamic_links', kwargs={'doctype': 'Property Setter', 'name': 'Packed Item-rate-read_only'}, method='frappe.model.delete_doc.delete_dynamic_links', site='dev.localhost', user='Administrator') (dev.localhost::2db78d97-f03d-47dc-8745-5bae5079548d)
2025-02-05 10:17:00,371 workspace-frappe-bench:default: Job OK (dev.localhost::2db78d97-f03d-47dc-8745-5bae5079548d)
2025-02-05 10:17:00,372 Result is kept for 600 seconds
2025-02-05 10:17:00,380 workspace-frappe-bench:default: frappe.utils.background_jobs.execute_job(event=None, is_async=True, job_name='frappe.model.delete_doc.delete_dynamic_links', kwargs={'doctype': 'Property Setter', 'name': 'Sales Invoice Item-discount_account..., method='frappe.model.delete_doc.delete_dynamic_links', site='dev.localhost', user='Administrator') (dev.localhost::0000e7f8-4321-4536-a325-eb1bb7290717)
2025-02-05 10:17:00,469 workspace-frappe-bench:default: Job OK (dev.localhost::0000e7f8-4321-4536-a325-eb1bb7290717)
2025-02-05 10:17:00,470 Result is kept for 600 seconds
2025-02-05 10:17:00,477 workspace-frappe-bench:default: frappe.utils.background_jobs.execute_job(event=None, is_async=True, job_name='frappe.model.delete_doc.delete_dynamic_links', kwargs={'doctype': 'Property Setter', 'name': 'Sales Invoice Item-discount_account..., method='frappe.model.delete_doc.delete_dynamic_links', site='dev.localhost', user='Administrator') (dev.localhost::9ca5e9b3-585d-4ff7-85de-0d678417f7fd)
2025-02-05 10:17:00,552 workspace-frappe-bench:default: Job OK (dev.localhost::9ca5e9b3-585d-4ff7-85de-0d678417f7fd)
2025-02-05 10:17:00,553 Result is kept for 600 seconds
2025-02-05 10:17:00,560 workspace-frappe-bench:default: frappe.utils.background_jobs.execute_job(event=None, is_async=True, job_name='frappe.model.delete_doc.delete_dynamic_links', kwargs={'doctype': 'Property Setter', 'name': 'Sales Invoice-additional_discount_a..., method='frappe.model.delete_doc.delete_dynamic_links', site='dev.localhost', user='Administrator') (dev.localhost::6c738920-bff4-4f02-8839-1d5c7ffecda0)
2025-02-05 10:17:00,633 workspace-frappe-bench:default: Job OK (dev.localhost::6c738920-bff4-4f02-8839-1d5c7ffecda0)
2025-02-05 10:17:00,633 Result is kept for 600 seconds
2025-02-05 10:17:00,641 workspace-frappe-bench:default: frappe.utils.background_jobs.execute_job(event=None, is_async=True, job_name='frappe.model.delete_doc.delete_dynamic_links', kwargs={'doctype': 'Property Setter', 'name': 'Sales Invoice-additional_discount_a..., method='frappe.model.delete_doc.delete_dynamic_links', site='dev.localhost', user='Administrator') (dev.localhost::d8f6da34-9f89-4f55-a22d-33cad8b91af3)
2025-02-05 10:17:00,718 workspace-frappe-bench:default: Job OK (dev.localhost::d8f6da34-9f89-4f55-a22d-33cad8b91af3)
2025-02-05 10:17:00,718 Result is kept for 600 seconds
2025-02-05 10:17:00,725 workspace-frappe-bench:default: frappe.utils.background_jobs.execute_job(event=None, is_async=True, job_name='frappe.model.delete_doc.delete_dynamic_links', kwargs={'doctype': 'Property Setter', 'name': 'Supplier-naming_series-reqd'}, method='frappe.model.delete_doc.delete_dynamic_links', site='dev.localhost', user='Administrator') (dev.localhost::cd5d79b5-6763-4d9b-a321-8f63f96b8ddb)
2025-02-05 10:17:00,815 workspace-frappe-bench:default: Job OK (dev.localhost::cd5d79b5-6763-4d9b-a321-8f63f96b8ddb)
2025-02-05 10:17:00,816 Result is kept for 600 seconds
2025-02-05 10:17:00,822 workspace-frappe-bench:default: frappe.utils.background_jobs.execute_job(event=None, is_async=True, job_name='frappe.model.delete_doc.delete_dynamic_links', kwargs={'doctype': 'Property Setter', 'name': 'Supplier-naming_series-hidden'}, method='frappe.model.delete_doc.delete_dynamic_links', site='dev.localhost', user='Administrator') (dev.localhost::14e44003-94fb-4746-815d-9f5ef03254ce)
2025-02-05 10:17:00,895 workspace-frappe-bench:default: Job OK (dev.localhost::14e44003-94fb-4746-815d-9f5ef03254ce)
2025-02-05 10:17:00,895 Result is kept for 600 seconds
2025-02-05 10:17:00,901 workspace-frappe-bench:default: frappe.utils.background_jobs.execute_job(event=None, is_async=True, job_name='frappe.model.delete_doc.delete_dynamic_links', kwargs={'doctype': 'Property Setter', 'name': 'Supplier-naming_series-reqd'}, method='frappe.model.delete_doc.delete_dynamic_links', site='dev.localhost', user='Administrator') (dev.localhost::e71508f0-14f7-412d-8d7f-5bb66b018c17)
2025-02-05 10:17:00,990 workspace-frappe-bench:default: Job OK (dev.localhost::e71508f0-14f7-412d-8d7f-5bb66b018c17)
2025-02-05 10:17:00,990 Result is kept for 600 seconds
2025-02-05 10:17:00,997 workspace-frappe-bench:default: frappe.utils.background_jobs.execute_job(event=None, is_async=True, job_name='frappe.model.delete_doc.delete_dynamic_links', kwargs={'doctype': 'Property Setter', 'name': 'Supplier-naming_series-hidden'}, method='frappe.model.delete_doc.delete_dynamic_links', site='dev.localhost', user='Administrator') (dev.localhost::4f0f3b4d-f86c-467d-94ee-3808c9219c86)
2025-02-05 10:17:01,070 workspace-frappe-bench:default: Job OK (dev.localhost::4f0f3b4d-f86c-467d-94ee-3808c9219c86)
2025-02-05 10:17:01,070 Result is kept for 600 seconds
2025-02-05 10:17:01,078 workspace-frappe-bench:default: frappe.utils.background_jobs.execute_job(event=None, is_async=True, job_name='frappe.model.delete_doc.delete_dynamic_links', kwargs={'doctype': 'Property Setter', 'name': 'Customer-naming_series-reqd'}, method='frappe.model.delete_doc.delete_dynamic_links', site='dev.localhost', user='Administrator') (dev.localhost::562d0042-751c-4b0e-a26a-0973612f0cbf)
2025-02-05 10:17:01,146 workspace-frappe-bench:default: Job OK (dev.localhost::562d0042-751c-4b0e-a26a-0973612f0cbf)
2025-02-05 10:17:01,146 Result is kept for 600 seconds
2025-02-05 10:17:01,153 workspace-frappe-bench:default: frappe.utils.background_jobs.execute_job(event=None, is_async=True, job_name='frappe.model.delete_doc.delete_dynamic_links', kwargs={'doctype': 'Property Setter', 'name': 'Customer-naming_series-hidden'}, method='frappe.model.delete_doc.delete_dynamic_links', site='dev.localhost', user='Administrator') (dev.localhost::2b059731-7fad-4eb4-8fcc-034ae8a7920e)
2025-02-05 10:17:01,218 workspace-frappe-bench:default: Job OK (dev.localhost::2b059731-7fad-4eb4-8fcc-034ae8a7920e)
2025-02-05 10:17:01,218 Result is kept for 600 seconds
2025-02-05 10:17:01,225 workspace-frappe-bench:default: frappe.utils.background_jobs.execute_job(event=None, is_async=True, job_name='frappe.model.delete_doc.delete_dynamic_links', kwargs={'doctype': 'Property Setter', 'name': 'Sales Order-tax_id-hidden'}, method='frappe.model.delete_doc.delete_dynamic_links', site='dev.localhost', user='Administrator') (dev.localhost::c78d18c4-ef81-482c-82d0-a771abdaf6d5)
2025-02-05 10:17:01,291 workspace-frappe-bench:default: Job OK (dev.localhost::c78d18c4-ef81-482c-82d0-a771abdaf6d5)
2025-02-05 10:17:01,291 Result is kept for 600 seconds
2025-02-05 10:17:01,303 workspace-frappe-bench:default: frappe.utils.background_jobs.execute_job(event=None, is_async=True, job_name='frappe.model.delete_doc.delete_dynamic_links', kwargs={'doctype': 'Property Setter', 'name': 'Sales Order-tax_id-print_hide'}, method='frappe.model.delete_doc.delete_dynamic_links', site='dev.localhost', user='Administrator') (dev.localhost::af714973-e734-45df-bd73-e6f3336275b3)
2025-02-05 10:17:01,370 workspace-frappe-bench:default: Job OK (dev.localhost::af714973-e734-45df-bd73-e6f3336275b3)
2025-02-05 10:17:01,371 Result is kept for 600 seconds
2025-02-05 10:17:01,377 workspace-frappe-bench:default: frappe.utils.background_jobs.execute_job(event=None, is_async=True, job_name='frappe.model.delete_doc.delete_dynamic_links', kwargs={'doctype': 'Property Setter', 'name': 'Sales Invoice-tax_id-hidden'}, method='frappe.model.delete_doc.delete_dynamic_links', site='dev.localhost', user='Administrator') (dev.localhost::0cfed85c-0541-4a8a-99c9-6d239730999a)
2025-02-05 10:17:01,463 workspace-frappe-bench:default: Job OK (dev.localhost::0cfed85c-0541-4a8a-99c9-6d239730999a)
2025-02-05 10:17:01,463 Result is kept for 600 seconds
2025-02-05 10:17:01,470 workspace-frappe-bench:default: frappe.utils.background_jobs.execute_job(event=None, is_async=True, job_name='frappe.model.delete_doc.delete_dynamic_links', kwargs={'doctype': 'Property Setter', 'name': 'Sales Invoice-tax_id-print_hide'}, method='frappe.model.delete_doc.delete_dynamic_links', site='dev.localhost', user='Administrator') (dev.localhost::5028ebd8-5ecf-496b-ac21-23ac0467db98)
2025-02-05 10:17:01,531 workspace-frappe-bench:default: Job OK (dev.localhost::5028ebd8-5ecf-496b-ac21-23ac0467db98)
2025-02-05 10:17:01,531 Result is kept for 600 seconds
2025-02-05 10:17:01,538 workspace-frappe-bench:default: frappe.utils.background_jobs.execute_job(event=None, is_async=True, job_name='frappe.model.delete_doc.delete_dynamic_links', kwargs={'doctype': 'Property Setter', 'name': 'Delivery Note-tax_id-hidden'}, method='frappe.model.delete_doc.delete_dynamic_links', site='dev.localhost', user='Administrator') (dev.localhost::2d3c5f75-582a-4fb8-803f-e9eb92fa38e7)
2025-02-05 10:17:01,605 workspace-frappe-bench:default: Job OK (dev.localhost::2d3c5f75-582a-4fb8-803f-e9eb92fa38e7)
2025-02-05 10:17:01,605 Result is kept for 600 seconds
2025-02-05 10:17:01,615 workspace-frappe-bench:default: frappe.utils.background_jobs.execute_job(event=None, is_async=True, job_name='frappe.model.delete_doc.delete_dynamic_links', kwargs={'doctype': 'Property Setter', 'name': 'Delivery Note-tax_id-print_hide'}, method='frappe.model.delete_doc.delete_dynamic_links', site='dev.localhost', user='Administrator') (dev.localhost::c4f12fcb-1ac5-47b1-8bd5-aef134c5d015)
2025-02-05 10:17:01,680 workspace-frappe-bench:default: Job OK (dev.localhost::c4f12fcb-1ac5-47b1-8bd5-aef134c5d015)
2025-02-05 10:17:01,681 Result is kept for 600 seconds
2025-02-05 10:17:01,688 workspace-frappe-bench:default: frappe.utils.background_jobs.execute_job(event=None, is_async=True, job_name='frappe.model.delete_doc.delete_dynamic_links', kwargs={'doctype': 'Property Setter', 'name': 'Packed Item-rate-read_only'}, method='frappe.model.delete_doc.delete_dynamic_links', site='dev.localhost', user='Administrator') (dev.localhost::e95f8ef0-98ba-43e2-9b5d-2c09279b6446)
2025-02-05 10:17:01,754 workspace-frappe-bench:default: Job OK (dev.localhost::e95f8ef0-98ba-43e2-9b5d-2c09279b6446)
2025-02-05 10:17:01,754 Result is kept for 600 seconds
2025-02-05 10:17:01,765 workspace-frappe-bench:default: frappe.utils.background_jobs.execute_job(event=None, is_async=True, job_name='frappe.model.delete_doc.delete_dynamic_links', kwargs={'doctype': 'Property Setter', 'name': 'Sales Invoice Item-discount_account..., method='frappe.model.delete_doc.delete_dynamic_links', site='dev.localhost', user='Administrator') (dev.localhost::feebe396-31dd-4924-be13-5bb2be64cc1e)
2025-02-05 10:17:01,845 workspace-frappe-bench:default: Job OK (dev.localhost::feebe396-31dd-4924-be13-5bb2be64cc1e)
2025-02-05 10:17:01,845 Result is kept for 600 seconds
2025-02-05 10:17:01,853 workspace-frappe-bench:default: frappe.utils.background_jobs.execute_job(event=None, is_async=True, job_name='frappe.model.delete_doc.delete_dynamic_links', kwargs={'doctype': 'Property Setter', 'name': 'Sales Invoice Item-discount_account..., method='frappe.model.delete_doc.delete_dynamic_links', site='dev.localhost', user='Administrator') (dev.localhost::4a812650-4308-49f3-ab65-a6a0b688201b)
2025-02-05 10:17:02,132 workspace-frappe-bench:default: Job OK (dev.localhost::4a812650-4308-49f3-ab65-a6a0b688201b)
2025-02-05 10:17:02,134 Result is kept for 600 seconds
2025-02-05 10:17:02,161 workspace-frappe-bench:default: frappe.utils.background_jobs.execute_job(event=None, is_async=True, job_name='frappe.model.delete_doc.delete_dynamic_links', kwargs={'doctype': 'Property Setter', 'name': 'Sales Invoice-additional_discount_a..., method='frappe.model.delete_doc.delete_dynamic_links', site='dev.localhost', user='Administrator') (dev.localhost::2c0f0203-4803-429f-84ac-86a849157295)
2025-02-05 10:17:02,387 workspace-frappe-bench:default: Job OK (dev.localhost::2c0f0203-4803-429f-84ac-86a849157295)
2025-02-05 10:17:02,387 Result is kept for 600 seconds
2025-02-05 10:17:02,398 workspace-frappe-bench:default: frappe.utils.background_jobs.execute_job(event=None, is_async=True, job_name='frappe.model.delete_doc.delete_dynamic_links', kwargs={'doctype': 'Property Setter', 'name': 'Sales Invoice-additional_discount_a..., method='frappe.model.delete_doc.delete_dynamic_links', site='dev.localhost', user='Administrator') (dev.localhost::88289053-eb97-49b7-a630-c84b3d27ddb7)
2025-02-05 10:17:02,476 workspace-frappe-bench:default: Job OK (dev.localhost::88289053-eb97-49b7-a630-c84b3d27ddb7)
2025-02-05 10:17:02,476 Result is kept for 600 seconds
2025-02-05 10:17:02,483 workspace-frappe-bench:default: frappe.utils.background_jobs.execute_job(event=None, is_async=True, job_name='frappe.model.delete_doc.delete_dynamic_links', kwargs={'doctype': 'Property Setter', 'name': 'Quotation-base_rounded_total-hidden..., method='frappe.model.delete_doc.delete_dynamic_links', site='dev.localhost', user='Administrator') (dev.localhost::9dca17bf-2f85-47f2-85b8-d7b6f9c62655)
2025-02-05 10:17:02,697 workspace-frappe-bench:default: Job OK (dev.localhost::9dca17bf-2f85-47f2-85b8-d7b6f9c62655)
2025-02-05 10:17:02,698 Result is kept for 600 seconds
2025-02-05 10:17:02,708 workspace-frappe-bench:default: frappe.utils.background_jobs.execute_job(event=None, is_async=True, job_name='frappe.model.delete_doc.delete_dynamic_links', kwargs={'doctype': 'Property Setter', 'name': 'Quotation-base_rounded_total-print_..., method='frappe.model.delete_doc.delete_dynamic_links', site='dev.localhost', user='Administrator') (dev.localhost::3dd9f1b9-b9a0-49e4-bf79-05f2f9e71176)
2025-02-05 10:17:02,804 workspace-frappe-bench:default: Job OK (dev.localhost::3dd9f1b9-b9a0-49e4-bf79-05f2f9e71176)
2025-02-05 10:17:02,804 Result is kept for 600 seconds
2025-02-05 10:17:02,814 workspace-frappe-bench:default: frappe.utils.background_jobs.execute_job(event=None, is_async=True, job_name='frappe.model.delete_doc.delete_dynamic_links', kwargs={'doctype': 'Property Setter', 'name': 'Quotation-rounded_total-hidden'}, method='frappe.model.delete_doc.delete_dynamic_links', site='dev.localhost', user='Administrator') (dev.localhost::d9a69633-8bc7-4508-9ef1-16eab1c9f1b1)
2025-02-05 10:17:02,889 workspace-frappe-bench:default: Job OK (dev.localhost::d9a69633-8bc7-4508-9ef1-16eab1c9f1b1)
2025-02-05 10:17:02,890 Result is kept for 600 seconds
2025-02-05 10:17:02,897 workspace-frappe-bench:default: frappe.utils.background_jobs.execute_job(event=None, is_async=True, job_name='frappe.model.delete_doc.delete_dynamic_links', kwargs={'doctype': 'Property Setter', 'name': 'Quotation-rounded_total-print_hide'..., method='frappe.model.delete_doc.delete_dynamic_links', site='dev.localhost', user='Administrator') (dev.localhost::9d56a9cc-680a-47c1-9682-237166fe58dc)
2025-02-05 10:17:03,009 workspace-frappe-bench:default: Job OK (dev.localhost::9d56a9cc-680a-47c1-9682-237166fe58dc)
2025-02-05 10:17:03,012 Result is kept for 600 seconds
2025-02-05 10:17:03,020 workspace-frappe-bench:default: frappe.utils.background_jobs.execute_job(event=None, is_async=True, job_name='frappe.model.delete_doc.delete_dynamic_links', kwargs={'doctype': 'Property Setter', 'name': 'Quotation-disable_rounded_total-def..., method='frappe.model.delete_doc.delete_dynamic_links', site='dev.localhost', user='Administrator') (dev.localhost::91eea932-be2f-48f6-8b85-f2b10b3d96db)
2025-02-05 10:17:03,087 workspace-frappe-bench:default: Job OK (dev.localhost::91eea932-be2f-48f6-8b85-f2b10b3d96db)
2025-02-05 10:17:03,087 Result is kept for 600 seconds
2025-02-05 10:17:03,123 workspace-frappe-bench:default: frappe.utils.background_jobs.execute_job(event=None, is_async=True, job_name='frappe.model.delete_doc.delete_dynamic_links', kwargs={'doctype': 'Property Setter', 'name': 'Sales Order-base_rounded_total-hidd..., method='frappe.model.delete_doc.delete_dynamic_links', site='dev.localhost', user='Administrator') (dev.localhost::6cca3599-5ea0-4da3-a25d-9cbb3f2f34ed)
2025-02-05 10:17:03,193 workspace-frappe-bench:default: Job OK (dev.localhost::6cca3599-5ea0-4da3-a25d-9cbb3f2f34ed)
2025-02-05 10:17:03,193 Result is kept for 600 seconds
2025-02-05 10:17:03,200 workspace-frappe-bench:default: frappe.utils.background_jobs.execute_job(event=None, is_async=True, job_name='frappe.model.delete_doc.delete_dynamic_links', kwargs={'doctype': 'Property Setter', 'name': 'Sales Order-base_rounded_total-prin..., method='frappe.model.delete_doc.delete_dynamic_links', site='dev.localhost', user='Administrator') (dev.localhost::ac1fc4b7-1cda-4f99-bb02-28b9a33e7308)
2025-02-05 10:17:03,296 workspace-frappe-bench:default: Job OK (dev.localhost::ac1fc4b7-1cda-4f99-bb02-28b9a33e7308)
2025-02-05 10:17:03,296 Result is kept for 600 seconds
2025-02-05 10:17:03,302 workspace-frappe-bench:default: frappe.utils.background_jobs.execute_job(event=None, is_async=True, job_name='frappe.model.delete_doc.delete_dynamic_links', kwargs={'doctype': 'Property Setter', 'name': 'Sales Order-rounded_total-hidden'}, method='frappe.model.delete_doc.delete_dynamic_links', site='dev.localhost', user='Administrator') (dev.localhost::83b137b7-7314-43ea-ad5e-3f195550a92d)
2025-02-05 10:17:03,366 workspace-frappe-bench:default: Job OK (dev.localhost::83b137b7-7314-43ea-ad5e-3f195550a92d)
2025-02-05 10:17:03,367 Result is kept for 600 seconds
2025-02-05 10:17:03,373 workspace-frappe-bench:default: frappe.utils.background_jobs.execute_job(event=None, is_async=True, job_name='frappe.model.delete_doc.delete_dynamic_links', kwargs={'doctype': 'Property Setter', 'name': 'Sales Order-rounded_total-print_hid..., method='frappe.model.delete_doc.delete_dynamic_links', site='dev.localhost', user='Administrator') (dev.localhost::839e536b-58e0-441e-bc09-22de495cf49a)
2025-02-05 10:17:03,445 workspace-frappe-bench:default: Job OK (dev.localhost::839e536b-58e0-441e-bc09-22de495cf49a)
2025-02-05 10:17:03,445 Result is kept for 600 seconds
2025-02-05 10:17:03,452 workspace-frappe-bench:default: frappe.utils.background_jobs.execute_job(event=None, is_async=True, job_name='frappe.model.delete_doc.delete_dynamic_links', kwargs={'doctype': 'Property Setter', 'name': 'Sales Order-disable_rounded_total-d..., method='frappe.model.delete_doc.delete_dynamic_links', site='dev.localhost', user='Administrator') (dev.localhost::589c0aa3-04d3-4ca7-96b0-0442efb63b60)
2025-02-05 10:17:03,522 workspace-frappe-bench:default: Job OK (dev.localhost::589c0aa3-04d3-4ca7-96b0-0442efb63b60)
2025-02-05 10:17:03,522 Result is kept for 600 seconds
2025-02-05 10:17:03,528 workspace-frappe-bench:default: frappe.utils.background_jobs.execute_job(event=None, is_async=True, job_name='frappe.model.delete_doc.delete_dynamic_links', kwargs={'doctype': 'Property Setter', 'name': 'Sales Invoice-base_rounded_total-hi..., method='frappe.model.delete_doc.delete_dynamic_links', site='dev.localhost', user='Administrator') (dev.localhost::9e473c38-877b-408a-9e4f-bf666aa52cdf)
2025-02-05 10:17:03,602 workspace-frappe-bench:default: Job OK (dev.localhost::9e473c38-877b-408a-9e4f-bf666aa52cdf)
2025-02-05 10:17:03,602 Result is kept for 600 seconds
2025-02-05 10:17:03,609 workspace-frappe-bench:default: frappe.utils.background_jobs.execute_job(event=None, is_async=True, job_name='frappe.model.delete_doc.delete_dynamic_links', kwargs={'doctype': 'Property Setter', 'name': 'Sales Invoice-base_rounded_total-pr..., method='frappe.model.delete_doc.delete_dynamic_links', site='dev.localhost', user='Administrator') (dev.localhost::4b1dd8b1-9ed0-4714-9305-3a58aba22740)
2025-02-05 10:17:03,676 workspace-frappe-bench:default: Job OK (dev.localhost::4b1dd8b1-9ed0-4714-9305-3a58aba22740)
2025-02-05 10:17:03,676 Result is kept for 600 seconds
2025-02-05 10:17:03,682 workspace-frappe-bench:default: frappe.utils.background_jobs.execute_job(event=None, is_async=True, job_name='frappe.model.delete_doc.delete_dynamic_links', kwargs={'doctype': 'Property Setter', 'name': 'Sales Invoice-rounded_total-hidden'..., method='frappe.model.delete_doc.delete_dynamic_links', site='dev.localhost', user='Administrator') (dev.localhost::9ec4c0d7-dd0f-4992-a7ab-99194ddb0d2e)
2025-02-05 10:17:03,748 workspace-frappe-bench:default: Job OK (dev.localhost::9ec4c0d7-dd0f-4992-a7ab-99194ddb0d2e)
2025-02-05 10:17:03,748 Result is kept for 600 seconds
2025-02-05 10:17:03,755 workspace-frappe-bench:default: frappe.utils.background_jobs.execute_job(event=None, is_async=True, job_name='frappe.model.delete_doc.delete_dynamic_links', kwargs={'doctype': 'Property Setter', 'name': 'Sales Invoice-rounded_total-print_h..., method='frappe.model.delete_doc.delete_dynamic_links', site='dev.localhost', user='Administrator') (dev.localhost::1cfce649-bcb5-4929-a3f9-45610ce97e33)
2025-02-05 10:17:03,818 workspace-frappe-bench:default: Job OK (dev.localhost::1cfce649-bcb5-4929-a3f9-45610ce97e33)
2025-02-05 10:17:03,818 Result is kept for 600 seconds
2025-02-05 10:17:03,825 workspace-frappe-bench:default: frappe.utils.background_jobs.execute_job(event=None, is_async=True, job_name='frappe.model.delete_doc.delete_dynamic_links', kwargs={'doctype': 'Property Setter', 'name': 'Sales Invoice-disable_rounded_total..., method='frappe.model.delete_doc.delete_dynamic_links', site='dev.localhost', user='Administrator') (dev.localhost::5e0fb5e0-3d9d-47f3-a211-6727e52dad87)
2025-02-05 10:17:03,886 workspace-frappe-bench:default: Job OK (dev.localhost::5e0fb5e0-3d9d-47f3-a211-6727e52dad87)
2025-02-05 10:17:03,887 Result is kept for 600 seconds
2025-02-05 10:17:03,894 workspace-frappe-bench:default: frappe.utils.background_jobs.execute_job(event=None, is_async=True, job_name='frappe.model.delete_doc.delete_dynamic_links', kwargs={'doctype': 'Property Setter', 'name': 'Delivery Note-base_rounded_total-hi..., method='frappe.model.delete_doc.delete_dynamic_links', site='dev.localhost', user='Administrator') (dev.localhost::b85a289f-1b98-4d55-9a65-44468000dc9b)
2025-02-05 10:17:04,085 workspace-frappe-bench:default: Job OK (dev.localhost::b85a289f-1b98-4d55-9a65-44468000dc9b)
2025-02-05 10:17:04,086 Result is kept for 600 seconds
2025-02-05 10:17:04,109 workspace-frappe-bench:default: frappe.utils.background_jobs.execute_job(event=None, is_async=True, job_name='frappe.model.delete_doc.delete_dynamic_links', kwargs={'doctype': 'Property Setter', 'name': 'Delivery Note-base_rounded_total-pr..., method='frappe.model.delete_doc.delete_dynamic_links', site='dev.localhost', user='Administrator') (dev.localhost::996295f8-8005-42bd-b8e2-4dec66c14080)
2025-02-05 10:17:04,430 workspace-frappe-bench:default: Job OK (dev.localhost::996295f8-8005-42bd-b8e2-4dec66c14080)
2025-02-05 10:17:04,431 Result is kept for 600 seconds
2025-02-05 10:17:04,437 workspace-frappe-bench:default: frappe.utils.background_jobs.execute_job(event=None, is_async=True, job_name='frappe.model.delete_doc.delete_dynamic_links', kwargs={'doctype': 'Property Setter', 'name': 'Delivery Note-rounded_total-hidden'..., method='frappe.model.delete_doc.delete_dynamic_links', site='dev.localhost', user='Administrator') (dev.localhost::aecd15ac-34fb-4dcf-98f3-70ce968a83c6)
2025-02-05 10:17:04,554 workspace-frappe-bench:default: Job OK (dev.localhost::aecd15ac-34fb-4dcf-98f3-70ce968a83c6)
2025-02-05 10:17:04,555 Result is kept for 600 seconds
2025-02-05 10:17:04,561 workspace-frappe-bench:default: frappe.utils.background_jobs.execute_job(event=None, is_async=True, job_name='frappe.model.delete_doc.delete_dynamic_links', kwargs={'doctype': 'Property Setter', 'name': 'Delivery Note-rounded_total-print_h..., method='frappe.model.delete_doc.delete_dynamic_links', site='dev.localhost', user='Administrator') (dev.localhost::20f165ac-aa24-4891-9f8f-f8fefc73fd7c)
2025-02-05 10:17:04,655 workspace-frappe-bench:default: Job OK (dev.localhost::20f165ac-aa24-4891-9f8f-f8fefc73fd7c)
2025-02-05 10:17:04,655 Result is kept for 600 seconds
2025-02-05 10:17:04,661 workspace-frappe-bench:default: frappe.utils.background_jobs.execute_job(event=None, is_async=True, job_name='frappe.model.delete_doc.delete_dynamic_links', kwargs={'doctype': 'Property Setter', 'name': 'Delivery Note-disable_rounded_total..., method='frappe.model.delete_doc.delete_dynamic_links', site='dev.localhost', user='Administrator') (dev.localhost::935be34a-5db5-403c-8221-b3f9982ba7ed)
2025-02-05 10:17:04,742 workspace-frappe-bench:default: Job OK (dev.localhost::935be34a-5db5-403c-8221-b3f9982ba7ed)
2025-02-05 10:17:04,742 Result is kept for 600 seconds
2025-02-05 10:17:04,749 workspace-frappe-bench:default: frappe.utils.background_jobs.execute_job(event=None, is_async=True, job_name='frappe.model.delete_doc.delete_dynamic_links', kwargs={'doctype': 'Property Setter', 'name': 'Supplier Quotation-base_rounded_tot..., method='frappe.model.delete_doc.delete_dynamic_links', site='dev.localhost', user='Administrator') (dev.localhost::b94bb8aa-8080-4c65-ab26-655ae654a51a)
2025-02-05 10:17:04,852 workspace-frappe-bench:default: Job OK (dev.localhost::b94bb8aa-8080-4c65-ab26-655ae654a51a)
2025-02-05 10:17:04,852 Result is kept for 600 seconds
2025-02-05 10:17:04,859 workspace-frappe-bench:default: frappe.utils.background_jobs.execute_job(event=None, is_async=True, job_name='frappe.model.delete_doc.delete_dynamic_links', kwargs={'doctype': 'Property Setter', 'name': 'Supplier Quotation-base_rounded_tot..., method='frappe.model.delete_doc.delete_dynamic_links', site='dev.localhost', user='Administrator') (dev.localhost::20de7a28-a556-4f7f-90d6-47f98af6f7e8)
Traceback (most recent call last):
  File "apps/frappe/frappe/database/database.py", line 238, in sql
    self._cursor.execute(query, values)
  File "env/lib/python3.11/site-packages/pymysql/cursors.py", line 153, in execute
    result = self._query(query)
             ^^^^^^^^^^^^^^^^^^
  File "env/lib/python3.11/site-packages/pymysql/cursors.py", line 322, in _query
    conn.query(q)
  File "env/lib/python3.11/site-packages/pymysql/connections.py", line 563, in query
    self._affected_rows = self._read_query_result(unbuffered=unbuffered)
                          ^^^^^^^^^^^^^^^^^^^^^^^^^^^^^^^^^^^^^^^^^^^^^^
  File "env/lib/python3.11/site-packages/pymysql/connections.py", line 825, in _read_query_result
    result.read()
  File "env/lib/python3.11/site-packages/pymysql/connections.py", line 1199, in read
    first_packet = self.connection._read_packet()
                   ^^^^^^^^^^^^^^^^^^^^^^^^^^^^^^
  File "env/lib/python3.11/site-packages/pymysql/connections.py", line 775, in _read_packet
    packet.raise_for_error()
  File "env/lib/python3.11/site-packages/pymysql/protocol.py", line 219, in raise_for_error
    err.raise_mysql_exception(self._data)
  File "env/lib/python3.11/site-packages/pymysql/err.py", line 150, in raise_mysql_exception
    raise errorclass(errno, errval)
pymysql.err.OperationalError: (1213, 'Deadlock found when trying to get lock; try restarting transaction')

2025-02-05 10:17:05,391 workspace-frappe-bench:default: frappe.utils.background_jobs.execute_job(event=None, is_async=True, job_name='frappe.model.delete_doc.delete_dynamic_links', kwargs={'doctype': 'Property Setter', 'name': 'Supplier Quotation-rounded_total-hi..., method='frappe.model.delete_doc.delete_dynamic_links', site='dev.localhost', user='Administrator') (dev.localhost::32392b4c-aef9-4882-aefc-57459b5cb2f9)
2025-02-05 10:17:05,457 workspace-frappe-bench:default: Job OK (dev.localhost::32392b4c-aef9-4882-aefc-57459b5cb2f9)
2025-02-05 10:17:05,457 Result is kept for 600 seconds
2025-02-05 10:17:05,464 workspace-frappe-bench:default: frappe.utils.background_jobs.execute_job(event=None, is_async=True, job_name='frappe.model.delete_doc.delete_dynamic_links', kwargs={'doctype': 'Property Setter', 'name': 'Supplier Quotation-rounded_total-pr..., method='frappe.model.delete_doc.delete_dynamic_links', site='dev.localhost', user='Administrator') (dev.localhost::c47b9afb-0b6b-4f4b-9822-3c807c918a78)
2025-02-05 10:17:05,524 workspace-frappe-bench:default: Job OK (dev.localhost::c47b9afb-0b6b-4f4b-9822-3c807c918a78)
2025-02-05 10:17:05,525 Result is kept for 600 seconds
2025-02-05 10:17:05,531 workspace-frappe-bench:default: frappe.utils.background_jobs.execute_job(event=None, is_async=True, job_name='frappe.model.delete_doc.delete_dynamic_links', kwargs={'doctype': 'Property Setter', 'name': 'Supplier Quotation-disable_rounded_..., method='frappe.model.delete_doc.delete_dynamic_links', site='dev.localhost', user='Administrator') (dev.localhost::f34d6263-be5e-4da5-84e7-8d870b67e265)
2025-02-05 10:17:05,578 workspace-frappe-bench:default: Job OK (dev.localhost::f34d6263-be5e-4da5-84e7-8d870b67e265)
2025-02-05 10:17:05,578 Result is kept for 600 seconds
2025-02-05 10:17:05,584 workspace-frappe-bench:default: frappe.utils.background_jobs.execute_job(event=None, is_async=True, job_name='frappe.model.delete_doc.delete_dynamic_links', kwargs={'doctype': 'Property Setter', 'name': 'Purchase Order-base_rounded_total-h..., method='frappe.model.delete_doc.delete_dynamic_links', site='dev.localhost', user='Administrator') (dev.localhost::cce93d2d-073e-4b0d-b1ee-2882c3d48bdd)
2025-02-05 10:17:05,626 workspace-frappe-bench:default: Job OK (dev.localhost::cce93d2d-073e-4b0d-b1ee-2882c3d48bdd)
2025-02-05 10:17:05,626 Result is kept for 600 seconds
2025-02-05 10:17:05,631 workspace-frappe-bench:default: frappe.utils.background_jobs.execute_job(event=None, is_async=True, job_name='frappe.model.delete_doc.delete_dynamic_links', kwargs={'doctype': 'Property Setter', 'name': 'Purchase Order-base_rounded_total-p..., method='frappe.model.delete_doc.delete_dynamic_links', site='dev.localhost', user='Administrator') (dev.localhost::936a03c5-cf7c-4590-9d5e-067f00e62ee1)
2025-02-05 10:17:05,683 workspace-frappe-bench:default: Job OK (dev.localhost::936a03c5-cf7c-4590-9d5e-067f00e62ee1)
2025-02-05 10:17:05,683 Result is kept for 600 seconds
2025-02-05 10:17:05,688 workspace-frappe-bench:default: frappe.utils.background_jobs.execute_job(event=None, is_async=True, job_name='frappe.model.delete_doc.delete_dynamic_links', kwargs={'doctype': 'Property Setter', 'name': 'Purchase Order-rounded_total-hidden..., method='frappe.model.delete_doc.delete_dynamic_links', site='dev.localhost', user='Administrator') (dev.localhost::bfd08afb-50e1-4661-acb4-60a94714563b)
2025-02-05 10:17:05,734 workspace-frappe-bench:default: Job OK (dev.localhost::bfd08afb-50e1-4661-acb4-60a94714563b)
2025-02-05 10:17:05,734 Result is kept for 600 seconds
2025-02-05 10:17:05,739 workspace-frappe-bench:default: frappe.utils.background_jobs.execute_job(event=None, is_async=True, job_name='frappe.model.delete_doc.delete_dynamic_links', kwargs={'doctype': 'Property Setter', 'name': 'Purchase Order-rounded_total-print_..., method='frappe.model.delete_doc.delete_dynamic_links', site='dev.localhost', user='Administrator') (dev.localhost::7e994e16-596b-42c9-9344-92b1257989ee)
2025-02-05 10:17:05,782 workspace-frappe-bench:default: Job OK (dev.localhost::7e994e16-596b-42c9-9344-92b1257989ee)
2025-02-05 10:17:05,782 Result is kept for 600 seconds
2025-02-05 10:17:05,787 workspace-frappe-bench:default: frappe.utils.background_jobs.execute_job(event=None, is_async=True, job_name='frappe.model.delete_doc.delete_dynamic_links', kwargs={'doctype': 'Property Setter', 'name': 'Purchase Order-disable_rounded_tota..., method='frappe.model.delete_doc.delete_dynamic_links', site='dev.localhost', user='Administrator') (dev.localhost::aa6252e8-e5ed-4264-8544-f497b5014b2b)
2025-02-05 10:17:05,835 workspace-frappe-bench:default: Job OK (dev.localhost::aa6252e8-e5ed-4264-8544-f497b5014b2b)
2025-02-05 10:17:05,835 Result is kept for 600 seconds
2025-02-05 10:17:05,842 workspace-frappe-bench:default: frappe.utils.background_jobs.execute_job(event=None, is_async=True, job_name='frappe.model.delete_doc.delete_dynamic_links', kwargs={'doctype': 'Property Setter', 'name': 'Purchase Invoice-base_rounded_total..., method='frappe.model.delete_doc.delete_dynamic_links', site='dev.localhost', user='Administrator') (dev.localhost::d892735e-3434-4c63-9bad-ecbfba4201fb)
2025-02-05 10:17:05,895 workspace-frappe-bench:default: Job OK (dev.localhost::d892735e-3434-4c63-9bad-ecbfba4201fb)
2025-02-05 10:17:05,895 Result is kept for 600 seconds
2025-02-05 10:17:05,900 workspace-frappe-bench:default: frappe.utils.background_jobs.execute_job(event=None, is_async=True, job_name='frappe.model.delete_doc.delete_dynamic_links', kwargs={'doctype': 'Property Setter', 'name': 'Purchase Invoice-base_rounded_total..., method='frappe.model.delete_doc.delete_dynamic_links', site='dev.localhost', user='Administrator') (dev.localhost::39125b43-5f80-408f-87c0-b116faebedf1)
2025-02-05 10:17:05,943 workspace-frappe-bench:default: Job OK (dev.localhost::39125b43-5f80-408f-87c0-b116faebedf1)
2025-02-05 10:17:05,943 Result is kept for 600 seconds
2025-02-05 10:17:05,947 workspace-frappe-bench:default: frappe.utils.background_jobs.execute_job(event=None, is_async=True, job_name='frappe.model.delete_doc.delete_dynamic_links', kwargs={'doctype': 'Property Setter', 'name': 'Purchase Invoice-rounded_total-hidd..., method='frappe.model.delete_doc.delete_dynamic_links', site='dev.localhost', user='Administrator') (dev.localhost::0bb31f86-3f07-47da-9344-ecac87be8660)
2025-02-05 10:17:05,993 workspace-frappe-bench:default: Job OK (dev.localhost::0bb31f86-3f07-47da-9344-ecac87be8660)
2025-02-05 10:17:05,993 Result is kept for 600 seconds
2025-02-05 10:17:05,998 workspace-frappe-bench:default: frappe.utils.background_jobs.execute_job(event=None, is_async=True, job_name='frappe.model.delete_doc.delete_dynamic_links', kwargs={'doctype': 'Property Setter', 'name': 'Purchase Invoice-rounded_total-prin..., method='frappe.model.delete_doc.delete_dynamic_links', site='dev.localhost', user='Administrator') (dev.localhost::203459b5-67a3-4efa-a1b8-5ae95caa97ef)
2025-02-05 10:17:06,045 workspace-frappe-bench:default: Job OK (dev.localhost::203459b5-67a3-4efa-a1b8-5ae95caa97ef)
2025-02-05 10:17:06,046 Result is kept for 600 seconds
2025-02-05 10:17:06,050 workspace-frappe-bench:default: frappe.utils.background_jobs.execute_job(event=None, is_async=True, job_name='frappe.model.delete_doc.delete_dynamic_links', kwargs={'doctype': 'Property Setter', 'name': 'Purchase Invoice-disable_rounded_to..., method='frappe.model.delete_doc.delete_dynamic_links', site='dev.localhost', user='Administrator') (dev.localhost::db5417f6-265c-41ad-ad16-c672ce844e0c)
2025-02-05 10:17:06,101 workspace-frappe-bench:default: Job OK (dev.localhost::db5417f6-265c-41ad-ad16-c672ce844e0c)
2025-02-05 10:17:06,101 Result is kept for 600 seconds
2025-02-05 10:17:06,107 workspace-frappe-bench:default: frappe.utils.background_jobs.execute_job(event=None, is_async=True, job_name='frappe.model.delete_doc.delete_dynamic_links', kwargs={'doctype': 'Property Setter', 'name': 'Purchase Receipt-base_rounded_total..., method='frappe.model.delete_doc.delete_dynamic_links', site='dev.localhost', user='Administrator') (dev.localhost::7f350ff1-27b7-48d8-b30f-accfb384cfeb)
2025-02-05 10:17:06,174 workspace-frappe-bench:default: Job OK (dev.localhost::7f350ff1-27b7-48d8-b30f-accfb384cfeb)
2025-02-05 10:17:06,174 Result is kept for 600 seconds
2025-02-05 10:17:06,180 workspace-frappe-bench:default: frappe.utils.background_jobs.execute_job(event=None, is_async=True, job_name='frappe.model.delete_doc.delete_dynamic_links', kwargs={'doctype': 'Property Setter', 'name': 'Purchase Receipt-base_rounded_total..., method='frappe.model.delete_doc.delete_dynamic_links', site='dev.localhost', user='Administrator') (dev.localhost::4aa0342d-3142-46bf-a23c-0231463b6e91)
2025-02-05 10:17:06,223 workspace-frappe-bench:default: Job OK (dev.localhost::4aa0342d-3142-46bf-a23c-0231463b6e91)
2025-02-05 10:17:06,223 Result is kept for 600 seconds
2025-02-05 10:17:06,227 workspace-frappe-bench:default: frappe.utils.background_jobs.execute_job(event=None, is_async=True, job_name='frappe.model.delete_doc.delete_dynamic_links', kwargs={'doctype': 'Property Setter', 'name': 'Purchase Receipt-rounded_total-hidd..., method='frappe.model.delete_doc.delete_dynamic_links', site='dev.localhost', user='Administrator') (dev.localhost::c80f25b0-281c-4482-ae13-aacea4168a17)
2025-02-05 10:17:06,270 workspace-frappe-bench:default: Job OK (dev.localhost::c80f25b0-281c-4482-ae13-aacea4168a17)
2025-02-05 10:17:06,270 Result is kept for 600 seconds
2025-02-05 10:17:06,275 workspace-frappe-bench:default: frappe.utils.background_jobs.execute_job(event=None, is_async=True, job_name='frappe.model.delete_doc.delete_dynamic_links', kwargs={'doctype': 'Property Setter', 'name': 'Purchase Receipt-rounded_total-prin..., method='frappe.model.delete_doc.delete_dynamic_links', site='dev.localhost', user='Administrator') (dev.localhost::87b93927-5e9d-4c5b-a7b7-5e71609df2ea)
2025-02-05 10:17:06,317 workspace-frappe-bench:default: Job OK (dev.localhost::87b93927-5e9d-4c5b-a7b7-5e71609df2ea)
2025-02-05 10:17:06,317 Result is kept for 600 seconds
2025-02-05 10:17:06,322 workspace-frappe-bench:default: frappe.utils.background_jobs.execute_job(event=None, is_async=True, job_name='frappe.model.delete_doc.delete_dynamic_links', kwargs={'doctype': 'Property Setter', 'name': 'Purchase Receipt-disable_rounded_to..., method='frappe.model.delete_doc.delete_dynamic_links', site='dev.localhost', user='Administrator') (dev.localhost::06774dd1-2969-49d8-9d68-4f1943314e29)
2025-02-05 10:17:06,365 workspace-frappe-bench:default: Job OK (dev.localhost::06774dd1-2969-49d8-9d68-4f1943314e29)
2025-02-05 10:17:06,365 Result is kept for 600 seconds
2025-02-05 10:17:06,370 workspace-frappe-bench:default: frappe.utils.background_jobs.execute_job(event=None, is_async=True, job_name='frappe.model.delete_doc.delete_dynamic_links', kwargs={'doctype': 'Property Setter', 'name': 'Quotation-in_words-hidden'}, method='frappe.model.delete_doc.delete_dynamic_links', site='dev.localhost', user='Administrator') (dev.localhost::08a5962d-c9cb-48f6-9846-f508baea85b1)
2025-02-05 10:17:06,414 workspace-frappe-bench:default: Job OK (dev.localhost::08a5962d-c9cb-48f6-9846-f508baea85b1)
2025-02-05 10:17:06,414 Result is kept for 600 seconds
2025-02-05 10:17:06,418 workspace-frappe-bench:default: frappe.utils.background_jobs.execute_job(event=None, is_async=True, job_name='frappe.model.delete_doc.delete_dynamic_links', kwargs={'doctype': 'Property Setter', 'name': 'Quotation-in_words-print_hide'}, method='frappe.model.delete_doc.delete_dynamic_links', site='dev.localhost', user='Administrator') (dev.localhost::2849b7dd-d389-40f1-9166-bdd6df678974)
2025-02-05 10:17:06,461 workspace-frappe-bench:default: Job OK (dev.localhost::2849b7dd-d389-40f1-9166-bdd6df678974)
2025-02-05 10:17:06,461 Result is kept for 600 seconds
2025-02-05 10:17:06,465 workspace-frappe-bench:default: frappe.utils.background_jobs.execute_job(event=None, is_async=True, job_name='frappe.model.delete_doc.delete_dynamic_links', kwargs={'doctype': 'Property Setter', 'name': 'Sales Order-in_words-hidden'}, method='frappe.model.delete_doc.delete_dynamic_links', site='dev.localhost', user='Administrator') (dev.localhost::65087f85-ded7-4ff9-8b3e-301c45424140)
2025-02-05 10:17:06,508 workspace-frappe-bench:default: Job OK (dev.localhost::65087f85-ded7-4ff9-8b3e-301c45424140)
2025-02-05 10:17:06,508 Result is kept for 600 seconds
2025-02-05 10:17:06,513 workspace-frappe-bench:default: frappe.utils.background_jobs.execute_job(event=None, is_async=True, job_name='frappe.model.delete_doc.delete_dynamic_links', kwargs={'doctype': 'Property Setter', 'name': 'Sales Order-in_words-print_hide'}, method='frappe.model.delete_doc.delete_dynamic_links', site='dev.localhost', user='Administrator') (dev.localhost::579e11b9-1abc-4010-ae93-27bbe3709a51)
2025-02-05 10:17:06,561 workspace-frappe-bench:default: Job OK (dev.localhost::579e11b9-1abc-4010-ae93-27bbe3709a51)
2025-02-05 10:17:06,562 Result is kept for 600 seconds
2025-02-05 10:17:06,568 workspace-frappe-bench:default: frappe.utils.background_jobs.execute_job(event=None, is_async=True, job_name='frappe.model.delete_doc.delete_dynamic_links', kwargs={'doctype': 'Property Setter', 'name': 'Sales Invoice-in_words-hidden'}, method='frappe.model.delete_doc.delete_dynamic_links', site='dev.localhost', user='Administrator') (dev.localhost::da3d0dbc-97e4-4858-a960-f44a9ffced00)
2025-02-05 10:17:06,630 workspace-frappe-bench:default: Job OK (dev.localhost::da3d0dbc-97e4-4858-a960-f44a9ffced00)
2025-02-05 10:17:06,631 Result is kept for 600 seconds
2025-02-05 10:17:06,638 workspace-frappe-bench:default: frappe.utils.background_jobs.execute_job(event=None, is_async=True, job_name='frappe.model.delete_doc.delete_dynamic_links', kwargs={'doctype': 'Property Setter', 'name': 'Sales Invoice-in_words-print_hide'}, method='frappe.model.delete_doc.delete_dynamic_links', site='dev.localhost', user='Administrator') (dev.localhost::822df8a7-d07b-4833-a3a9-f9dbd36b690b)
2025-02-05 10:17:06,702 workspace-frappe-bench:default: Job OK (dev.localhost::822df8a7-d07b-4833-a3a9-f9dbd36b690b)
2025-02-05 10:17:06,702 Result is kept for 600 seconds
2025-02-05 10:17:06,708 workspace-frappe-bench:default: frappe.utils.background_jobs.execute_job(event=None, is_async=True, job_name='frappe.model.delete_doc.delete_dynamic_links', kwargs={'doctype': 'Property Setter', 'name': 'Delivery Note-in_words-hidden'}, method='frappe.model.delete_doc.delete_dynamic_links', site='dev.localhost', user='Administrator') (dev.localhost::05a451fc-086a-4cc7-a298-e984804ed588)
2025-02-05 10:17:06,762 workspace-frappe-bench:default: Job OK (dev.localhost::05a451fc-086a-4cc7-a298-e984804ed588)
2025-02-05 10:17:06,762 Result is kept for 600 seconds
2025-02-05 10:17:06,767 workspace-frappe-bench:default: frappe.utils.background_jobs.execute_job(event=None, is_async=True, job_name='frappe.model.delete_doc.delete_dynamic_links', kwargs={'doctype': 'Property Setter', 'name': 'Delivery Note-in_words-print_hide'}, method='frappe.model.delete_doc.delete_dynamic_links', site='dev.localhost', user='Administrator') (dev.localhost::76143eb8-e365-4c71-93a5-8d203173e976)
2025-02-05 10:17:06,809 workspace-frappe-bench:default: Job OK (dev.localhost::76143eb8-e365-4c71-93a5-8d203173e976)
2025-02-05 10:17:06,810 Result is kept for 600 seconds
2025-02-05 10:17:06,814 workspace-frappe-bench:default: frappe.utils.background_jobs.execute_job(event=None, is_async=True, job_name='frappe.model.delete_doc.delete_dynamic_links', kwargs={'doctype': 'Property Setter', 'name': 'Supplier Quotation-in_words-hidden'..., method='frappe.model.delete_doc.delete_dynamic_links', site='dev.localhost', user='Administrator') (dev.localhost::37190152-2c20-4876-82fa-129d2fd5ae4e)
2025-02-05 10:17:06,857 workspace-frappe-bench:default: Job OK (dev.localhost::37190152-2c20-4876-82fa-129d2fd5ae4e)
2025-02-05 10:17:06,857 Result is kept for 600 seconds
2025-02-05 10:17:06,861 workspace-frappe-bench:default: frappe.utils.background_jobs.execute_job(event=None, is_async=True, job_name='frappe.model.delete_doc.delete_dynamic_links', kwargs={'doctype': 'Property Setter', 'name': 'Supplier Quotation-in_words-print_h..., method='frappe.model.delete_doc.delete_dynamic_links', site='dev.localhost', user='Administrator') (dev.localhost::24aac682-bd5f-4001-ad42-8e9e0e16baaf)
2025-02-05 10:17:06,918 workspace-frappe-bench:default: Job OK (dev.localhost::24aac682-bd5f-4001-ad42-8e9e0e16baaf)
2025-02-05 10:17:06,919 Result is kept for 600 seconds
2025-02-05 10:17:06,925 workspace-frappe-bench:default: frappe.utils.background_jobs.execute_job(event=None, is_async=True, job_name='frappe.model.delete_doc.delete_dynamic_links', kwargs={'doctype': 'Property Setter', 'name': 'Purchase Order-in_words-hidden'}, method='frappe.model.delete_doc.delete_dynamic_links', site='dev.localhost', user='Administrator') (dev.localhost::5e6ab25a-a40c-4a46-bd46-73ffa1615f48)
2025-02-05 10:17:06,969 workspace-frappe-bench:default: Job OK (dev.localhost::5e6ab25a-a40c-4a46-bd46-73ffa1615f48)
2025-02-05 10:17:06,969 Result is kept for 600 seconds
2025-02-05 10:17:06,973 workspace-frappe-bench:default: frappe.utils.background_jobs.execute_job(event=None, is_async=True, job_name='frappe.model.delete_doc.delete_dynamic_links', kwargs={'doctype': 'Property Setter', 'name': 'Purchase Order-in_words-print_hide'..., method='frappe.model.delete_doc.delete_dynamic_links', site='dev.localhost', user='Administrator') (dev.localhost::574e4f07-d90b-42df-a520-a4bb2eaf1e1e)
2025-02-05 10:17:07,024 workspace-frappe-bench:default: Job OK (dev.localhost::574e4f07-d90b-42df-a520-a4bb2eaf1e1e)
2025-02-05 10:17:07,024 Result is kept for 600 seconds
2025-02-05 10:17:07,029 workspace-frappe-bench:default: frappe.utils.background_jobs.execute_job(event=None, is_async=True, job_name='frappe.model.delete_doc.delete_dynamic_links', kwargs={'doctype': 'Property Setter', 'name': 'Purchase Invoice-in_words-hidden'}, method='frappe.model.delete_doc.delete_dynamic_links', site='dev.localhost', user='Administrator') (dev.localhost::acea2e93-118a-47d6-a877-097288433c9f)
2025-02-05 10:17:07,073 workspace-frappe-bench:default: Job OK (dev.localhost::acea2e93-118a-47d6-a877-097288433c9f)
2025-02-05 10:17:07,073 Result is kept for 600 seconds
2025-02-05 10:17:07,078 workspace-frappe-bench:default: frappe.utils.background_jobs.execute_job(event=None, is_async=True, job_name='frappe.model.delete_doc.delete_dynamic_links', kwargs={'doctype': 'Property Setter', 'name': 'Purchase Invoice-in_words-print_hid..., method='frappe.model.delete_doc.delete_dynamic_links', site='dev.localhost', user='Administrator') (dev.localhost::de6dbb5e-9111-4063-aa94-8e952b04d152)
2025-02-05 10:17:07,130 workspace-frappe-bench:default: Job OK (dev.localhost::de6dbb5e-9111-4063-aa94-8e952b04d152)
2025-02-05 10:17:07,130 Result is kept for 600 seconds
2025-02-05 10:17:07,135 workspace-frappe-bench:default: frappe.utils.background_jobs.execute_job(event=None, is_async=True, job_name='frappe.model.delete_doc.delete_dynamic_links', kwargs={'doctype': 'Property Setter', 'name': 'Purchase Receipt-in_words-hidden'}, method='frappe.model.delete_doc.delete_dynamic_links', site='dev.localhost', user='Administrator') (dev.localhost::2be0f751-3079-4d26-be54-8a97277a3465)
2025-02-05 10:17:07,179 workspace-frappe-bench:default: Job OK (dev.localhost::2be0f751-3079-4d26-be54-8a97277a3465)
2025-02-05 10:17:07,179 Result is kept for 600 seconds
2025-02-05 10:17:07,183 workspace-frappe-bench:default: frappe.utils.background_jobs.execute_job(event=None, is_async=True, job_name='frappe.model.delete_doc.delete_dynamic_links', kwargs={'doctype': 'Property Setter', 'name': 'Purchase Receipt-in_words-print_hid..., method='frappe.model.delete_doc.delete_dynamic_links', site='dev.localhost', user='Administrator') (dev.localhost::181b79ae-8a16-44c9-b67f-45d99bc97da5)
2025-02-05 10:17:07,227 workspace-frappe-bench:default: Job OK (dev.localhost::181b79ae-8a16-44c9-b67f-45d99bc97da5)
2025-02-05 10:17:07,227 Result is kept for 600 seconds
2025-02-05 10:17:07,232 workspace-frappe-bench:default: frappe.utils.background_jobs.execute_job(event=None, is_async=True, job_name='frappe.model.delete_doc.delete_dynamic_links', kwargs={'doctype': 'Property Setter', 'name': 'Item-naming_series-reqd'}, method='frappe.model.delete_doc.delete_dynamic_links', site='dev.localhost', user='Administrator') (dev.localhost::3ba2db34-5ae0-48af-b41c-9ef8a97ef6e1)
2025-02-05 10:17:07,303 workspace-frappe-bench:default: Job OK (dev.localhost::3ba2db34-5ae0-48af-b41c-9ef8a97ef6e1)
2025-02-05 10:17:07,303 Result is kept for 600 seconds
2025-02-05 10:17:07,310 workspace-frappe-bench:default: frappe.utils.background_jobs.execute_job(event=None, is_async=True, job_name='frappe.model.delete_doc.delete_dynamic_links', kwargs={'doctype': 'Property Setter', 'name': 'Item-naming_series-hidden'}, method='frappe.model.delete_doc.delete_dynamic_links', site='dev.localhost', user='Administrator') (dev.localhost::b16d1b8d-9aea-4901-9ebd-cea00ad6885b)
2025-02-05 10:17:07,370 workspace-frappe-bench:default: Job OK (dev.localhost::b16d1b8d-9aea-4901-9ebd-cea00ad6885b)
2025-02-05 10:17:07,370 Result is kept for 600 seconds
2025-02-05 10:17:07,376 workspace-frappe-bench:default: frappe.utils.background_jobs.execute_job(event=None, is_async=True, job_name='frappe.model.delete_doc.delete_dynamic_links', kwargs={'doctype': 'Property Setter', 'name': 'Item-item_code-hidden'}, method='frappe.model.delete_doc.delete_dynamic_links', site='dev.localhost', user='Administrator') (dev.localhost::b64ec008-ac97-4eab-9c83-77a5bc53b6de)
2025-02-05 10:17:07,419 workspace-frappe-bench:default: Job OK (dev.localhost::b64ec008-ac97-4eab-9c83-77a5bc53b6de)
2025-02-05 10:17:07,420 Result is kept for 600 seconds
2025-02-05 10:17:07,424 workspace-frappe-bench:default: frappe.utils.background_jobs.execute_job(event=None, is_async=True, job_name='frappe.model.delete_doc.delete_dynamic_links', kwargs={'doctype': 'Property Setter', 'name': 'Item-item_code-reqd'}, method='frappe.model.delete_doc.delete_dynamic_links', site='dev.localhost', user='Administrator') (dev.localhost::57b8d9bf-a7a5-4925-b649-6a5dc03f866d)
2025-02-05 10:17:07,468 workspace-frappe-bench:default: Job OK (dev.localhost::57b8d9bf-a7a5-4925-b649-6a5dc03f866d)
2025-02-05 10:17:07,468 Result is kept for 600 seconds
2025-02-05 10:17:07,473 workspace-frappe-bench:default: frappe.utils.background_jobs.execute_job(event=None, is_async=True, job_name='frappe.model.delete_doc.delete_dynamic_links', kwargs={'doctype': 'Property Setter', 'name': 'POS Invoice Item-barcode-hidden'}, method='frappe.model.delete_doc.delete_dynamic_links', site='dev.localhost', user='Administrator') (dev.localhost::ffa26d09-83f4-46e4-9557-5eeab22da51f)
2025-02-05 10:17:07,516 workspace-frappe-bench:default: Job OK (dev.localhost::ffa26d09-83f4-46e4-9557-5eeab22da51f)
2025-02-05 10:17:07,516 Result is kept for 600 seconds
2025-02-05 10:17:07,521 workspace-frappe-bench:default: frappe.utils.background_jobs.execute_job(event=None, is_async=True, job_name='frappe.model.delete_doc.delete_dynamic_links', kwargs={'doctype': 'Property Setter', 'name': 'Sales Invoice Item-barcode-hidden'}, method='frappe.model.delete_doc.delete_dynamic_links', site='dev.localhost', user='Administrator') (dev.localhost::a6439f2a-2647-44b8-9f19-96e9478deaf5)
2025-02-05 10:17:07,564 workspace-frappe-bench:default: Job OK (dev.localhost::a6439f2a-2647-44b8-9f19-96e9478deaf5)
2025-02-05 10:17:07,564 Result is kept for 600 seconds
2025-02-05 10:17:07,569 workspace-frappe-bench:default: frappe.utils.background_jobs.execute_job(event=None, is_async=True, job_name='frappe.model.delete_doc.delete_dynamic_links', kwargs={'doctype': 'Property Setter', 'name': 'Job Card-barcode-hidden'}, method='frappe.model.delete_doc.delete_dynamic_links', site='dev.localhost', user='Administrator') (dev.localhost::f01fe417-15c4-4eed-8300-bdaa5fbc9866)
2025-02-05 10:17:07,614 workspace-frappe-bench:default: Job OK (dev.localhost::f01fe417-15c4-4eed-8300-bdaa5fbc9866)
2025-02-05 10:17:07,614 Result is kept for 600 seconds
2025-02-05 10:17:07,620 workspace-frappe-bench:default: frappe.utils.background_jobs.execute_job(event=None, is_async=True, job_name='frappe.model.delete_doc.delete_dynamic_links', kwargs={'doctype': 'Property Setter', 'name': 'Delivery Note Item-barcode-hidden'}, method='frappe.model.delete_doc.delete_dynamic_links', site='dev.localhost', user='Administrator') (dev.localhost::2f23b9e0-a830-4b23-9472-f07cf4f93d78)
2025-02-05 10:17:07,665 workspace-frappe-bench:default: Job OK (dev.localhost::2f23b9e0-a830-4b23-9472-f07cf4f93d78)
2025-02-05 10:17:07,665 Result is kept for 600 seconds
2025-02-05 10:17:07,670 workspace-frappe-bench:default: frappe.utils.background_jobs.execute_job(event=None, is_async=True, job_name='frappe.model.delete_doc.delete_dynamic_links', kwargs={'doctype': 'Property Setter', 'name': 'Purchase Receipt Item-barcode-hidde..., method='frappe.model.delete_doc.delete_dynamic_links', site='dev.localhost', user='Administrator') (dev.localhost::dcb710d1-bbaf-43ce-bffe-4ccb48543b4f)
2025-02-05 10:17:07,732 workspace-frappe-bench:default: Job OK (dev.localhost::dcb710d1-bbaf-43ce-bffe-4ccb48543b4f)
2025-02-05 10:17:07,732 Result is kept for 600 seconds
2025-02-05 10:17:07,738 workspace-frappe-bench:default: frappe.utils.background_jobs.execute_job(event=None, is_async=True, job_name='frappe.model.delete_doc.delete_dynamic_links', kwargs={'doctype': 'Property Setter', 'name': 'Stock Reconciliation Item-barcode-h..., method='frappe.model.delete_doc.delete_dynamic_links', site='dev.localhost', user='Administrator') (dev.localhost::e1e64289-e2d3-49a8-96cc-44dde8b5c3c6)
2025-02-05 10:17:07,830 workspace-frappe-bench:default: Job OK (dev.localhost::e1e64289-e2d3-49a8-96cc-44dde8b5c3c6)
2025-02-05 10:17:07,831 Result is kept for 600 seconds
2025-02-05 10:17:07,838 workspace-frappe-bench:default: frappe.utils.background_jobs.execute_job(event=None, is_async=True, job_name='frappe.model.delete_doc.delete_dynamic_links', kwargs={'doctype': 'Property Setter', 'name': 'Item Barcode-barcode-hidden'}, method='frappe.model.delete_doc.delete_dynamic_links', site='dev.localhost', user='Administrator') (dev.localhost::d4abff73-d188-418e-9e80-9b8150b9790f)
2025-02-05 10:17:07,903 workspace-frappe-bench:default: Job OK (dev.localhost::d4abff73-d188-418e-9e80-9b8150b9790f)
2025-02-05 10:17:07,903 Result is kept for 600 seconds
2025-02-05 10:17:07,909 workspace-frappe-bench:default: frappe.utils.background_jobs.execute_job(event=None, is_async=True, job_name='frappe.model.delete_doc.delete_dynamic_links', kwargs={'doctype': 'Property Setter', 'name': 'Stock Entry Detail-barcode-hidden'}, method='frappe.model.delete_doc.delete_dynamic_links', site='dev.localhost', user='Administrator') (dev.localhost::d41cd335-f6ef-4938-9451-e173bdd7a98e)
2025-02-05 10:17:07,984 workspace-frappe-bench:default: Job OK (dev.localhost::d41cd335-f6ef-4938-9451-e173bdd7a98e)
2025-02-05 10:17:07,984 Result is kept for 600 seconds
2025-02-05 10:17:07,990 workspace-frappe-bench:default: frappe.utils.background_jobs.execute_job(event=None, is_async=True, job_name='frappe.model.delete_doc.delete_dynamic_links', kwargs={'doctype': 'Property Setter', 'name': 'Item-barcodes-hidden'}, method='frappe.model.delete_doc.delete_dynamic_links', site='dev.localhost', user='Administrator') (dev.localhost::3b29a292-6b30-4a40-9217-698f2353c670)
2025-02-05 10:17:08,035 workspace-frappe-bench:default: Job OK (dev.localhost::3b29a292-6b30-4a40-9217-698f2353c670)
2025-02-05 10:17:08,035 Result is kept for 600 seconds
2025-02-05 10:17:08,040 workspace-frappe-bench:default: frappe.utils.background_jobs.execute_job(event=None, is_async=True, job_name='frappe.model.delete_doc.delete_dynamic_links', kwargs={'doctype': 'Property Setter', 'name': 'Purchase Invoice-scan_barcode-hidde..., method='frappe.model.delete_doc.delete_dynamic_links', site='dev.localhost', user='Administrator') (dev.localhost::17857ddc-8ecf-4c3a-90bf-75c29ff32f34)
2025-02-05 10:17:08,088 workspace-frappe-bench:default: Job OK (dev.localhost::17857ddc-8ecf-4c3a-90bf-75c29ff32f34)
2025-02-05 10:17:08,088 Result is kept for 600 seconds
2025-02-05 10:17:08,094 workspace-frappe-bench:default: frappe.utils.background_jobs.execute_job(event=None, is_async=True, job_name='frappe.model.delete_doc.delete_dynamic_links', kwargs={'doctype': 'Property Setter', 'name': 'Sales Invoice-scan_barcode-hidden'}, method='frappe.model.delete_doc.delete_dynamic_links', site='dev.localhost', user='Administrator') (dev.localhost::60a34b67-bc12-458b-af29-d5a39673df74)
2025-02-05 10:17:08,314 workspace-frappe-bench:default: Job OK (dev.localhost::60a34b67-bc12-458b-af29-d5a39673df74)
2025-02-05 10:17:08,314 Result is kept for 600 seconds
2025-02-05 10:17:08,321 workspace-frappe-bench:default: frappe.utils.background_jobs.execute_job(event=None, is_async=True, job_name='frappe.model.delete_doc.delete_dynamic_links', kwargs={'doctype': 'Property Setter', 'name': 'POS Invoice-scan_barcode-hidden'}, method='frappe.model.delete_doc.delete_dynamic_links', site='dev.localhost', user='Administrator') (dev.localhost::7726885c-82e0-4efb-baef-6de8cbe2dec6)
2025-02-05 10:17:08,391 workspace-frappe-bench:default: Job OK (dev.localhost::7726885c-82e0-4efb-baef-6de8cbe2dec6)
2025-02-05 10:17:08,392 Result is kept for 600 seconds
2025-02-05 10:17:08,399 workspace-frappe-bench:default: frappe.utils.background_jobs.execute_job(event=None, is_async=True, job_name='frappe.model.delete_doc.delete_dynamic_links', kwargs={'doctype': 'Property Setter', 'name': 'Purchase Order-scan_barcode-hidden'..., method='frappe.model.delete_doc.delete_dynamic_links', site='dev.localhost', user='Administrator') (dev.localhost::ada2dcec-4954-4c64-ae24-98cd3963f98c)
2025-02-05 10:17:08,464 workspace-frappe-bench:default: Job OK (dev.localhost::ada2dcec-4954-4c64-ae24-98cd3963f98c)
2025-02-05 10:17:08,464 Result is kept for 600 seconds
2025-02-05 10:17:08,471 workspace-frappe-bench:default: frappe.utils.background_jobs.execute_job(event=None, is_async=True, job_name='frappe.model.delete_doc.delete_dynamic_links', kwargs={'doctype': 'Property Setter', 'name': 'Quotation-scan_barcode-hidden'}, method='frappe.model.delete_doc.delete_dynamic_links', site='dev.localhost', user='Administrator') (dev.localhost::bfcaa88a-af7f-4481-a3dd-25f36808d8e9)
2025-02-05 10:17:08,534 workspace-frappe-bench:default: Job OK (dev.localhost::bfcaa88a-af7f-4481-a3dd-25f36808d8e9)
2025-02-05 10:17:08,535 Result is kept for 600 seconds
2025-02-05 10:17:08,542 workspace-frappe-bench:default: frappe.utils.background_jobs.execute_job(event=None, is_async=True, job_name='frappe.model.delete_doc.delete_dynamic_links', kwargs={'doctype': 'Property Setter', 'name': 'Sales Order-scan_barcode-hidden'}, method='frappe.model.delete_doc.delete_dynamic_links', site='dev.localhost', user='Administrator') (dev.localhost::1e745363-493e-4230-9697-6fb9fd48b63c)
2025-02-05 10:17:08,606 workspace-frappe-bench:default: Job OK (dev.localhost::1e745363-493e-4230-9697-6fb9fd48b63c)
2025-02-05 10:17:08,606 Result is kept for 600 seconds
2025-02-05 10:17:08,613 workspace-frappe-bench:default: frappe.utils.background_jobs.execute_job(event=None, is_async=True, job_name='frappe.model.delete_doc.delete_dynamic_links', kwargs={'doctype': 'Property Setter', 'name': 'Purchase Receipt-scan_barcode-hidde..., method='frappe.model.delete_doc.delete_dynamic_links', site='dev.localhost', user='Administrator') (dev.localhost::7222c189-831a-4039-baa6-c185d16fb8dd)
2025-02-05 10:17:08,678 workspace-frappe-bench:default: Job OK (dev.localhost::7222c189-831a-4039-baa6-c185d16fb8dd)
2025-02-05 10:17:08,678 Result is kept for 600 seconds
2025-02-05 10:17:08,685 workspace-frappe-bench:default: frappe.utils.background_jobs.execute_job(event=None, is_async=True, job_name='frappe.model.delete_doc.delete_dynamic_links', kwargs={'doctype': 'Property Setter', 'name': 'Pick List-scan_barcode-hidden'}, method='frappe.model.delete_doc.delete_dynamic_links', site='dev.localhost', user='Administrator') (dev.localhost::a49e801f-9465-49d8-8246-326741003420)
2025-02-05 10:17:08,751 workspace-frappe-bench:default: Job OK (dev.localhost::a49e801f-9465-49d8-8246-326741003420)
2025-02-05 10:17:08,751 Result is kept for 600 seconds
2025-02-05 10:17:08,759 workspace-frappe-bench:default: frappe.utils.background_jobs.execute_job(event=None, is_async=True, job_name='frappe.model.delete_doc.delete_dynamic_links', kwargs={'doctype': 'Property Setter', 'name': 'Stock Entry-scan_barcode-hidden'}, method='frappe.model.delete_doc.delete_dynamic_links', site='dev.localhost', user='Administrator') (dev.localhost::61a1c9c3-5a09-4496-99b0-31b3fab91612)
2025-02-05 10:17:08,826 workspace-frappe-bench:default: Job OK (dev.localhost::61a1c9c3-5a09-4496-99b0-31b3fab91612)
2025-02-05 10:17:08,826 Result is kept for 600 seconds
2025-02-05 10:17:08,833 workspace-frappe-bench:default: frappe.utils.background_jobs.execute_job(event=None, is_async=True, job_name='frappe.model.delete_doc.delete_dynamic_links', kwargs={'doctype': 'Property Setter', 'name': 'Stock Reconciliation-scan_barcode-h..., method='frappe.model.delete_doc.delete_dynamic_links', site='dev.localhost', user='Administrator') (dev.localhost::2a06d957-d2d8-4512-8ab7-f1928ca2b7c8)
2025-02-05 10:17:08,898 workspace-frappe-bench:default: Job OK (dev.localhost::2a06d957-d2d8-4512-8ab7-f1928ca2b7c8)
2025-02-05 10:17:08,898 Result is kept for 600 seconds
2025-02-05 10:17:08,905 workspace-frappe-bench:default: frappe.utils.background_jobs.execute_job(event=None, is_async=True, job_name='frappe.model.delete_doc.delete_dynamic_links', kwargs={'doctype': 'Property Setter', 'name': 'Material Request-scan_barcode-hidde..., method='frappe.model.delete_doc.delete_dynamic_links', site='dev.localhost', user='Administrator') (dev.localhost::39d128a3-9ba0-48e1-a2a2-ab5e9c7e623b)
2025-02-05 10:17:09,000 workspace-frappe-bench:default: Job OK (dev.localhost::39d128a3-9ba0-48e1-a2a2-ab5e9c7e623b)
2025-02-05 10:17:09,000 Result is kept for 600 seconds
2025-02-05 10:17:09,007 workspace-frappe-bench:default: frappe.utils.background_jobs.execute_job(event=None, is_async=True, job_name='frappe.model.delete_doc.delete_dynamic_links', kwargs={'doctype': 'Property Setter', 'name': 'Delivery Note-scan_barcode-hidden'}, method='frappe.model.delete_doc.delete_dynamic_links', site='dev.localhost', user='Administrator') (dev.localhost::f34df136-9e02-4e75-aaac-9dd14fedfdf1)
2025-02-05 10:17:09,179 workspace-frappe-bench:default: Job OK (dev.localhost::f34df136-9e02-4e75-aaac-9dd14fedfdf1)
2025-02-05 10:17:09,179 Result is kept for 600 seconds
2025-02-05 10:17:09,196 workspace-frappe-bench:default: frappe.utils.background_jobs.execute_job(event=None, is_async=True, job_name='frappe.model.delete_doc.delete_dynamic_links', kwargs={'doctype': 'Property Setter', 'name': 'Sales Invoice Item-target_warehouse..., method='frappe.model.delete_doc.delete_dynamic_links', site='dev.localhost', user='Administrator') (dev.localhost::23ae74de-f33c-49c8-a2d6-f3884a04c8f1)
2025-02-05 10:17:09,340 workspace-frappe-bench:default: Job OK (dev.localhost::23ae74de-f33c-49c8-a2d6-f3884a04c8f1)
2025-02-05 10:17:09,341 Result is kept for 600 seconds
2025-02-05 10:17:09,358 workspace-frappe-bench:default: frappe.utils.background_jobs.execute_job(event=None, is_async=True, job_name='frappe.model.delete_doc.delete_dynamic_links', kwargs={'doctype': 'Property Setter', 'name': 'Delivery Note Item-target_warehouse..., method='frappe.model.delete_doc.delete_dynamic_links', site='dev.localhost', user='Administrator') (dev.localhost::a4522195-32d4-4711-a364-af259d60b69b)
2025-02-05 10:17:09,486 workspace-frappe-bench:default: Job OK (dev.localhost::a4522195-32d4-4711-a364-af259d60b69b)
2025-02-05 10:17:09,486 Result is kept for 600 seconds
2025-02-05 10:17:09,493 workspace-frappe-bench:default: frappe.utils.background_jobs.execute_job(event=None, is_async=True, job_name='frappe.model.delete_doc.delete_dynamic_links', kwargs={'doctype': 'Property Setter', 'name': 'Purchase Invoice Item-from_warehous..., method='frappe.model.delete_doc.delete_dynamic_links', site='dev.localhost', user='Administrator') (dev.localhost::bbd3c0f2-6406-44fe-a2f3-77d858a99de7)
2025-02-05 10:17:09,644 workspace-frappe-bench:default: Job OK (dev.localhost::bbd3c0f2-6406-44fe-a2f3-77d858a99de7)
2025-02-05 10:17:09,646 Result is kept for 600 seconds
2025-02-05 10:17:09,668 workspace-frappe-bench:default: frappe.utils.background_jobs.execute_job(event=None, is_async=True, job_name='frappe.model.delete_doc.delete_dynamic_links', kwargs={'doctype': 'Property Setter', 'name': 'Purchase Receipt Item-from_warehous..., method='frappe.model.delete_doc.delete_dynamic_links', site='dev.localhost', user='Administrator') (dev.localhost::feee1aeb-a388-4247-9699-833fa5e5ceff)
2025-02-05 10:17:09,740 workspace-frappe-bench:default: Job OK (dev.localhost::feee1aeb-a388-4247-9699-833fa5e5ceff)
2025-02-05 10:17:09,740 Result is kept for 600 seconds
2025-02-05 10:20:00,840 workspace-frappe-bench:default: frappe.utils.background_jobs.execute_job(event=None, is_async=True, job_name='frappe.core.doctype.scheduled_job_type.scheduled_job_type.run_scheduled_jo..., kwargs={'job_type': 'frappe.utils.global_search.sync_global_search', 'scheduled_jo..., method='frappe.core.doctype.scheduled_job_type.scheduled_job_type.run_scheduled_jo..., site='dev.localhost', user='Administrator') (dev.localhost::scheduled_job::gh0729h6vd)
2025-02-05 10:20:01,444 workspace-frappe-bench:default: Job OK (dev.localhost::scheduled_job::gh0729h6vd)
2025-02-05 10:20:01,445 Result is kept for 600 seconds
2025-02-05 10:20:01,451 workspace-frappe-bench:default: frappe.utils.background_jobs.execute_job(event=None, is_async=True, job_name='frappe.core.doctype.scheduled_job_type.scheduled_job_type.run_scheduled_jo..., kwargs={'job_type': 'frappe.email.doctype.notification.notification.trigger_offset..., method='frappe.core.doctype.scheduled_job_type.scheduled_job_type.run_scheduled_jo..., site='dev.localhost', user='Administrator') (dev.localhost::scheduled_job::gh07vsicua)
2025-02-05 10:20:01,675 workspace-frappe-bench:default: Job OK (dev.localhost::scheduled_job::gh07vsicua)
2025-02-05 10:20:01,675 Result is kept for 600 seconds
2025-02-05 10:20:01,681 workspace-frappe-bench:default: frappe.utils.background_jobs.execute_job(event=None, is_async=True, job_name='frappe.core.doctype.scheduled_job_type.scheduled_job_type.run_scheduled_jo..., kwargs={'job_type': 'erpnext.manufacturing.doctype.bom_update_log.bom_update_log.r..., method='frappe.core.doctype.scheduled_job_type.scheduled_job_type.run_scheduled_jo..., site='dev.localhost', user='Administrator') (dev.localhost::scheduled_job::h8ag45pu0p)
2025-02-05 10:20:01,991 workspace-frappe-bench:default: Job OK (dev.localhost::scheduled_job::h8ag45pu0p)
2025-02-05 10:20:01,991 Result is kept for 600 seconds
2025-02-05 10:20:01,997 workspace-frappe-bench:default: frappe.utils.background_jobs.execute_job(event=None, is_async=True, job_name='frappe.core.doctype.scheduled_job_type.scheduled_job_type.run_scheduled_jo..., kwargs={'job_type': 'frappe.email.doctype.email_account.email_account.pull', 'sche..., method='frappe.core.doctype.scheduled_job_type.scheduled_job_type.run_scheduled_jo..., site='dev.localhost', user='Administrator') (dev.localhost::scheduled_job::gh0658vc7i)
2025-02-05 10:20:02,234 workspace-frappe-bench:default: Job OK (dev.localhost::scheduled_job::gh0658vc7i)
2025-02-05 10:20:02,234 Result is kept for 600 seconds
2025-02-05 10:20:02,241 workspace-frappe-bench:default: frappe.utils.background_jobs.execute_job(event=None, is_async=True, job_name='frappe.core.doctype.scheduled_job_type.scheduled_job_type.run_scheduled_jo..., kwargs={'job_type': 'frappe.automation.doctype.reminder.reminder.send_reminders', ..., method='frappe.core.doctype.scheduled_job_type.scheduled_job_type.run_scheduled_jo..., site='dev.localhost', user='Administrator') (dev.localhost::scheduled_job::gh040jcecd)
2025-02-05 10:20:02,491 workspace-frappe-bench:default: Job OK (dev.localhost::scheduled_job::gh040jcecd)
2025-02-05 10:20:02,491 Result is kept for 600 seconds
2025-02-05 10:20:02,497 workspace-frappe-bench:default: frappe.utils.background_jobs.execute_job(event=None, is_async=True, job_name='frappe.core.doctype.scheduled_job_type.scheduled_job_type.run_scheduled_jo..., kwargs={'job_type': 'frappe.twofactor.delete_all_barcodes_for_users', 'scheduled_j..., method='frappe.core.doctype.scheduled_job_type.scheduled_job_type.run_scheduled_jo..., site='dev.localhost', user='Administrator') (dev.localhost::scheduled_job::gh028ljaof)
2025-02-05 10:20:02,726 workspace-frappe-bench:default: Job OK (dev.localhost::scheduled_job::gh028ljaof)
2025-02-05 10:20:02,726 Result is kept for 600 seconds
2025-02-05 10:20:02,732 workspace-frappe-bench:default: frappe.utils.background_jobs.execute_job(event=None, is_async=True, job_name='frappe.core.doctype.scheduled_job_type.scheduled_job_type.run_scheduled_jo..., kwargs={'job_type': 'frappe.email.doctype.email_account.email_account.notify_unrep..., method='frappe.core.doctype.scheduled_job_type.scheduled_job_type.run_scheduled_jo..., site='dev.localhost', user='Administrator') (dev.localhost::scheduled_job::gh0mg9dg3j)
2025-02-05 10:20:03,081 workspace-frappe-bench:default: Job OK (dev.localhost::scheduled_job::gh0mg9dg3j)
2025-02-05 10:20:03,081 Result is kept for 600 seconds
2025-02-05 10:20:03,087 workspace-frappe-bench:default: frappe.utils.background_jobs.execute_job(event=None, is_async=True, job_name='frappe.core.doctype.scheduled_job_type.scheduled_job_type.run_scheduled_jo..., kwargs={'job_type': 'frappe.deferred_insert.save_to_db', 'scheduled_job_type': 'gh..., method='frappe.core.doctype.scheduled_job_type.scheduled_job_type.run_scheduled_jo..., site='dev.localhost', user='Administrator') (dev.localhost::scheduled_job::gh0bgqksqs)
2025-02-05 10:20:03,457 workspace-frappe-bench:default: Job OK (dev.localhost::scheduled_job::gh0bgqksqs)
2025-02-05 10:20:03,457 Result is kept for 600 seconds
2025-02-05 10:20:03,463 workspace-frappe-bench:default: frappe.utils.background_jobs.execute_job(event=None, is_async=True, job_name='frappe.core.doctype.scheduled_job_type.scheduled_job_type.run_scheduled_jo..., kwargs={'job_type': 'frappe.monitor.flush', 'scheduled_job_type': 'gh0aujdlkv'}, method='frappe.core.doctype.scheduled_job_type.scheduled_job_type.run_scheduled_jo..., site='dev.localhost', user='Administrator') (dev.localhost::scheduled_job::gh0aujdlkv)
2025-02-05 10:20:03,678 workspace-frappe-bench:default: Job OK (dev.localhost::scheduled_job::gh0aujdlkv)
2025-02-05 10:20:03,678 Result is kept for 600 seconds
2025-02-05 10:20:03,684 workspace-frappe-bench:default: frappe.utils.background_jobs.execute_job(event=None, is_async=True, job_name='frappe.core.doctype.scheduled_job_type.scheduled_job_type.run_scheduled_jo..., kwargs={'job_type': 'frappe.website.doctype.web_page.web_page.check_publish_status..., method='frappe.core.doctype.scheduled_job_type.scheduled_job_type.run_scheduled_jo..., site='dev.localhost', user='Administrator') (dev.localhost::scheduled_job::gh0f8so08k)
2025-02-05 10:20:03,955 workspace-frappe-bench:default: Job OK (dev.localhost::scheduled_job::gh0f8so08k)
2025-02-05 10:20:03,955 Result is kept for 600 seconds
2025-02-05 10:20:03,962 workspace-frappe-bench:default: frappe.utils.background_jobs.execute_job(event=None, is_async=True, job_name='frappe.core.doctype.scheduled_job_type.scheduled_job_type.run_scheduled_jo..., kwargs={'job_type': 'frappe.email.queue.flush', 'scheduled_job_type': 'gh00mvce03'..., method='frappe.core.doctype.scheduled_job_type.scheduled_job_type.run_scheduled_jo..., site='dev.localhost', user='Administrator') (dev.localhost::scheduled_job::gh00mvce03)
2025-02-05 10:20:04,341 workspace-frappe-bench:default: Job OK (dev.localhost::scheduled_job::gh00mvce03)
2025-02-05 10:20:04,341 Result is kept for 600 seconds
2025-02-05 10:20:04,348 workspace-frappe-bench:default: frappe.utils.background_jobs.execute_job(event=None, is_async=True, job_name='frappe.core.doctype.scheduled_job_type.scheduled_job_type.run_scheduled_jo..., kwargs={'job_type': 'frappe.oauth.delete_oauth2_data', 'scheduled_job_type': 'gh0c..., method='frappe.core.doctype.scheduled_job_type.scheduled_job_type.run_scheduled_jo..., site='dev.localhost', user='Administrator') (dev.localhost::scheduled_job::gh0cqqi3u8)
2025-02-05 10:20:04,583 workspace-frappe-bench:default: Job OK (dev.localhost::scheduled_job::gh0cqqi3u8)
2025-02-05 10:20:04,583 Result is kept for 600 seconds
2025-02-05 10:23:47,943 Worker 5797b0736bfa4c719d5074d732d4f8f7 [PID 12270]: warm shut down requested
2025-02-05 10:23:47,958 Unsubscribing from channel rq:pubsub:5797b0736bfa4c719d5074d732d4f8f7
2025-02-05 10:23:55,264 Worker rq:worker:893cd28393b14a10b3c0b3bb7e136a99 started with PID 18204, version 1.16.2
2025-02-05 10:23:55,264 Subscribing to channel rq:pubsub:893cd28393b14a10b3c0b3bb7e136a99
2025-02-05 10:23:55,271 *** Listening on workspace-frappe-bench:short, workspace-frappe-bench:default, workspace-frappe-bench:long...
2025-02-05 10:23:55,273 Cleaning registries for queue: workspace-frappe-bench:short
2025-02-05 10:23:55,276 Cleaning registries for queue: workspace-frappe-bench:default
2025-02-05 10:23:55,280 Cleaning registries for queue: workspace-frappe-bench:long
2025-02-05 10:24:00,747 workspace-frappe-bench:default: frappe.utils.background_jobs.execute_job(event=None, is_async=True, job_name='frappe.core.doctype.scheduled_job_type.scheduled_job_type.run_scheduled_jo..., kwargs={'job_type': 'frappe.email.queue.flush', 'scheduled_job_type': 'gh00mvce03'..., method='frappe.core.doctype.scheduled_job_type.scheduled_job_type.run_scheduled_jo..., site='dev.localhost', user='Administrator') (dev.localhost::scheduled_job::gh00mvce03)
2025-02-05 10:24:01,352 workspace-frappe-bench:default: Job OK (dev.localhost::scheduled_job::gh00mvce03)
2025-02-05 10:24:01,352 Result is kept for 600 seconds
2025-02-05 10:24:01,362 workspace-frappe-bench:default: frappe.utils.background_jobs.execute_job(event=None, is_async=True, job_name='frappe.core.doctype.scheduled_job_type.scheduled_job_type.run_scheduled_jo..., kwargs={'job_type': 'frappe.monitor.flush', 'scheduled_job_type': 'gh0aujdlkv'}, method='frappe.core.doctype.scheduled_job_type.scheduled_job_type.run_scheduled_jo..., site='dev.localhost', user='Administrator') (dev.localhost::scheduled_job::gh0aujdlkv)
2025-02-05 10:24:01,752 workspace-frappe-bench:default: Job OK (dev.localhost::scheduled_job::gh0aujdlkv)
2025-02-05 10:24:01,752 Result is kept for 600 seconds
2025-02-05 10:24:02,722 Worker 893cd28393b14a10b3c0b3bb7e136a99 [PID 18204]: warm shut down requested
2025-02-05 10:24:02,752 Unsubscribing from channel rq:pubsub:893cd28393b14a10b3c0b3bb7e136a99
2025-02-05 14:13:52,834 Worker rq:worker:290f8d83722247109b19f7d00aab9fc7 started with PID 4428, version 1.16.2
2025-02-05 14:13:52,850 Subscribing to channel rq:pubsub:290f8d83722247109b19f7d00aab9fc7
2025-02-05 14:13:53,044 *** Listening on workspace-frappe-bench:short, workspace-frappe-bench:default, workspace-frappe-bench:long...
2025-02-05 14:13:53,147 Cleaning registries for queue: workspace-frappe-bench:short
2025-02-05 14:13:53,382 Cleaning registries for queue: workspace-frappe-bench:default
2025-02-05 14:13:53,563 Cleaning registries for queue: workspace-frappe-bench:long
2025-02-05 14:16:00,462 workspace-frappe-bench:default: frappe.utils.background_jobs.execute_job(event=None, is_async=True, job_name='frappe.core.doctype.scheduled_job_type.scheduled_job_type.run_scheduled_jo..., kwargs={'job_type': 'frappe.website.doctype.personal_data_deletion_request.persona..., method='frappe.core.doctype.scheduled_job_type.scheduled_job_type.run_scheduled_jo..., site='dev.localhost', user='Administrator') (dev.localhost::scheduled_job::gh0avp4j2n)
2025-02-05 14:16:01,027 workspace-frappe-bench:default: Job OK (dev.localhost::scheduled_job::gh0avp4j2n)
2025-02-05 14:16:01,028 Result is kept for 600 seconds
2025-02-05 14:16:01,036 workspace-frappe-bench:default: frappe.utils.background_jobs.execute_job(event=None, is_async=True, job_name='frappe.core.doctype.scheduled_job_type.scheduled_job_type.run_scheduled_jo..., kwargs={'job_type': 'frappe.monitor.flush', 'scheduled_job_type': 'gh0aujdlkv'}, method='frappe.core.doctype.scheduled_job_type.scheduled_job_type.run_scheduled_jo..., site='dev.localhost', user='Administrator') (dev.localhost::scheduled_job::gh0aujdlkv)
2025-02-05 14:16:01,303 workspace-frappe-bench:default: Job OK (dev.localhost::scheduled_job::gh0aujdlkv)
2025-02-05 14:16:01,304 Result is kept for 600 seconds
2025-02-05 14:16:01,312 workspace-frappe-bench:default: frappe.utils.background_jobs.execute_job(event=None, is_async=True, job_name='frappe.core.doctype.scheduled_job_type.scheduled_job_type.run_scheduled_jo..., kwargs={'job_type': 'frappe.deferred_insert.save_to_db', 'scheduled_job_type': 'gh..., method='frappe.core.doctype.scheduled_job_type.scheduled_job_type.run_scheduled_jo..., site='dev.localhost', user='Administrator') (dev.localhost::scheduled_job::gh0bgqksqs)
2025-02-05 14:16:01,798 workspace-frappe-bench:default: Job OK (dev.localhost::scheduled_job::gh0bgqksqs)
2025-02-05 14:16:01,798 Result is kept for 600 seconds
2025-02-05 14:16:01,813 workspace-frappe-bench:default: frappe.utils.background_jobs.execute_job(event=None, is_async=True, job_name='frappe.core.doctype.scheduled_job_type.scheduled_job_type.run_scheduled_jo..., kwargs={'job_type': 'erpnext.accounts.doctype.gl_entry.gl_entry.rename_gle_sle_doc..., method='frappe.core.doctype.scheduled_job_type.scheduled_job_type.run_scheduled_jo..., site='dev.localhost', user='Administrator') (dev.localhost::scheduled_job::h8av4bmen8)
2025-02-05 14:16:02,242 workspace-frappe-bench:default: Job OK (dev.localhost::scheduled_job::h8av4bmen8)
2025-02-05 14:16:02,242 Result is kept for 600 seconds
2025-02-05 14:16:02,249 workspace-frappe-bench:default: frappe.utils.background_jobs.execute_job(event=None, is_async=True, job_name='frappe.core.doctype.scheduled_job_type.scheduled_job_type.run_scheduled_jo..., kwargs={'job_type': 'frappe.desk.page.backups.backups.delete_downloadable_backups'..., method='frappe.core.doctype.scheduled_job_type.scheduled_job_type.run_scheduled_jo..., site='dev.localhost', user='Administrator') (dev.localhost::scheduled_job::gh0ng053v2)
2025-02-05 14:16:02,512 workspace-frappe-bench:default: Job OK (dev.localhost::scheduled_job::gh0ng053v2)
2025-02-05 14:16:02,512 Result is kept for 600 seconds
2025-02-05 14:16:02,521 workspace-frappe-bench:default: frappe.utils.background_jobs.execute_job(event=None, is_async=True, job_name='frappe.core.doctype.scheduled_job_type.scheduled_job_type.run_scheduled_jo..., kwargs={'job_type': 'frappe.automation.doctype.reminder.reminder.send_reminders', ..., method='frappe.core.doctype.scheduled_job_type.scheduled_job_type.run_scheduled_jo..., site='dev.localhost', user='Administrator') (dev.localhost::scheduled_job::gh040jcecd)
2025-02-05 14:16:02,769 workspace-frappe-bench:default: Job OK (dev.localhost::scheduled_job::gh040jcecd)
2025-02-05 14:16:02,769 Result is kept for 600 seconds
2025-02-05 14:16:02,775 workspace-frappe-bench:default: frappe.utils.background_jobs.execute_job(event=None, is_async=True, job_name='frappe.core.doctype.scheduled_job_type.scheduled_job_type.run_scheduled_jo..., kwargs={'job_type': 'frappe.model.utils.link_count.update_link_count', 'scheduled_..., method='frappe.core.doctype.scheduled_job_type.scheduled_job_type.run_scheduled_jo..., site='dev.localhost', user='Administrator') (dev.localhost::scheduled_job::gh0qg95qk3)
2025-02-05 14:16:03,053 workspace-frappe-bench:default: Job OK (dev.localhost::scheduled_job::gh0qg95qk3)
2025-02-05 14:16:03,053 Result is kept for 600 seconds
2025-02-05 14:16:03,060 workspace-frappe-bench:default: frappe.utils.background_jobs.execute_job(event=None, is_async=True, job_name='frappe.core.doctype.scheduled_job_type.scheduled_job_type.run_scheduled_jo..., kwargs={'job_type': 'frappe.desk.form.document_follow.send_hourly_updates', 'sched..., method='frappe.core.doctype.scheduled_job_type.scheduled_job_type.run_scheduled_jo..., site='dev.localhost', user='Administrator') (dev.localhost::scheduled_job::gh0j4hkguk)
2025-02-05 14:16:03,297 workspace-frappe-bench:default: Job OK (dev.localhost::scheduled_job::gh0j4hkguk)
2025-02-05 14:16:03,297 Result is kept for 600 seconds
2025-02-05 14:16:03,304 workspace-frappe-bench:default: frappe.utils.background_jobs.execute_job(event=None, is_async=True, job_name='frappe.core.doctype.scheduled_job_type.scheduled_job_type.run_scheduled_jo..., kwargs={'job_type': 'frappe.email.doctype.newsletter.newsletter.send_scheduled_ema..., method='frappe.core.doctype.scheduled_job_type.scheduled_job_type.run_scheduled_jo..., site='dev.localhost', user='Administrator') (dev.localhost::scheduled_job::gh06jvuf2j)
2025-02-05 14:16:03,670 workspace-frappe-bench:default: Job OK (dev.localhost::scheduled_job::gh06jvuf2j)
2025-02-05 14:16:03,670 Result is kept for 600 seconds
2025-02-05 14:16:03,679 workspace-frappe-bench:default: frappe.utils.background_jobs.execute_job(event=None, is_async=True, job_name='frappe.core.doctype.scheduled_job_type.scheduled_job_type.run_scheduled_jo..., kwargs={'job_type': 'frappe.twofactor.delete_all_barcodes_for_users', 'scheduled_j..., method='frappe.core.doctype.scheduled_job_type.scheduled_job_type.run_scheduled_jo..., site='dev.localhost', user='Administrator') (dev.localhost::scheduled_job::gh028ljaof)
2025-02-05 14:16:03,939 workspace-frappe-bench:default: Job OK (dev.localhost::scheduled_job::gh028ljaof)
2025-02-05 14:16:03,939 Result is kept for 600 seconds
2025-02-05 14:16:03,945 workspace-frappe-bench:default: frappe.utils.background_jobs.execute_job(event=None, is_async=True, job_name='frappe.core.doctype.scheduled_job_type.scheduled_job_type.run_scheduled_jo..., kwargs={'job_type': 'frappe.utils.global_search.sync_global_search', 'scheduled_jo..., method='frappe.core.doctype.scheduled_job_type.scheduled_job_type.run_scheduled_jo..., site='dev.localhost', user='Administrator') (dev.localhost::scheduled_job::gh0729h6vd)
2025-02-05 14:16:04,163 workspace-frappe-bench:default: Job OK (dev.localhost::scheduled_job::gh0729h6vd)
2025-02-05 14:16:04,164 Result is kept for 600 seconds
2025-02-05 14:16:04,170 workspace-frappe-bench:default: frappe.utils.background_jobs.execute_job(event=None, is_async=True, job_name='frappe.core.doctype.scheduled_job_type.scheduled_job_type.run_scheduled_jo..., kwargs={'job_type': 'frappe.oauth.delete_oauth2_data', 'scheduled_job_type': 'gh0c..., method='frappe.core.doctype.scheduled_job_type.scheduled_job_type.run_scheduled_jo..., site='dev.localhost', user='Administrator') (dev.localhost::scheduled_job::gh0cqqi3u8)
2025-02-05 14:16:04,477 workspace-frappe-bench:default: Job OK (dev.localhost::scheduled_job::gh0cqqi3u8)
2025-02-05 14:16:04,477 Result is kept for 600 seconds
2025-02-05 14:16:04,483 workspace-frappe-bench:default: frappe.utils.background_jobs.execute_job(event=None, is_async=True, job_name='frappe.core.doctype.scheduled_job_type.scheduled_job_type.run_scheduled_jo..., kwargs={'job_type': 'erpnext.manufacturing.doctype.bom_update_log.bom_update_log.r..., method='frappe.core.doctype.scheduled_job_type.scheduled_job_type.run_scheduled_jo..., site='dev.localhost', user='Administrator') (dev.localhost::scheduled_job::h8ag45pu0p)
2025-02-05 14:16:04,711 workspace-frappe-bench:default: Job OK (dev.localhost::scheduled_job::h8ag45pu0p)
2025-02-05 14:16:04,711 Result is kept for 600 seconds
2025-02-05 14:16:04,717 workspace-frappe-bench:default: frappe.utils.background_jobs.execute_job(event=None, is_async=True, job_name='frappe.core.doctype.scheduled_job_type.scheduled_job_type.run_scheduled_jo..., kwargs={'job_type': 'frappe.email.doctype.email_account.email_account.pull', 'sche..., method='frappe.core.doctype.scheduled_job_type.scheduled_job_type.run_scheduled_jo..., site='dev.localhost', user='Administrator') (dev.localhost::scheduled_job::gh0658vc7i)
2025-02-05 14:16:05,038 workspace-frappe-bench:default: Job OK (dev.localhost::scheduled_job::gh0658vc7i)
2025-02-05 14:16:05,038 Result is kept for 600 seconds
2025-02-05 14:16:05,044 workspace-frappe-bench:default: frappe.utils.background_jobs.execute_job(event=None, is_async=True, job_name='frappe.core.doctype.scheduled_job_type.scheduled_job_type.run_scheduled_jo..., kwargs={'job_type': 'frappe.email.doctype.email_account.email_account.notify_unrep..., method='frappe.core.doctype.scheduled_job_type.scheduled_job_type.run_scheduled_jo..., site='dev.localhost', user='Administrator') (dev.localhost::scheduled_job::gh0mg9dg3j)
2025-02-05 14:16:05,297 workspace-frappe-bench:default: Job OK (dev.localhost::scheduled_job::gh0mg9dg3j)
2025-02-05 14:16:05,300 Result is kept for 600 seconds
2025-02-05 14:16:05,312 workspace-frappe-bench:default: frappe.utils.background_jobs.execute_job(event=None, is_async=True, job_name='frappe.core.doctype.scheduled_job_type.scheduled_job_type.run_scheduled_jo..., kwargs={'job_type': 'frappe.email.doctype.notification.notification.trigger_offset..., method='frappe.core.doctype.scheduled_job_type.scheduled_job_type.run_scheduled_jo..., site='dev.localhost', user='Administrator') (dev.localhost::scheduled_job::gh07vsicua)
2025-02-05 14:16:05,576 workspace-frappe-bench:default: Job OK (dev.localhost::scheduled_job::gh07vsicua)
2025-02-05 14:16:05,576 Result is kept for 600 seconds
2025-02-05 14:16:05,586 workspace-frappe-bench:default: frappe.utils.background_jobs.execute_job(event=None, is_async=True, job_name='frappe.core.doctype.scheduled_job_type.scheduled_job_type.run_scheduled_jo..., kwargs={'job_type': 'erpnext.projects.doctype.project.project.hourly_reminder', 's..., method='frappe.core.doctype.scheduled_job_type.scheduled_job_type.run_scheduled_jo..., site='dev.localhost', user='Administrator') (dev.localhost::scheduled_job::h8bv7nrbkn)
2025-02-05 14:16:05,926 workspace-frappe-bench:default: Job OK (dev.localhost::scheduled_job::h8bv7nrbkn)
2025-02-05 14:16:05,926 Result is kept for 600 seconds
2025-02-05 14:16:05,936 workspace-frappe-bench:default: frappe.utils.background_jobs.execute_job(event=None, is_async=True, job_name='frappe.core.doctype.scheduled_job_type.scheduled_job_type.run_scheduled_jo..., kwargs={'job_type': 'erpnext.projects.doctype.project.project.project_status_updat..., method='frappe.core.doctype.scheduled_job_type.scheduled_job_type.run_scheduled_jo..., site='dev.localhost', user='Administrator') (dev.localhost::scheduled_job::h8b1mfe1is)
2025-02-05 14:16:06,267 workspace-frappe-bench:default: Job OK (dev.localhost::scheduled_job::h8b1mfe1is)
2025-02-05 14:16:06,267 Result is kept for 600 seconds
2025-02-05 14:16:06,273 workspace-frappe-bench:default: frappe.utils.background_jobs.execute_job(event=None, is_async=True, job_name='frappe.core.doctype.scheduled_job_type.scheduled_job_type.run_scheduled_jo..., kwargs={'job_type': 'frappe.integrations.doctype.google_calendar.google_calendar.s..., method='frappe.core.doctype.scheduled_job_type.scheduled_job_type.run_scheduled_jo..., site='dev.localhost', user='Administrator') (dev.localhost::scheduled_job::gh03v1fbt6)
2025-02-05 14:16:06,767 workspace-frappe-bench:default: Job OK (dev.localhost::scheduled_job::gh03v1fbt6)
2025-02-05 14:16:06,767 Result is kept for 600 seconds
2025-02-05 14:16:06,774 workspace-frappe-bench:default: frappe.utils.background_jobs.execute_job(event=None, is_async=True, job_name='frappe.core.doctype.scheduled_job_type.scheduled_job_type.run_scheduled_jo..., kwargs={'job_type': 'erpnext.erpnext_integrations.doctype.plaid_settings.plaid_set..., method='frappe.core.doctype.scheduled_job_type.scheduled_job_type.run_scheduled_jo..., site='dev.localhost', user='Administrator') (dev.localhost::scheduled_job::h8b151fufq)
2025-02-05 14:16:07,103 workspace-frappe-bench:default: Job OK (dev.localhost::scheduled_job::h8b151fufq)
2025-02-05 14:16:07,103 Result is kept for 600 seconds
2025-02-05 14:16:07,109 workspace-frappe-bench:default: frappe.utils.background_jobs.execute_job(event=None, is_async=True, job_name='frappe.core.doctype.scheduled_job_type.scheduled_job_type.run_scheduled_jo..., kwargs={'job_type': 'frappe.core.doctype.prepared_report.prepared_report.expire_st..., method='frappe.core.doctype.scheduled_job_type.scheduled_job_type.run_scheduled_jo..., site='dev.localhost', user='Administrator') (dev.localhost::scheduled_job::gh0ot36haq)
2025-02-05 14:16:07,401 workspace-frappe-bench:default: Job OK (dev.localhost::scheduled_job::gh0ot36haq)
2025-02-05 14:16:07,401 Result is kept for 600 seconds
2025-02-05 14:16:07,407 workspace-frappe-bench:default: frappe.utils.background_jobs.execute_job(event=None, is_async=True, job_name='frappe.core.doctype.scheduled_job_type.scheduled_job_type.run_scheduled_jo..., kwargs={'job_type': 'frappe.model.utils.user_settings.sync_user_settings', 'schedu..., method='frappe.core.doctype.scheduled_job_type.scheduled_job_type.run_scheduled_jo..., site='dev.localhost', user='Administrator') (dev.localhost::scheduled_job::gh0u188jge)
2025-02-05 14:16:07,649 workspace-frappe-bench:default: Job OK (dev.localhost::scheduled_job::gh0u188jge)
2025-02-05 14:16:07,649 Result is kept for 600 seconds
2025-02-05 14:16:07,656 workspace-frappe-bench:default: frappe.utils.background_jobs.execute_job(event=None, is_async=True, job_name='frappe.core.doctype.scheduled_job_type.scheduled_job_type.run_scheduled_jo..., kwargs={'job_type': 'erpnext.utilities.doctype.video.video.update_youtube_data', '..., method='frappe.core.doctype.scheduled_job_type.scheduled_job_type.run_scheduled_jo..., site='dev.localhost', user='Administrator') (dev.localhost::scheduled_job::h8bn927msj)
2025-02-05 14:16:08,190 workspace-frappe-bench:default: Job OK (dev.localhost::scheduled_job::h8bn927msj)
2025-02-05 14:16:08,190 Result is kept for 600 seconds
2025-02-05 14:16:08,200 workspace-frappe-bench:default: frappe.utils.background_jobs.execute_job(event=None, is_async=True, job_name='frappe.core.doctype.scheduled_job_type.scheduled_job_type.run_scheduled_jo..., kwargs={'job_type': 'erpnext.projects.doctype.project.project.collect_project_stat..., method='frappe.core.doctype.scheduled_job_type.scheduled_job_type.run_scheduled_jo..., site='dev.localhost', user='Administrator') (dev.localhost::scheduled_job::h8booulqbu)
2025-02-05 14:16:08,550 workspace-frappe-bench:default: Job OK (dev.localhost::scheduled_job::h8booulqbu)
2025-02-05 14:16:08,551 Result is kept for 600 seconds
2025-02-05 14:16:08,557 workspace-frappe-bench:default: frappe.utils.background_jobs.execute_job(event=None, is_async=True, job_name='frappe.core.doctype.scheduled_job_type.scheduled_job_type.run_scheduled_jo..., kwargs={'job_type': 'frappe.website.doctype.web_page.web_page.check_publish_status..., method='frappe.core.doctype.scheduled_job_type.scheduled_job_type.run_scheduled_jo..., site='dev.localhost', user='Administrator') (dev.localhost::scheduled_job::gh0f8so08k)
2025-02-05 14:16:08,821 workspace-frappe-bench:default: Job OK (dev.localhost::scheduled_job::gh0f8so08k)
2025-02-05 14:16:08,821 Result is kept for 600 seconds
2025-02-05 14:16:08,828 workspace-frappe-bench:default: frappe.utils.background_jobs.execute_job(event=None, is_async=True, job_name='frappe.core.doctype.scheduled_job_type.scheduled_job_type.run_scheduled_jo..., kwargs={'job_type': 'frappe.email.queue.flush', 'scheduled_job_type': 'gh00mvce03'..., method='frappe.core.doctype.scheduled_job_type.scheduled_job_type.run_scheduled_jo..., site='dev.localhost', user='Administrator') (dev.localhost::scheduled_job::gh00mvce03)
2025-02-05 14:16:09,160 workspace-frappe-bench:default: Job OK (dev.localhost::scheduled_job::gh00mvce03)
2025-02-05 14:16:09,160 Result is kept for 600 seconds
2025-02-05 14:16:09,167 workspace-frappe-bench:long: frappe.utils.background_jobs.execute_job(event=None, is_async=True, job_name='frappe.core.doctype.scheduled_job_type.scheduled_job_type.run_scheduled_jo..., kwargs={'job_type': 'erpnext.utilities.bulk_transaction.retry', 'scheduled_job_typ..., method='frappe.core.doctype.scheduled_job_type.scheduled_job_type.run_scheduled_jo..., site='dev.localhost', user='Administrator') (dev.localhost::scheduled_job::h8d0asgua1)
2025-02-05 14:16:09,428 workspace-frappe-bench:long: Job OK (dev.localhost::scheduled_job::h8d0asgua1)
2025-02-05 14:16:09,428 Result is kept for 600 seconds
2025-02-05 14:16:09,434 workspace-frappe-bench:long: frappe.utils.background_jobs.execute_job(event=None, is_async=True, job_name='frappe.core.doctype.scheduled_job_type.scheduled_job_type.run_scheduled_jo..., kwargs={'job_type': 'erpnext.stock.doctype.repost_item_valuation.repost_item_valua..., method='frappe.core.doctype.scheduled_job_type.scheduled_job_type.run_scheduled_jo..., site='dev.localhost', user='Administrator') (dev.localhost::scheduled_job::h8dta323bp)
2025-02-05 14:16:09,853 workspace-frappe-bench:long: Job OK (dev.localhost::scheduled_job::h8dta323bp)
2025-02-05 14:16:09,854 Result is kept for 600 seconds
2025-02-05 14:20:01,001 workspace-frappe-bench:default: frappe.utils.background_jobs.execute_job(event=None, is_async=True, job_name='frappe.core.doctype.scheduled_job_type.scheduled_job_type.run_scheduled_jo..., kwargs={'job_type': 'frappe.email.doctype.email_account.email_account.pull', 'sche..., method='frappe.core.doctype.scheduled_job_type.scheduled_job_type.run_scheduled_jo..., site='dev.localhost', user='Administrator') (dev.localhost::scheduled_job::gh0658vc7i)
2025-02-05 14:20:01,595 workspace-frappe-bench:default: Job OK (dev.localhost::scheduled_job::gh0658vc7i)
2025-02-05 14:20:01,595 Result is kept for 600 seconds
2025-02-05 14:20:01,607 workspace-frappe-bench:default: frappe.utils.background_jobs.execute_job(event=None, is_async=True, job_name='frappe.core.doctype.scheduled_job_type.scheduled_job_type.run_scheduled_jo..., kwargs={'job_type': 'frappe.email.doctype.notification.notification.trigger_offset..., method='frappe.core.doctype.scheduled_job_type.scheduled_job_type.run_scheduled_jo..., site='dev.localhost', user='Administrator') (dev.localhost::scheduled_job::gh07vsicua)
2025-02-05 14:20:01,949 workspace-frappe-bench:default: Job OK (dev.localhost::scheduled_job::gh07vsicua)
2025-02-05 14:20:01,949 Result is kept for 600 seconds
2025-02-05 14:20:01,963 workspace-frappe-bench:default: frappe.utils.background_jobs.execute_job(event=None, is_async=True, job_name='frappe.core.doctype.scheduled_job_type.scheduled_job_type.run_scheduled_jo..., kwargs={'job_type': 'frappe.monitor.flush', 'scheduled_job_type': 'gh0aujdlkv'}, method='frappe.core.doctype.scheduled_job_type.scheduled_job_type.run_scheduled_jo..., site='dev.localhost', user='Administrator') (dev.localhost::scheduled_job::gh0aujdlkv)
2025-02-05 14:20:02,421 workspace-frappe-bench:default: Job OK (dev.localhost::scheduled_job::gh0aujdlkv)
2025-02-05 14:20:02,421 Result is kept for 600 seconds
2025-02-05 14:20:02,430 workspace-frappe-bench:default: frappe.utils.background_jobs.execute_job(event=None, is_async=True, job_name='frappe.core.doctype.scheduled_job_type.scheduled_job_type.run_scheduled_jo..., kwargs={'job_type': 'frappe.email.queue.flush', 'scheduled_job_type': 'gh00mvce03'..., method='frappe.core.doctype.scheduled_job_type.scheduled_job_type.run_scheduled_jo..., site='dev.localhost', user='Administrator') (dev.localhost::scheduled_job::gh00mvce03)
2025-02-05 14:20:02,794 workspace-frappe-bench:default: Job OK (dev.localhost::scheduled_job::gh00mvce03)
2025-02-05 14:20:02,794 Result is kept for 600 seconds
2025-02-05 14:24:00,267 workspace-frappe-bench:default: frappe.utils.background_jobs.execute_job(event=None, is_async=True, job_name='frappe.core.doctype.scheduled_job_type.scheduled_job_type.run_scheduled_jo..., kwargs={'job_type': 'frappe.email.queue.flush', 'scheduled_job_type': 'gh00mvce03'..., method='frappe.core.doctype.scheduled_job_type.scheduled_job_type.run_scheduled_jo..., site='dev.localhost', user='Administrator') (dev.localhost::scheduled_job::gh00mvce03)
2025-02-05 14:24:00,673 workspace-frappe-bench:default: Job OK (dev.localhost::scheduled_job::gh00mvce03)
2025-02-05 14:24:00,673 Result is kept for 600 seconds
2025-02-05 14:24:00,715 Cleaning registries for queue: workspace-frappe-bench:short
2025-02-05 14:24:00,717 Cleaning registries for queue: workspace-frappe-bench:default
2025-02-05 14:24:00,718 Cleaning registries for queue: workspace-frappe-bench:long
2025-02-05 14:24:00,721 workspace-frappe-bench:default: frappe.utils.background_jobs.execute_job(event=None, is_async=True, job_name='frappe.core.doctype.scheduled_job_type.scheduled_job_type.run_scheduled_jo..., kwargs={'job_type': 'frappe.monitor.flush', 'scheduled_job_type': 'gh0aujdlkv'}, method='frappe.core.doctype.scheduled_job_type.scheduled_job_type.run_scheduled_jo..., site='dev.localhost', user='Administrator') (dev.localhost::scheduled_job::gh0aujdlkv)
2025-02-05 14:24:01,020 workspace-frappe-bench:default: Job OK (dev.localhost::scheduled_job::gh0aujdlkv)
2025-02-05 14:24:01,020 Result is kept for 600 seconds
2025-02-05 14:28:00,476 workspace-frappe-bench:default: frappe.utils.background_jobs.execute_job(event=None, is_async=True, job_name='frappe.core.doctype.scheduled_job_type.scheduled_job_type.run_scheduled_jo..., kwargs={'job_type': 'frappe.email.queue.flush', 'scheduled_job_type': 'gh00mvce03'..., method='frappe.core.doctype.scheduled_job_type.scheduled_job_type.run_scheduled_jo..., site='dev.localhost', user='Administrator') (dev.localhost::scheduled_job::gh00mvce03)
2025-02-05 14:28:01,053 workspace-frappe-bench:default: Job OK (dev.localhost::scheduled_job::gh00mvce03)
2025-02-05 14:28:01,053 Result is kept for 600 seconds
2025-02-05 14:28:01,060 workspace-frappe-bench:default: frappe.utils.background_jobs.execute_job(event=None, is_async=True, job_name='frappe.core.doctype.scheduled_job_type.scheduled_job_type.run_scheduled_jo..., kwargs={'job_type': 'create_custom_schedule_all', 'scheduled_job_type': '3kme7dd2u..., method='frappe.core.doctype.scheduled_job_type.scheduled_job_type.run_scheduled_jo..., site='dev.localhost', user='Administrator') (dev.localhost::scheduled_job::3kme7dd2ul)
2025-02-05 14:28:01,495 workspace-frappe-bench:default: Job OK (dev.localhost::scheduled_job::3kme7dd2ul)
2025-02-05 14:28:01,495 Result is kept for 600 seconds
2025-02-05 14:28:01,501 workspace-frappe-bench:default: frappe.utils.background_jobs.execute_job(event=None, is_async=True, job_name='frappe.core.doctype.scheduled_job_type.scheduled_job_type.run_scheduled_jo..., kwargs={'job_type': 'frappe.monitor.flush', 'scheduled_job_type': 'gh0aujdlkv'}, method='frappe.core.doctype.scheduled_job_type.scheduled_job_type.run_scheduled_jo..., site='dev.localhost', user='Administrator') (dev.localhost::scheduled_job::gh0aujdlkv)
2025-02-05 14:28:01,731 workspace-frappe-bench:default: Job OK (dev.localhost::scheduled_job::gh0aujdlkv)
2025-02-05 14:28:01,731 Result is kept for 600 seconds
2025-02-05 14:28:01,737 workspace-frappe-bench:default: frappe.utils.background_jobs.execute_job(event=None, is_async=True, job_name='frappe.core.doctype.scheduled_job_type.scheduled_job_type.run_scheduled_jo..., kwargs={'job_type': 'frappe.email.doctype.notification.notification.trigger_offset..., method='frappe.core.doctype.scheduled_job_type.scheduled_job_type.run_scheduled_jo..., site='dev.localhost', user='Administrator') (dev.localhost::scheduled_job::gh07vsicua)
2025-02-05 14:28:02,037 workspace-frappe-bench:default: Job OK (dev.localhost::scheduled_job::gh07vsicua)
2025-02-05 14:28:02,037 Result is kept for 600 seconds
2025-02-05 14:28:13,577 Worker 290f8d83722247109b19f7d00aab9fc7 [PID 4428]: warm shut down requested
2025-02-05 14:28:13,581 Unsubscribing from channel rq:pubsub:290f8d83722247109b19f7d00aab9fc7
2025-02-05 14:28:17,702 Worker rq:worker:050da1163ef04119a64ea1f4fec76bbf started with PID 12854, version 1.16.2
2025-02-05 14:28:17,703 Subscribing to channel rq:pubsub:050da1163ef04119a64ea1f4fec76bbf
2025-02-05 14:28:17,708 *** Listening on workspace-frappe-bench:short, workspace-frappe-bench:default, workspace-frappe-bench:long...
2025-02-05 14:28:17,709 Cleaning registries for queue: workspace-frappe-bench:short
2025-02-05 14:28:17,713 Cleaning registries for queue: workspace-frappe-bench:default
2025-02-05 14:28:17,716 Cleaning registries for queue: workspace-frappe-bench:long
2025-02-05 14:32:00,201 workspace-frappe-bench:default: frappe.utils.background_jobs.execute_job(event=None, is_async=True, job_name='frappe.core.doctype.scheduled_job_type.scheduled_job_type.run_scheduled_jo..., kwargs={'job_type': 'frappe.email.doctype.notification.notification.trigger_offset..., method='frappe.core.doctype.scheduled_job_type.scheduled_job_type.run_scheduled_jo..., site='dev.localhost', user='Administrator') (dev.localhost::scheduled_job::gh07vsicua)
2025-02-05 14:32:00,546 workspace-frappe-bench:default: Job OK (dev.localhost::scheduled_job::gh07vsicua)
2025-02-05 14:32:00,546 Result is kept for 600 seconds
2025-02-05 14:32:00,553 workspace-frappe-bench:default: frappe.utils.background_jobs.execute_job(event=None, is_async=True, job_name='frappe.core.doctype.scheduled_job_type.scheduled_job_type.run_scheduled_jo..., kwargs={'job_type': 'frappe.twofactor.delete_all_barcodes_for_users', 'scheduled_j..., method='frappe.core.doctype.scheduled_job_type.scheduled_job_type.run_scheduled_jo..., site='dev.localhost', user='Administrator') (dev.localhost::scheduled_job::gh028ljaof)
2025-02-05 14:32:00,773 workspace-frappe-bench:default: Job OK (dev.localhost::scheduled_job::gh028ljaof)
2025-02-05 14:32:00,774 Result is kept for 600 seconds
2025-02-05 14:32:00,782 workspace-frappe-bench:default: frappe.utils.background_jobs.execute_job(event=None, is_async=True, job_name='frappe.core.doctype.scheduled_job_type.scheduled_job_type.run_scheduled_jo..., kwargs={'job_type': 'frappe.email.doctype.newsletter.newsletter.send_scheduled_ema..., method='frappe.core.doctype.scheduled_job_type.scheduled_job_type.run_scheduled_jo..., site='dev.localhost', user='Administrator') (dev.localhost::scheduled_job::gh06jvuf2j)
2025-02-05 14:32:01,174 workspace-frappe-bench:default: Job OK (dev.localhost::scheduled_job::gh06jvuf2j)
2025-02-05 14:32:01,174 Result is kept for 600 seconds
2025-02-05 14:32:01,181 workspace-frappe-bench:default: frappe.utils.background_jobs.execute_job(event=None, is_async=True, job_name='frappe.core.doctype.scheduled_job_type.scheduled_job_type.run_scheduled_jo..., kwargs={'job_type': 'frappe.email.queue.flush', 'scheduled_job_type': 'gh00mvce03'..., method='frappe.core.doctype.scheduled_job_type.scheduled_job_type.run_scheduled_jo..., site='dev.localhost', user='Administrator') (dev.localhost::scheduled_job::gh00mvce03)
2025-02-05 14:32:01,468 workspace-frappe-bench:default: Job OK (dev.localhost::scheduled_job::gh00mvce03)
2025-02-05 14:32:01,468 Result is kept for 600 seconds
2025-02-05 14:32:01,475 workspace-frappe-bench:default: frappe.utils.background_jobs.execute_job(event=None, is_async=True, job_name='frappe.core.doctype.scheduled_job_type.scheduled_job_type.run_scheduled_jo..., kwargs={'job_type': 'frappe.deferred_insert.save_to_db', 'scheduled_job_type': 'gh..., method='frappe.core.doctype.scheduled_job_type.scheduled_job_type.run_scheduled_jo..., site='dev.localhost', user='Administrator') (dev.localhost::scheduled_job::gh0bgqksqs)
2025-02-05 14:32:01,760 workspace-frappe-bench:default: Job OK (dev.localhost::scheduled_job::gh0bgqksqs)
2025-02-05 14:32:01,760 Result is kept for 600 seconds
2025-02-05 14:32:01,766 workspace-frappe-bench:default: frappe.utils.background_jobs.execute_job(event=None, is_async=True, job_name='frappe.core.doctype.scheduled_job_type.scheduled_job_type.run_scheduled_jo..., kwargs={'job_type': 'frappe.model.utils.link_count.update_link_count', 'scheduled_..., method='frappe.core.doctype.scheduled_job_type.scheduled_job_type.run_scheduled_jo..., site='dev.localhost', user='Administrator') (dev.localhost::scheduled_job::gh0qg95qk3)
2025-02-05 14:32:02,195 workspace-frappe-bench:default: Job OK (dev.localhost::scheduled_job::gh0qg95qk3)
2025-02-05 14:32:02,195 Result is kept for 600 seconds
2025-02-05 14:32:02,202 workspace-frappe-bench:default: frappe.utils.background_jobs.execute_job(event=None, is_async=True, job_name='frappe.core.doctype.scheduled_job_type.scheduled_job_type.run_scheduled_jo..., kwargs={'job_type': 'frappe.email.doctype.email_account.email_account.notify_unrep..., method='frappe.core.doctype.scheduled_job_type.scheduled_job_type.run_scheduled_jo..., site='dev.localhost', user='Administrator') (dev.localhost::scheduled_job::gh0mg9dg3j)
2025-02-05 14:32:02,479 workspace-frappe-bench:default: Job OK (dev.localhost::scheduled_job::gh0mg9dg3j)
2025-02-05 14:32:02,479 Result is kept for 600 seconds
2025-02-05 14:32:02,485 workspace-frappe-bench:default: frappe.utils.background_jobs.execute_job(event=None, is_async=True, job_name='frappe.core.doctype.scheduled_job_type.scheduled_job_type.run_scheduled_jo..., kwargs={'job_type': 'frappe.email.doctype.email_account.email_account.pull', 'sche..., method='frappe.core.doctype.scheduled_job_type.scheduled_job_type.run_scheduled_jo..., site='dev.localhost', user='Administrator') (dev.localhost::scheduled_job::gh0658vc7i)
2025-02-05 14:32:02,825 workspace-frappe-bench:default: Job OK (dev.localhost::scheduled_job::gh0658vc7i)
2025-02-05 14:32:02,826 Result is kept for 600 seconds
2025-02-05 14:32:02,832 workspace-frappe-bench:default: frappe.utils.background_jobs.execute_job(event=None, is_async=True, job_name='frappe.core.doctype.scheduled_job_type.scheduled_job_type.run_scheduled_jo..., kwargs={'job_type': 'erpnext.erpnext_integrations.doctype.plaid_settings.plaid_set..., method='frappe.core.doctype.scheduled_job_type.scheduled_job_type.run_scheduled_jo..., site='dev.localhost', user='Administrator') (dev.localhost::scheduled_job::h8b151fufq)
2025-02-05 14:32:03,104 workspace-frappe-bench:default: Job OK (dev.localhost::scheduled_job::h8b151fufq)
2025-02-05 14:32:03,104 Result is kept for 600 seconds
2025-02-05 14:32:03,111 workspace-frappe-bench:default: frappe.utils.background_jobs.execute_job(event=None, is_async=True, job_name='frappe.core.doctype.scheduled_job_type.scheduled_job_type.run_scheduled_jo..., kwargs={'job_type': 'frappe.website.doctype.web_page.web_page.check_publish_status..., method='frappe.core.doctype.scheduled_job_type.scheduled_job_type.run_scheduled_jo..., site='dev.localhost', user='Administrator') (dev.localhost::scheduled_job::gh0f8so08k)
2025-02-05 14:32:03,468 workspace-frappe-bench:default: Job OK (dev.localhost::scheduled_job::gh0f8so08k)
2025-02-05 14:32:03,468 Result is kept for 600 seconds
2025-02-05 14:32:03,475 workspace-frappe-bench:default: frappe.utils.background_jobs.execute_job(event=None, is_async=True, job_name='frappe.core.doctype.scheduled_job_type.scheduled_job_type.run_scheduled_jo..., kwargs={'job_type': 'erpnext.manufacturing.doctype.bom_update_log.bom_update_log.r..., method='frappe.core.doctype.scheduled_job_type.scheduled_job_type.run_scheduled_jo..., site='dev.localhost', user='Administrator') (dev.localhost::scheduled_job::h8ag45pu0p)
2025-02-05 14:32:03,713 workspace-frappe-bench:default: Job OK (dev.localhost::scheduled_job::h8ag45pu0p)
2025-02-05 14:32:03,713 Result is kept for 600 seconds
2025-02-05 14:32:03,719 workspace-frappe-bench:default: frappe.utils.background_jobs.execute_job(event=None, is_async=True, job_name='frappe.core.doctype.scheduled_job_type.scheduled_job_type.run_scheduled_jo..., kwargs={'job_type': 'create_custom_schedule_all', 'scheduled_job_type': '3kme7dd2u..., method='frappe.core.doctype.scheduled_job_type.scheduled_job_type.run_scheduled_jo..., site='dev.localhost', user='Administrator') (dev.localhost::scheduled_job::3kme7dd2ul)
2025-02-05 14:32:03,934 workspace-frappe-bench:default: Job OK (dev.localhost::scheduled_job::3kme7dd2ul)
2025-02-05 14:32:03,934 Result is kept for 600 seconds
2025-02-05 14:32:03,940 workspace-frappe-bench:default: frappe.utils.background_jobs.execute_job(event=None, is_async=True, job_name='frappe.core.doctype.scheduled_job_type.scheduled_job_type.run_scheduled_jo..., kwargs={'job_type': 'erpnext.projects.doctype.project.project.project_status_updat..., method='frappe.core.doctype.scheduled_job_type.scheduled_job_type.run_scheduled_jo..., site='dev.localhost', user='Administrator') (dev.localhost::scheduled_job::h8b1mfe1is)
2025-02-05 14:32:04,226 workspace-frappe-bench:default: Job OK (dev.localhost::scheduled_job::h8b1mfe1is)
2025-02-05 14:32:04,226 Result is kept for 600 seconds
2025-02-05 14:32:04,232 workspace-frappe-bench:default: frappe.utils.background_jobs.execute_job(event=None, is_async=True, job_name='frappe.core.doctype.scheduled_job_type.scheduled_job_type.run_scheduled_jo..., kwargs={'job_type': 'frappe.integrations.doctype.google_calendar.google_calendar.s..., method='frappe.core.doctype.scheduled_job_type.scheduled_job_type.run_scheduled_jo..., site='dev.localhost', user='Administrator') (dev.localhost::scheduled_job::gh03v1fbt6)
2025-02-05 14:32:04,721 workspace-frappe-bench:default: Job OK (dev.localhost::scheduled_job::gh03v1fbt6)
2025-02-05 14:32:04,721 Result is kept for 600 seconds
2025-02-05 14:32:04,728 workspace-frappe-bench:default: frappe.utils.background_jobs.execute_job(event=None, is_async=True, job_name='frappe.core.doctype.scheduled_job_type.scheduled_job_type.run_scheduled_jo..., kwargs={'job_type': 'frappe.oauth.delete_oauth2_data', 'scheduled_job_type': 'gh0c..., method='frappe.core.doctype.scheduled_job_type.scheduled_job_type.run_scheduled_jo..., site='dev.localhost', user='Administrator') (dev.localhost::scheduled_job::gh0cqqi3u8)
2025-02-05 14:32:04,954 workspace-frappe-bench:default: Job OK (dev.localhost::scheduled_job::gh0cqqi3u8)
2025-02-05 14:32:04,954 Result is kept for 600 seconds
2025-02-05 14:32:04,960 workspace-frappe-bench:default: frappe.utils.background_jobs.execute_job(event=None, is_async=True, job_name='frappe.core.doctype.scheduled_job_type.scheduled_job_type.run_scheduled_jo..., kwargs={'job_type': 'erpnext.utilities.doctype.video.video.update_youtube_data', '..., method='frappe.core.doctype.scheduled_job_type.scheduled_job_type.run_scheduled_jo..., site='dev.localhost', user='Administrator') (dev.localhost::scheduled_job::h8bn927msj)
2025-02-05 14:32:05,462 workspace-frappe-bench:default: Job OK (dev.localhost::scheduled_job::h8bn927msj)
2025-02-05 14:32:05,462 Result is kept for 600 seconds
2025-02-05 14:32:05,469 workspace-frappe-bench:default: frappe.utils.background_jobs.execute_job(event=None, is_async=True, job_name='frappe.core.doctype.scheduled_job_type.scheduled_job_type.run_scheduled_jo..., kwargs={'job_type': 'frappe.desk.form.document_follow.send_hourly_updates', 'sched..., method='frappe.core.doctype.scheduled_job_type.scheduled_job_type.run_scheduled_jo..., site='dev.localhost', user='Administrator') (dev.localhost::scheduled_job::gh0j4hkguk)
2025-02-05 14:32:05,772 workspace-frappe-bench:default: Job OK (dev.localhost::scheduled_job::gh0j4hkguk)
2025-02-05 14:32:05,772 Result is kept for 600 seconds
2025-02-05 14:32:05,778 workspace-frappe-bench:default: frappe.utils.background_jobs.execute_job(event=None, is_async=True, job_name='frappe.core.doctype.scheduled_job_type.scheduled_job_type.run_scheduled_jo..., kwargs={'job_type': 'frappe.monitor.flush', 'scheduled_job_type': 'gh0aujdlkv'}, method='frappe.core.doctype.scheduled_job_type.scheduled_job_type.run_scheduled_jo..., site='dev.localhost', user='Administrator') (dev.localhost::scheduled_job::gh0aujdlkv)
2025-02-05 14:32:05,993 workspace-frappe-bench:default: Job OK (dev.localhost::scheduled_job::gh0aujdlkv)
2025-02-05 14:32:05,993 Result is kept for 600 seconds
2025-02-05 14:32:06,002 workspace-frappe-bench:default: frappe.utils.background_jobs.execute_job(event=None, is_async=True, job_name='frappe.core.doctype.scheduled_job_type.scheduled_job_type.run_scheduled_jo..., kwargs={'job_type': 'frappe.website.doctype.personal_data_deletion_request.persona..., method='frappe.core.doctype.scheduled_job_type.scheduled_job_type.run_scheduled_jo..., site='dev.localhost', user='Administrator') (dev.localhost::scheduled_job::gh0avp4j2n)
2025-02-05 14:32:06,274 workspace-frappe-bench:default: Job OK (dev.localhost::scheduled_job::gh0avp4j2n)
2025-02-05 14:32:06,274 Result is kept for 600 seconds
2025-02-05 14:32:06,280 workspace-frappe-bench:default: frappe.utils.background_jobs.execute_job(event=None, is_async=True, job_name='frappe.core.doctype.scheduled_job_type.scheduled_job_type.run_scheduled_jo..., kwargs={'job_type': 'frappe.automation.doctype.reminder.reminder.send_reminders', ..., method='frappe.core.doctype.scheduled_job_type.scheduled_job_type.run_scheduled_jo..., site='dev.localhost', user='Administrator') (dev.localhost::scheduled_job::gh040jcecd)
2025-02-05 14:32:06,515 workspace-frappe-bench:default: Job OK (dev.localhost::scheduled_job::gh040jcecd)
2025-02-05 14:32:06,515 Result is kept for 600 seconds
2025-02-05 14:32:06,523 workspace-frappe-bench:default: frappe.utils.background_jobs.execute_job(event=None, is_async=True, job_name='frappe.core.doctype.scheduled_job_type.scheduled_job_type.run_scheduled_jo..., kwargs={'job_type': 'erpnext.projects.doctype.project.project.hourly_reminder', 's..., method='frappe.core.doctype.scheduled_job_type.scheduled_job_type.run_scheduled_jo..., site='dev.localhost', user='Administrator') (dev.localhost::scheduled_job::h8bv7nrbkn)
2025-02-05 14:32:06,855 workspace-frappe-bench:default: Job OK (dev.localhost::scheduled_job::h8bv7nrbkn)
2025-02-05 14:32:06,855 Result is kept for 600 seconds
2025-02-05 14:32:06,864 workspace-frappe-bench:default: frappe.utils.background_jobs.execute_job(event=None, is_async=True, job_name='frappe.core.doctype.scheduled_job_type.scheduled_job_type.run_scheduled_jo..., kwargs={'job_type': 'erpnext.projects.doctype.project.project.collect_project_stat..., method='frappe.core.doctype.scheduled_job_type.scheduled_job_type.run_scheduled_jo..., site='dev.localhost', user='Administrator') (dev.localhost::scheduled_job::h8booulqbu)
2025-02-05 14:32:07,217 workspace-frappe-bench:default: Job OK (dev.localhost::scheduled_job::h8booulqbu)
2025-02-05 14:32:07,218 Result is kept for 600 seconds
2025-02-05 14:32:07,225 workspace-frappe-bench:default: frappe.utils.background_jobs.execute_job(event=None, is_async=True, job_name='frappe.core.doctype.scheduled_job_type.scheduled_job_type.run_scheduled_jo..., kwargs={'job_type': 'frappe.utils.global_search.sync_global_search', 'scheduled_jo..., method='frappe.core.doctype.scheduled_job_type.scheduled_job_type.run_scheduled_jo..., site='dev.localhost', user='Administrator') (dev.localhost::scheduled_job::gh0729h6vd)
2025-02-05 14:32:07,439 workspace-frappe-bench:default: Job OK (dev.localhost::scheduled_job::gh0729h6vd)
2025-02-05 14:32:07,440 Result is kept for 600 seconds
2025-02-05 14:32:07,445 workspace-frappe-bench:default: frappe.utils.background_jobs.execute_job(event=None, is_async=True, job_name='frappe.core.doctype.scheduled_job_type.scheduled_job_type.run_scheduled_jo..., kwargs={'job_type': 'frappe.model.utils.user_settings.sync_user_settings', 'schedu..., method='frappe.core.doctype.scheduled_job_type.scheduled_job_type.run_scheduled_jo..., site='dev.localhost', user='Administrator') (dev.localhost::scheduled_job::gh0u188jge)
2025-02-05 14:32:07,681 workspace-frappe-bench:default: Job OK (dev.localhost::scheduled_job::gh0u188jge)
2025-02-05 14:32:07,681 Result is kept for 600 seconds
2025-02-05 14:32:07,688 workspace-frappe-bench:default: frappe.utils.background_jobs.execute_job(event=None, is_async=True, job_name='frappe.core.doctype.scheduled_job_type.scheduled_job_type.run_scheduled_jo..., kwargs={'job_type': 'frappe.desk.page.backups.backups.delete_downloadable_backups'..., method='frappe.core.doctype.scheduled_job_type.scheduled_job_type.run_scheduled_jo..., site='dev.localhost', user='Administrator') (dev.localhost::scheduled_job::gh0ng053v2)
2025-02-05 14:32:08,037 workspace-frappe-bench:default: Job OK (dev.localhost::scheduled_job::gh0ng053v2)
2025-02-05 14:32:08,037 Result is kept for 600 seconds
2025-02-05 14:32:08,045 workspace-frappe-bench:long: frappe.utils.background_jobs.execute_job(event=None, is_async=True, job_name='frappe.core.doctype.scheduled_job_type.scheduled_job_type.run_scheduled_jo..., kwargs={'job_type': 'erpnext.utilities.bulk_transaction.retry', 'scheduled_job_typ..., method='frappe.core.doctype.scheduled_job_type.scheduled_job_type.run_scheduled_jo..., site='dev.localhost', user='Administrator') (dev.localhost::scheduled_job::h8d0asgua1)
2025-02-05 14:32:08,368 workspace-frappe-bench:long: Job OK (dev.localhost::scheduled_job::h8d0asgua1)
2025-02-05 14:32:08,368 Result is kept for 600 seconds
2025-02-05 14:36:00,473 workspace-frappe-bench:default: frappe.utils.background_jobs.execute_job(event=None, is_async=True, job_name='frappe.core.doctype.scheduled_job_type.scheduled_job_type.run_scheduled_jo..., kwargs={'job_type': 'frappe.email.doctype.notification.notification.trigger_offset..., method='frappe.core.doctype.scheduled_job_type.scheduled_job_type.run_scheduled_jo..., site='dev.localhost', user='Administrator') (dev.localhost::scheduled_job::gh07vsicua)
2025-02-05 14:36:00,853 workspace-frappe-bench:default: Job OK (dev.localhost::scheduled_job::gh07vsicua)
2025-02-05 14:36:00,853 Result is kept for 600 seconds
2025-02-05 14:36:00,859 workspace-frappe-bench:default: frappe.utils.background_jobs.execute_job(event=None, is_async=True, job_name='frappe.core.doctype.scheduled_job_type.scheduled_job_type.run_scheduled_jo..., kwargs={'job_type': 'frappe.monitor.flush', 'scheduled_job_type': 'gh0aujdlkv'}, method='frappe.core.doctype.scheduled_job_type.scheduled_job_type.run_scheduled_jo..., site='dev.localhost', user='Administrator') (dev.localhost::scheduled_job::gh0aujdlkv)
2025-02-05 14:36:01,110 workspace-frappe-bench:default: Job OK (dev.localhost::scheduled_job::gh0aujdlkv)
2025-02-05 14:36:01,110 Result is kept for 600 seconds
2025-02-05 14:36:01,117 workspace-frappe-bench:default: frappe.utils.background_jobs.execute_job(event=None, is_async=True, job_name='frappe.core.doctype.scheduled_job_type.scheduled_job_type.run_scheduled_jo..., kwargs={'job_type': 'frappe.email.queue.flush', 'scheduled_job_type': 'gh00mvce03'..., method='frappe.core.doctype.scheduled_job_type.scheduled_job_type.run_scheduled_jo..., site='dev.localhost', user='Administrator') (dev.localhost::scheduled_job::gh00mvce03)
2025-02-05 14:36:01,455 workspace-frappe-bench:default: Job OK (dev.localhost::scheduled_job::gh00mvce03)
2025-02-05 14:36:01,455 Result is kept for 600 seconds
2025-02-05 14:36:01,464 workspace-frappe-bench:default: frappe.utils.background_jobs.execute_job(event=None, is_async=True, job_name='frappe.core.doctype.scheduled_job_type.scheduled_job_type.run_scheduled_jo..., kwargs={'job_type': 'create_custom_schedule_all', 'scheduled_job_type': '3kme7dd2u..., method='frappe.core.doctype.scheduled_job_type.scheduled_job_type.run_scheduled_jo..., site='dev.localhost', user='Administrator') (dev.localhost::scheduled_job::3kme7dd2ul)
2025-02-05 14:36:01,691 workspace-frappe-bench:default: Job OK (dev.localhost::scheduled_job::3kme7dd2ul)
2025-02-05 14:36:01,691 Result is kept for 600 seconds
2025-02-05 14:36:01,697 workspace-frappe-bench:long: frappe.utils.background_jobs.execute_job(event=None, is_async=True, job_name='frappe.core.doctype.scheduled_job_type.scheduled_job_type.run_scheduled_jo..., kwargs={'job_type': 'erpnext.stock.doctype.repost_item_valuation.repost_item_valua..., method='frappe.core.doctype.scheduled_job_type.scheduled_job_type.run_scheduled_jo..., site='dev.localhost', user='Administrator') (dev.localhost::scheduled_job::h8dta323bp)
2025-02-05 14:36:01,977 workspace-frappe-bench:long: Job OK (dev.localhost::scheduled_job::h8dta323bp)
2025-02-05 14:36:01,977 Result is kept for 600 seconds
2025-02-05 14:40:00,759 workspace-frappe-bench:default: frappe.utils.background_jobs.execute_job(event=None, is_async=True, job_name='frappe.core.doctype.scheduled_job_type.scheduled_job_type.run_scheduled_jo..., kwargs={'job_type': 'create_custom_schedule_all', 'scheduled_job_type': '3kme7dd2u..., method='frappe.core.doctype.scheduled_job_type.scheduled_job_type.run_scheduled_jo..., site='dev.localhost', user='Administrator') (dev.localhost::scheduled_job::3kme7dd2ul)
2025-02-05 14:40:01,063 workspace-frappe-bench:default: Job OK (dev.localhost::scheduled_job::3kme7dd2ul)
2025-02-05 14:40:01,063 Result is kept for 600 seconds
2025-02-05 14:40:01,069 Cleaning registries for queue: workspace-frappe-bench:short
2025-02-05 14:40:01,070 Cleaning registries for queue: workspace-frappe-bench:default
2025-02-05 14:40:01,071 Cleaning registries for queue: workspace-frappe-bench:long
2025-02-05 14:40:01,073 workspace-frappe-bench:default: frappe.utils.background_jobs.execute_job(event=None, is_async=True, job_name='frappe.core.doctype.scheduled_job_type.scheduled_job_type.run_scheduled_jo..., kwargs={'job_type': 'frappe.email.doctype.email_account.email_account.pull', 'sche..., method='frappe.core.doctype.scheduled_job_type.scheduled_job_type.run_scheduled_jo..., site='dev.localhost', user='Administrator') (dev.localhost::scheduled_job::gh0658vc7i)
2025-02-05 14:40:01,311 workspace-frappe-bench:default: Job OK (dev.localhost::scheduled_job::gh0658vc7i)
2025-02-05 14:40:01,312 Result is kept for 600 seconds
2025-02-05 14:40:01,318 workspace-frappe-bench:default: frappe.utils.background_jobs.execute_job(event=None, is_async=True, job_name='frappe.core.doctype.scheduled_job_type.scheduled_job_type.run_scheduled_jo..., kwargs={'job_type': 'frappe.email.queue.flush', 'scheduled_job_type': 'gh00mvce03'..., method='frappe.core.doctype.scheduled_job_type.scheduled_job_type.run_scheduled_jo..., site='dev.localhost', user='Administrator') (dev.localhost::scheduled_job::gh00mvce03)
2025-02-05 14:40:01,664 workspace-frappe-bench:default: Job OK (dev.localhost::scheduled_job::gh00mvce03)
2025-02-05 14:40:01,665 Result is kept for 600 seconds
2025-02-05 14:40:01,672 workspace-frappe-bench:default: frappe.utils.background_jobs.execute_job(event=None, is_async=True, job_name='frappe.core.doctype.scheduled_job_type.scheduled_job_type.run_scheduled_jo..., kwargs={'job_type': 'frappe.email.doctype.notification.notification.trigger_offset..., method='frappe.core.doctype.scheduled_job_type.scheduled_job_type.run_scheduled_jo..., site='dev.localhost', user='Administrator') (dev.localhost::scheduled_job::gh07vsicua)
2025-02-05 14:40:01,903 workspace-frappe-bench:default: Job OK (dev.localhost::scheduled_job::gh07vsicua)
2025-02-05 14:40:01,903 Result is kept for 600 seconds
2025-02-05 14:40:01,909 workspace-frappe-bench:default: frappe.utils.background_jobs.execute_job(event=None, is_async=True, job_name='frappe.core.doctype.scheduled_job_type.scheduled_job_type.run_scheduled_jo..., kwargs={'job_type': 'frappe.monitor.flush', 'scheduled_job_type': 'gh0aujdlkv'}, method='frappe.core.doctype.scheduled_job_type.scheduled_job_type.run_scheduled_jo..., site='dev.localhost', user='Administrator') (dev.localhost::scheduled_job::gh0aujdlkv)
2025-02-05 14:40:02,133 workspace-frappe-bench:default: Job OK (dev.localhost::scheduled_job::gh0aujdlkv)
2025-02-05 14:40:02,134 Result is kept for 600 seconds
2025-02-05 14:44:00,963 workspace-frappe-bench:default: frappe.utils.background_jobs.execute_job(event=None, is_async=True, job_name='frappe.core.doctype.scheduled_job_type.scheduled_job_type.run_scheduled_jo..., kwargs={'job_type': 'frappe.email.queue.flush', 'scheduled_job_type': 'gh00mvce03'..., method='frappe.core.doctype.scheduled_job_type.scheduled_job_type.run_scheduled_jo..., site='dev.localhost', user='Administrator') (dev.localhost::scheduled_job::gh00mvce03)
2025-02-05 14:44:01,333 workspace-frappe-bench:default: Job OK (dev.localhost::scheduled_job::gh00mvce03)
2025-02-05 14:44:01,333 Result is kept for 600 seconds
2025-02-05 14:44:01,340 workspace-frappe-bench:default: frappe.utils.background_jobs.execute_job(event=None, is_async=True, job_name='frappe.core.doctype.scheduled_job_type.scheduled_job_type.run_scheduled_jo..., kwargs={'job_type': 'create_custom_schedule_all', 'scheduled_job_type': '3kme7dd2u..., method='frappe.core.doctype.scheduled_job_type.scheduled_job_type.run_scheduled_jo..., site='dev.localhost', user='Administrator') (dev.localhost::scheduled_job::3kme7dd2ul)
2025-02-05 14:44:01,560 workspace-frappe-bench:default: Job OK (dev.localhost::scheduled_job::3kme7dd2ul)
2025-02-05 14:44:01,561 Result is kept for 600 seconds
2025-02-05 14:44:01,569 workspace-frappe-bench:default: frappe.utils.background_jobs.execute_job(event=None, is_async=True, job_name='frappe.core.doctype.scheduled_job_type.scheduled_job_type.run_scheduled_jo..., kwargs={'job_type': 'frappe.monitor.flush', 'scheduled_job_type': 'gh0aujdlkv'}, method='frappe.core.doctype.scheduled_job_type.scheduled_job_type.run_scheduled_jo..., site='dev.localhost', user='Administrator') (dev.localhost::scheduled_job::gh0aujdlkv)
2025-02-05 14:44:01,839 workspace-frappe-bench:default: Job OK (dev.localhost::scheduled_job::gh0aujdlkv)
2025-02-05 14:44:01,839 Result is kept for 600 seconds
2025-02-05 14:45:55,446 Worker 050da1163ef04119a64ea1f4fec76bbf [PID 12854]: warm shut down requested
2025-02-05 14:45:55,458 Unsubscribing from channel rq:pubsub:050da1163ef04119a64ea1f4fec76bbf
2025-02-05 14:46:10,228 Worker rq:worker:d880557920564ad0950730db5c45da53 started with PID 23344, version 1.16.2
2025-02-05 14:46:10,229 Subscribing to channel rq:pubsub:d880557920564ad0950730db5c45da53
2025-02-05 14:46:10,262 *** Listening on workspace-frappe-bench:short, workspace-frappe-bench:default, workspace-frappe-bench:long...
2025-02-05 14:46:10,263 Cleaning registries for queue: workspace-frappe-bench:short
2025-02-05 14:46:10,267 Cleaning registries for queue: workspace-frappe-bench:default
2025-02-05 14:46:10,269 Cleaning registries for queue: workspace-frappe-bench:long
2025-02-05 14:47:33,612 Worker d880557920564ad0950730db5c45da53 [PID 23344]: warm shut down requested
2025-02-05 14:47:33,624 Unsubscribing from channel rq:pubsub:d880557920564ad0950730db5c45da53
2025-02-05 14:47:41,090 Worker rq:worker:3a54fec803c64dda8fe32c9bd4e3420c started with PID 24871, version 1.16.2
2025-02-05 14:47:41,091 Subscribing to channel rq:pubsub:3a54fec803c64dda8fe32c9bd4e3420c
2025-02-05 14:47:41,115 *** Listening on workspace-frappe-bench:short, workspace-frappe-bench:default, workspace-frappe-bench:long...
2025-02-05 14:47:41,130 Cleaning registries for queue: workspace-frappe-bench:short
2025-02-05 14:47:41,139 Cleaning registries for queue: workspace-frappe-bench:default
2025-02-05 14:47:41,146 Cleaning registries for queue: workspace-frappe-bench:long
2025-02-05 14:48:00,520 workspace-frappe-bench:default: frappe.utils.background_jobs.execute_job(event=None, is_async=True, job_name='frappe.core.doctype.scheduled_job_type.scheduled_job_type.run_scheduled_jo..., kwargs={'job_type': 'frappe.website.doctype.web_page.web_page.check_publish_status..., method='frappe.core.doctype.scheduled_job_type.scheduled_job_type.run_scheduled_jo..., site='dev.localhost', user='Administrator') (dev.localhost::scheduled_job::gh0f8so08k)
2025-02-05 14:48:01,380 workspace-frappe-bench:default: Job OK (dev.localhost::scheduled_job::gh0f8so08k)
2025-02-05 14:48:01,380 Result is kept for 600 seconds
2025-02-05 14:48:01,390 workspace-frappe-bench:default: frappe.utils.background_jobs.execute_job(event=None, is_async=True, job_name='frappe.core.doctype.scheduled_job_type.scheduled_job_type.run_scheduled_jo..., kwargs={'job_type': 'frappe.deferred_insert.save_to_db', 'scheduled_job_type': 'gh..., method='frappe.core.doctype.scheduled_job_type.scheduled_job_type.run_scheduled_jo..., site='dev.localhost', user='Administrator') (dev.localhost::scheduled_job::gh0bgqksqs)
2025-02-05 14:48:01,841 workspace-frappe-bench:default: Job OK (dev.localhost::scheduled_job::gh0bgqksqs)
2025-02-05 14:48:01,842 Result is kept for 600 seconds
2025-02-05 14:48:01,852 workspace-frappe-bench:default: frappe.utils.background_jobs.execute_job(event=None, is_async=True, job_name='frappe.core.doctype.scheduled_job_type.scheduled_job_type.run_scheduled_jo..., kwargs={'job_type': 'frappe.email.queue.flush', 'scheduled_job_type': 'gh00mvce03'..., method='frappe.core.doctype.scheduled_job_type.scheduled_job_type.run_scheduled_jo..., site='dev.localhost', user='Administrator') (dev.localhost::scheduled_job::gh00mvce03)
2025-02-05 14:48:02,404 workspace-frappe-bench:default: Job OK (dev.localhost::scheduled_job::gh00mvce03)
2025-02-05 14:48:02,405 Result is kept for 600 seconds
2025-02-05 14:48:02,417 workspace-frappe-bench:default: frappe.utils.background_jobs.execute_job(event=None, is_async=True, job_name='frappe.core.doctype.scheduled_job_type.scheduled_job_type.run_scheduled_jo..., kwargs={'job_type': 'frappe.email.doctype.email_account.email_account.notify_unrep..., method='frappe.core.doctype.scheduled_job_type.scheduled_job_type.run_scheduled_jo..., site='dev.localhost', user='Administrator') (dev.localhost::scheduled_job::gh0mg9dg3j)
2025-02-05 14:48:02,806 workspace-frappe-bench:default: Job OK (dev.localhost::scheduled_job::gh0mg9dg3j)
2025-02-05 14:48:02,807 Result is kept for 600 seconds
2025-02-05 14:48:02,816 workspace-frappe-bench:default: frappe.utils.background_jobs.execute_job(event=None, is_async=True, job_name='frappe.core.doctype.scheduled_job_type.scheduled_job_type.run_scheduled_jo..., kwargs={'job_type': 'erpnext.manufacturing.doctype.bom_update_log.bom_update_log.r..., method='frappe.core.doctype.scheduled_job_type.scheduled_job_type.run_scheduled_jo..., site='dev.localhost', user='Administrator') (dev.localhost::scheduled_job::h8ag45pu0p)
2025-02-05 14:48:03,212 workspace-frappe-bench:default: Job OK (dev.localhost::scheduled_job::h8ag45pu0p)
2025-02-05 14:48:03,212 Result is kept for 600 seconds
2025-02-05 14:48:03,250 workspace-frappe-bench:default: frappe.utils.background_jobs.execute_job(event=None, is_async=True, job_name='frappe.core.doctype.scheduled_job_type.scheduled_job_type.run_scheduled_jo..., kwargs={'job_type': 'frappe.utils.global_search.sync_global_search', 'scheduled_jo..., method='frappe.core.doctype.scheduled_job_type.scheduled_job_type.run_scheduled_jo..., site='dev.localhost', user='Administrator') (dev.localhost::scheduled_job::gh0729h6vd)
2025-02-05 14:48:03,688 workspace-frappe-bench:default: Job OK (dev.localhost::scheduled_job::gh0729h6vd)
2025-02-05 14:48:03,689 Result is kept for 600 seconds
2025-02-05 14:48:03,726 workspace-frappe-bench:default: frappe.utils.background_jobs.execute_job(event=None, is_async=True, job_name='frappe.core.doctype.scheduled_job_type.scheduled_job_type.run_scheduled_jo..., kwargs={'job_type': 'frappe.oauth.delete_oauth2_data', 'scheduled_job_type': 'gh0c..., method='frappe.core.doctype.scheduled_job_type.scheduled_job_type.run_scheduled_jo..., site='dev.localhost', user='Administrator') (dev.localhost::scheduled_job::gh0cqqi3u8)
2025-02-05 14:48:04,111 workspace-frappe-bench:default: Job OK (dev.localhost::scheduled_job::gh0cqqi3u8)
2025-02-05 14:48:04,111 Result is kept for 600 seconds
2025-02-05 14:48:04,119 workspace-frappe-bench:default: frappe.utils.background_jobs.execute_job(event=None, is_async=True, job_name='frappe.core.doctype.scheduled_job_type.scheduled_job_type.run_scheduled_jo..., kwargs={'job_type': 'frappe.automation.doctype.reminder.reminder.send_reminders', ..., method='frappe.core.doctype.scheduled_job_type.scheduled_job_type.run_scheduled_jo..., site='dev.localhost', user='Administrator') (dev.localhost::scheduled_job::gh040jcecd)
2025-02-05 14:48:04,518 workspace-frappe-bench:default: Job OK (dev.localhost::scheduled_job::gh040jcecd)
2025-02-05 14:48:04,519 Result is kept for 600 seconds
2025-02-05 14:48:04,538 workspace-frappe-bench:default: frappe.utils.background_jobs.execute_job(event=None, is_async=True, job_name='frappe.core.doctype.scheduled_job_type.scheduled_job_type.run_scheduled_jo..., kwargs={'job_type': 'frappe.email.doctype.notification.notification.trigger_offset..., method='frappe.core.doctype.scheduled_job_type.scheduled_job_type.run_scheduled_jo..., site='dev.localhost', user='Administrator') (dev.localhost::scheduled_job::gh07vsicua)
2025-02-05 14:48:04,897 workspace-frappe-bench:default: Job OK (dev.localhost::scheduled_job::gh07vsicua)
2025-02-05 14:48:04,897 Result is kept for 600 seconds
2025-02-05 14:48:04,905 workspace-frappe-bench:default: frappe.utils.background_jobs.execute_job(event=None, is_async=True, job_name='frappe.core.doctype.scheduled_job_type.scheduled_job_type.run_scheduled_jo..., kwargs={'job_type': 'create_custom_schedule_all', 'scheduled_job_type': '3kme7dd2u..., method='frappe.core.doctype.scheduled_job_type.scheduled_job_type.run_scheduled_jo..., site='dev.localhost', user='Administrator') (dev.localhost::scheduled_job::3kme7dd2ul)
2025-02-05 14:48:05,247 workspace-frappe-bench:default: Job OK (dev.localhost::scheduled_job::3kme7dd2ul)
2025-02-05 14:48:05,248 Result is kept for 600 seconds
2025-02-05 14:48:05,256 workspace-frappe-bench:default: frappe.utils.background_jobs.execute_job(event=None, is_async=True, job_name='frappe.core.doctype.scheduled_job_type.scheduled_job_type.run_scheduled_jo..., kwargs={'job_type': 'frappe.twofactor.delete_all_barcodes_for_users', 'scheduled_j..., method='frappe.core.doctype.scheduled_job_type.scheduled_job_type.run_scheduled_jo..., site='dev.localhost', user='Administrator') (dev.localhost::scheduled_job::gh028ljaof)
2025-02-05 14:48:05,728 workspace-frappe-bench:default: Job OK (dev.localhost::scheduled_job::gh028ljaof)
2025-02-05 14:48:05,728 Result is kept for 600 seconds
2025-02-05 14:48:05,736 workspace-frappe-bench:default: frappe.utils.background_jobs.execute_job(event=None, is_async=True, job_name='frappe.core.doctype.scheduled_job_type.scheduled_job_type.run_scheduled_jo..., kwargs={'job_type': 'frappe.monitor.flush', 'scheduled_job_type': 'gh0aujdlkv'}, method='frappe.core.doctype.scheduled_job_type.scheduled_job_type.run_scheduled_jo..., site='dev.localhost', user='Administrator') (dev.localhost::scheduled_job::gh0aujdlkv)
2025-02-05 14:48:06,206 workspace-frappe-bench:default: Job OK (dev.localhost::scheduled_job::gh0aujdlkv)
2025-02-05 14:48:06,206 Result is kept for 600 seconds
2025-02-05 14:52:00,066 workspace-frappe-bench:default: frappe.utils.background_jobs.execute_job(event=None, is_async=True, job_name='frappe.core.doctype.scheduled_job_type.scheduled_job_type.run_scheduled_jo..., kwargs={'job_type': 'frappe.monitor.flush', 'scheduled_job_type': 'gh0aujdlkv'}, method='frappe.core.doctype.scheduled_job_type.scheduled_job_type.run_scheduled_jo..., site='dev.localhost', user='Administrator') (dev.localhost::scheduled_job::gh0aujdlkv)
2025-02-05 14:52:00,473 workspace-frappe-bench:default: Job OK (dev.localhost::scheduled_job::gh0aujdlkv)
2025-02-05 14:52:00,473 Result is kept for 600 seconds
2025-02-05 14:52:00,480 workspace-frappe-bench:default: frappe.utils.background_jobs.execute_job(event=None, is_async=True, job_name='frappe.core.doctype.scheduled_job_type.scheduled_job_type.run_scheduled_jo..., kwargs={'job_type': 'frappe.email.doctype.notification.notification.trigger_offset..., method='frappe.core.doctype.scheduled_job_type.scheduled_job_type.run_scheduled_jo..., site='dev.localhost', user='Administrator') (dev.localhost::scheduled_job::gh07vsicua)
2025-02-05 14:52:00,703 workspace-frappe-bench:default: Job OK (dev.localhost::scheduled_job::gh07vsicua)
2025-02-05 14:52:00,703 Result is kept for 600 seconds
2025-02-05 14:52:00,709 workspace-frappe-bench:default: frappe.utils.background_jobs.execute_job(event=None, is_async=True, job_name='frappe.core.doctype.scheduled_job_type.scheduled_job_type.run_scheduled_jo..., kwargs={'job_type': 'create_custom_schedule_all', 'scheduled_job_type': '3kme7dd2u..., method='frappe.core.doctype.scheduled_job_type.scheduled_job_type.run_scheduled_jo..., site='dev.localhost', user='Administrator') (dev.localhost::scheduled_job::3kme7dd2ul)
2025-02-05 14:52:00,926 workspace-frappe-bench:default: Job OK (dev.localhost::scheduled_job::3kme7dd2ul)
2025-02-05 14:52:00,927 Result is kept for 600 seconds
2025-02-05 14:52:00,933 workspace-frappe-bench:default: frappe.utils.background_jobs.execute_job(event=None, is_async=True, job_name='frappe.core.doctype.scheduled_job_type.scheduled_job_type.run_scheduled_jo..., kwargs={'job_type': 'frappe.email.doctype.email_account.email_account.pull', 'sche..., method='frappe.core.doctype.scheduled_job_type.scheduled_job_type.run_scheduled_jo..., site='dev.localhost', user='Administrator') (dev.localhost::scheduled_job::gh0658vc7i)
2025-02-05 14:52:01,165 workspace-frappe-bench:default: Job OK (dev.localhost::scheduled_job::gh0658vc7i)
2025-02-05 14:52:01,165 Result is kept for 600 seconds
2025-02-05 14:52:01,171 workspace-frappe-bench:default: frappe.utils.background_jobs.execute_job(event=None, is_async=True, job_name='frappe.core.doctype.scheduled_job_type.scheduled_job_type.run_scheduled_jo..., kwargs={'job_type': 'frappe.email.queue.flush', 'scheduled_job_type': 'gh00mvce03'..., method='frappe.core.doctype.scheduled_job_type.scheduled_job_type.run_scheduled_jo..., site='dev.localhost', user='Administrator') (dev.localhost::scheduled_job::gh00mvce03)
2025-02-05 14:52:01,453 workspace-frappe-bench:default: Job OK (dev.localhost::scheduled_job::gh00mvce03)
2025-02-05 14:52:01,453 Result is kept for 600 seconds
2025-02-05 14:53:33,478 Worker 3a54fec803c64dda8fe32c9bd4e3420c [PID 24871]: warm shut down requested
2025-02-05 14:53:33,497 Unsubscribing from channel rq:pubsub:3a54fec803c64dda8fe32c9bd4e3420c
2025-02-05 14:53:37,122 Worker rq:worker:e2233f4490f64b368bbc40acfe5b985e started with PID 28395, version 1.16.2
2025-02-05 14:53:37,130 Subscribing to channel rq:pubsub:e2233f4490f64b368bbc40acfe5b985e
2025-02-05 14:53:37,135 *** Listening on workspace-frappe-bench:short, workspace-frappe-bench:default, workspace-frappe-bench:long...
2025-02-05 14:53:37,136 Cleaning registries for queue: workspace-frappe-bench:short
2025-02-05 14:53:37,137 Cleaning registries for queue: workspace-frappe-bench:default
2025-02-05 14:53:37,139 Cleaning registries for queue: workspace-frappe-bench:long
2025-02-05 14:55:36,640 Worker e2233f4490f64b368bbc40acfe5b985e [PID 28395]: warm shut down requested
Traceback (most recent call last):
  File "/workspace/frappe-bench/env/lib/python3.11/site-packages/redis/connection.py", line 357, in connect
    sock = self.retry.call_with_retry(
           ^^^^^^^^^^^^^^^^^^^^^^^^^^^
  File "/workspace/frappe-bench/env/lib/python3.11/site-packages/redis/retry.py", line 62, in call_with_retry
    return do()
           ^^^^
  File "/workspace/frappe-bench/env/lib/python3.11/site-packages/redis/connection.py", line 358, in <lambda>
    lambda: self._connect(), lambda error: self.disconnect(error)
            ^^^^^^^^^^^^^^^
  File "/workspace/frappe-bench/env/lib/python3.11/site-packages/redis/connection.py", line 730, in _connect
    raise err
  File "/workspace/frappe-bench/env/lib/python3.11/site-packages/redis/connection.py", line 718, in _connect
    sock.connect(socket_address)
ConnectionRefusedError: [Errno 111] Connection refused

During handling of the above exception, another exception occurred:

Traceback (most recent call last):
  File "/workspace/frappe-bench/apps/frappe/frappe/utils/bench_helper.py", line 48, in invoke
    return super().invoke(ctx)
           ^^^^^^^^^^^^^^^^^^^
  File "/workspace/frappe-bench/env/lib/python3.11/site-packages/click/core.py", line 1697, in invoke
    return _process_result(sub_ctx.command.invoke(sub_ctx))
                           ^^^^^^^^^^^^^^^^^^^^^^^^^^^^^^^
  File "/workspace/frappe-bench/env/lib/python3.11/site-packages/click/core.py", line 1443, in invoke
    return ctx.invoke(self.callback, **ctx.params)
           ^^^^^^^^^^^^^^^^^^^^^^^^^^^^^^^^^^^^^^^
  File "/workspace/frappe-bench/env/lib/python3.11/site-packages/click/core.py", line 788, in invoke
    return __callback(*args, **kwargs)
           ^^^^^^^^^^^^^^^^^^^^^^^^^^^
  File "/workspace/frappe-bench/apps/frappe/frappe/commands/scheduler.py", line 206, in start_worker
    start_worker(
  File "/workspace/frappe-bench/apps/frappe/frappe/utils/background_jobs.py", line 324, in start_worker
    worker.work(
  File "/workspace/frappe-bench/env/lib/python3.11/site-packages/rq/worker.py", line 458, in work
    self.teardown()
  File "/workspace/frappe-bench/env/lib/python3.11/site-packages/rq/worker.py", line 1048, in teardown
    self.register_death()
  File "/workspace/frappe-bench/env/lib/python3.11/site-packages/rq/worker.py", line 834, in register_death
    p.execute()
  File "/workspace/frappe-bench/env/lib/python3.11/site-packages/redis/client.py", line 1524, in execute
    conn = self.connection_pool.get_connection("MULTI", self.shard_hint)
           ^^^^^^^^^^^^^^^^^^^^^^^^^^^^^^^^^^^^^^^^^^^^^^^^^^^^^^^^^^^^^
  File "/workspace/frappe-bench/env/lib/python3.11/site-packages/redis/connection.py", line 1422, in get_connection
    connection.connect()
  File "/workspace/frappe-bench/env/lib/python3.11/site-packages/redis/connection.py", line 363, in connect
    raise ConnectionError(self._error_message(e))
redis.exceptions.ConnectionError: Error 111 connecting to redis-queue:6379. Connection refused.

Error 111 connecting to redis-queue:6379. Connection refused.
2025-02-05 15:32:18,722 Worker rq:worker:b2377b22ef6e4ce3a65b213513391059 started with PID 1545, version 1.16.2
2025-02-05 15:32:18,731 Subscribing to channel rq:pubsub:b2377b22ef6e4ce3a65b213513391059
2025-02-05 15:32:18,754 *** Listening on workspace-frappe-bench:short, workspace-frappe-bench:default, workspace-frappe-bench:long...
2025-02-05 15:32:18,754 Cleaning registries for queue: workspace-frappe-bench:short
2025-02-05 15:32:18,756 Cleaning registries for queue: workspace-frappe-bench:default
2025-02-05 15:32:18,759 Cleaning registries for queue: workspace-frappe-bench:long
2025-02-05 15:34:31,655 Worker b2377b22ef6e4ce3a65b213513391059 [PID 1545]: warm shut down requested
2025-02-05 15:34:31,687 Unsubscribing from channel rq:pubsub:b2377b22ef6e4ce3a65b213513391059
2025-02-05 15:35:13,410 Worker rq:worker:a707026762fc4026b5e46d41e27632a3 started with PID 3339, version 1.16.2
2025-02-05 15:35:13,410 Subscribing to channel rq:pubsub:a707026762fc4026b5e46d41e27632a3
2025-02-05 15:35:13,452 *** Listening on workspace-frappe-bench:short, workspace-frappe-bench:default, workspace-frappe-bench:long...
2025-02-05 15:35:13,459 Cleaning registries for queue: workspace-frappe-bench:short
2025-02-05 15:35:13,470 Cleaning registries for queue: workspace-frappe-bench:default
2025-02-05 15:35:13,471 Cleaning registries for queue: workspace-frappe-bench:long
2025-02-05 15:36:01,016 workspace-frappe-bench:default: frappe.utils.background_jobs.execute_job(event=None, is_async=True, job_name='frappe.core.doctype.scheduled_job_type.scheduled_job_type.run_scheduled_jo..., kwargs={'job_type': 'frappe.model.utils.link_count.update_link_count', 'scheduled_..., method='frappe.core.doctype.scheduled_job_type.scheduled_job_type.run_scheduled_jo..., site='dev.localhost', user='Administrator') (dev.localhost::scheduled_job::gh0qg95qk3)
2025-02-05 15:36:01,432 workspace-frappe-bench:default: Job OK (dev.localhost::scheduled_job::gh0qg95qk3)
2025-02-05 15:36:01,432 Result is kept for 600 seconds
2025-02-05 15:36:01,438 workspace-frappe-bench:default: frappe.utils.background_jobs.execute_job(event=None, is_async=True, job_name='frappe.core.doctype.scheduled_job_type.scheduled_job_type.run_scheduled_jo..., kwargs={'job_type': 'frappe.email.doctype.email_account.email_account.notify_unrep..., method='frappe.core.doctype.scheduled_job_type.scheduled_job_type.run_scheduled_jo..., site='dev.localhost', user='Administrator') (dev.localhost::scheduled_job::gh0mg9dg3j)
2025-02-05 15:36:01,668 workspace-frappe-bench:default: Job OK (dev.localhost::scheduled_job::gh0mg9dg3j)
2025-02-05 15:36:01,668 Result is kept for 600 seconds
2025-02-05 15:36:01,674 workspace-frappe-bench:default: frappe.utils.background_jobs.execute_job(event=None, is_async=True, job_name='frappe.core.doctype.scheduled_job_type.scheduled_job_type.run_scheduled_jo..., kwargs={'job_type': 'frappe.oauth.delete_oauth2_data', 'scheduled_job_type': 'gh0c..., method='frappe.core.doctype.scheduled_job_type.scheduled_job_type.run_scheduled_jo..., site='dev.localhost', user='Administrator') (dev.localhost::scheduled_job::gh0cqqi3u8)
2025-02-05 15:36:01,915 workspace-frappe-bench:default: Job OK (dev.localhost::scheduled_job::gh0cqqi3u8)
2025-02-05 15:36:01,916 Result is kept for 600 seconds
2025-02-05 15:36:01,922 workspace-frappe-bench:default: frappe.utils.background_jobs.execute_job(event=None, is_async=True, job_name='frappe.core.doctype.scheduled_job_type.scheduled_job_type.run_scheduled_jo..., kwargs={'job_type': 'frappe.desk.page.backups.backups.delete_downloadable_backups'..., method='frappe.core.doctype.scheduled_job_type.scheduled_job_type.run_scheduled_jo..., site='dev.localhost', user='Administrator') (dev.localhost::scheduled_job::gh0ng053v2)
2025-02-05 15:36:02,237 workspace-frappe-bench:default: Job OK (dev.localhost::scheduled_job::gh0ng053v2)
2025-02-05 15:36:02,237 Result is kept for 600 seconds
2025-02-05 15:36:02,243 workspace-frappe-bench:default: frappe.utils.background_jobs.execute_job(event=None, is_async=True, job_name='frappe.core.doctype.scheduled_job_type.scheduled_job_type.run_scheduled_jo..., kwargs={'job_type': 'create_custom_schedule_all', 'scheduled_job_type': '3kme7dd2u..., method='frappe.core.doctype.scheduled_job_type.scheduled_job_type.run_scheduled_jo..., site='dev.localhost', user='Administrator') (dev.localhost::scheduled_job::3kme7dd2ul)
2025-02-05 15:36:02,458 workspace-frappe-bench:default: Job OK (dev.localhost::scheduled_job::3kme7dd2ul)
2025-02-05 15:36:02,458 Result is kept for 600 seconds
2025-02-05 15:36:02,464 workspace-frappe-bench:default: frappe.utils.background_jobs.execute_job(event=None, is_async=True, job_name='frappe.core.doctype.scheduled_job_type.scheduled_job_type.run_scheduled_jo..., kwargs={'job_type': 'frappe.model.utils.user_settings.sync_user_settings', 'schedu..., method='frappe.core.doctype.scheduled_job_type.scheduled_job_type.run_scheduled_jo..., site='dev.localhost', user='Administrator') (dev.localhost::scheduled_job::gh0u188jge)
2025-02-05 15:36:02,705 workspace-frappe-bench:default: Job OK (dev.localhost::scheduled_job::gh0u188jge)
2025-02-05 15:36:02,705 Result is kept for 600 seconds
2025-02-05 15:36:02,711 workspace-frappe-bench:default: frappe.utils.background_jobs.execute_job(event=None, is_async=True, job_name='frappe.core.doctype.scheduled_job_type.scheduled_job_type.run_scheduled_jo..., kwargs={'job_type': 'frappe.email.doctype.notification.notification.trigger_offset..., method='frappe.core.doctype.scheduled_job_type.scheduled_job_type.run_scheduled_jo..., site='dev.localhost', user='Administrator') (dev.localhost::scheduled_job::gh07vsicua)
2025-02-05 15:36:02,929 workspace-frappe-bench:default: Job OK (dev.localhost::scheduled_job::gh07vsicua)
2025-02-05 15:36:02,929 Result is kept for 600 seconds
2025-02-05 15:36:02,935 workspace-frappe-bench:default: frappe.utils.background_jobs.execute_job(event=None, is_async=True, job_name='frappe.core.doctype.scheduled_job_type.scheduled_job_type.run_scheduled_jo..., kwargs={'job_type': 'frappe.website.doctype.web_page.web_page.check_publish_status..., method='frappe.core.doctype.scheduled_job_type.scheduled_job_type.run_scheduled_jo..., site='dev.localhost', user='Administrator') (dev.localhost::scheduled_job::gh0f8so08k)
2025-02-05 15:36:03,241 workspace-frappe-bench:default: Job OK (dev.localhost::scheduled_job::gh0f8so08k)
2025-02-05 15:36:03,241 Result is kept for 600 seconds
2025-02-05 15:36:03,250 workspace-frappe-bench:default: frappe.utils.background_jobs.execute_job(event=None, is_async=True, job_name='frappe.core.doctype.scheduled_job_type.scheduled_job_type.run_scheduled_jo..., kwargs={'job_type': 'frappe.website.doctype.personal_data_deletion_request.persona..., method='frappe.core.doctype.scheduled_job_type.scheduled_job_type.run_scheduled_jo..., site='dev.localhost', user='Administrator') (dev.localhost::scheduled_job::gh0avp4j2n)
2025-02-05 15:36:03,525 workspace-frappe-bench:default: Job OK (dev.localhost::scheduled_job::gh0avp4j2n)
2025-02-05 15:36:03,525 Result is kept for 600 seconds
2025-02-05 15:36:03,531 workspace-frappe-bench:default: frappe.utils.background_jobs.execute_job(event=None, is_async=True, job_name='frappe.core.doctype.scheduled_job_type.scheduled_job_type.run_scheduled_jo..., kwargs={'job_type': 'erpnext.manufacturing.doctype.bom_update_log.bom_update_log.r..., method='frappe.core.doctype.scheduled_job_type.scheduled_job_type.run_scheduled_jo..., site='dev.localhost', user='Administrator') (dev.localhost::scheduled_job::h8ag45pu0p)
2025-02-05 15:36:03,771 workspace-frappe-bench:default: Job OK (dev.localhost::scheduled_job::h8ag45pu0p)
2025-02-05 15:36:03,771 Result is kept for 600 seconds
2025-02-05 15:36:03,777 workspace-frappe-bench:default: frappe.utils.background_jobs.execute_job(event=None, is_async=True, job_name='frappe.core.doctype.scheduled_job_type.scheduled_job_type.run_scheduled_jo..., kwargs={'job_type': 'frappe.deferred_insert.save_to_db', 'scheduled_job_type': 'gh..., method='frappe.core.doctype.scheduled_job_type.scheduled_job_type.run_scheduled_jo..., site='dev.localhost', user='Administrator') (dev.localhost::scheduled_job::gh0bgqksqs)
2025-02-05 15:36:04,043 workspace-frappe-bench:default: Job OK (dev.localhost::scheduled_job::gh0bgqksqs)
2025-02-05 15:36:04,043 Result is kept for 600 seconds
2025-02-05 15:36:04,050 workspace-frappe-bench:default: frappe.utils.background_jobs.execute_job(event=None, is_async=True, job_name='frappe.core.doctype.scheduled_job_type.scheduled_job_type.run_scheduled_jo..., kwargs={'job_type': 'frappe.email.queue.flush', 'scheduled_job_type': 'gh00mvce03'..., method='frappe.core.doctype.scheduled_job_type.scheduled_job_type.run_scheduled_jo..., site='dev.localhost', user='Administrator') (dev.localhost::scheduled_job::gh00mvce03)
2025-02-05 15:36:04,438 workspace-frappe-bench:default: Job OK (dev.localhost::scheduled_job::gh00mvce03)
2025-02-05 15:36:04,439 Result is kept for 600 seconds
2025-02-05 15:36:04,448 workspace-frappe-bench:default: frappe.utils.background_jobs.execute_job(event=None, is_async=True, job_name='frappe.core.doctype.scheduled_job_type.scheduled_job_type.run_scheduled_jo..., kwargs={'job_type': 'frappe.email.doctype.email_account.email_account.pull', 'sche..., method='frappe.core.doctype.scheduled_job_type.scheduled_job_type.run_scheduled_jo..., site='dev.localhost', user='Administrator') (dev.localhost::scheduled_job::gh0658vc7i)
2025-02-05 15:36:04,710 workspace-frappe-bench:default: Job OK (dev.localhost::scheduled_job::gh0658vc7i)
2025-02-05 15:36:04,710 Result is kept for 600 seconds
2025-02-05 15:36:04,716 workspace-frappe-bench:default: frappe.utils.background_jobs.execute_job(event=None, is_async=True, job_name='frappe.core.doctype.scheduled_job_type.scheduled_job_type.run_scheduled_jo..., kwargs={'job_type': 'erpnext.utilities.doctype.video.video.update_youtube_data', '..., method='frappe.core.doctype.scheduled_job_type.scheduled_job_type.run_scheduled_jo..., site='dev.localhost', user='Administrator') (dev.localhost::scheduled_job::h8bn927msj)
2025-02-05 15:36:05,286 workspace-frappe-bench:default: Job OK (dev.localhost::scheduled_job::h8bn927msj)
2025-02-05 15:36:05,286 Result is kept for 600 seconds
2025-02-05 15:36:05,293 workspace-frappe-bench:default: frappe.utils.background_jobs.execute_job(event=None, is_async=True, job_name='frappe.core.doctype.scheduled_job_type.scheduled_job_type.run_scheduled_jo..., kwargs={'job_type': 'frappe.twofactor.delete_all_barcodes_for_users', 'scheduled_j..., method='frappe.core.doctype.scheduled_job_type.scheduled_job_type.run_scheduled_jo..., site='dev.localhost', user='Administrator') (dev.localhost::scheduled_job::gh028ljaof)
2025-02-05 15:36:05,565 workspace-frappe-bench:default: Job OK (dev.localhost::scheduled_job::gh028ljaof)
2025-02-05 15:36:05,565 Result is kept for 600 seconds
2025-02-05 15:36:05,573 workspace-frappe-bench:default: frappe.utils.background_jobs.execute_job(event=None, is_async=True, job_name='frappe.core.doctype.scheduled_job_type.scheduled_job_type.run_scheduled_jo..., kwargs={'job_type': 'erpnext.accounts.doctype.gl_entry.gl_entry.rename_gle_sle_doc..., method='frappe.core.doctype.scheduled_job_type.scheduled_job_type.run_scheduled_jo..., site='dev.localhost', user='Administrator') (dev.localhost::scheduled_job::h8av4bmen8)
2025-02-05 15:36:05,906 workspace-frappe-bench:default: Job OK (dev.localhost::scheduled_job::h8av4bmen8)
2025-02-05 15:36:05,906 Result is kept for 600 seconds
2025-02-05 15:36:05,912 workspace-frappe-bench:default: frappe.utils.background_jobs.execute_job(event=None, is_async=True, job_name='frappe.core.doctype.scheduled_job_type.scheduled_job_type.run_scheduled_jo..., kwargs={'job_type': 'erpnext.projects.doctype.project.project.hourly_reminder', 's..., method='frappe.core.doctype.scheduled_job_type.scheduled_job_type.run_scheduled_jo..., site='dev.localhost', user='Administrator') (dev.localhost::scheduled_job::h8bv7nrbkn)
2025-02-05 15:36:06,175 workspace-frappe-bench:default: Job OK (dev.localhost::scheduled_job::h8bv7nrbkn)
2025-02-05 15:36:06,175 Result is kept for 600 seconds
2025-02-05 15:36:06,181 workspace-frappe-bench:default: frappe.utils.background_jobs.execute_job(event=None, is_async=True, job_name='frappe.core.doctype.scheduled_job_type.scheduled_job_type.run_scheduled_jo..., kwargs={'job_type': 'frappe.integrations.doctype.google_calendar.google_calendar.s..., method='frappe.core.doctype.scheduled_job_type.scheduled_job_type.run_scheduled_jo..., site='dev.localhost', user='Administrator') (dev.localhost::scheduled_job::gh03v1fbt6)
2025-02-05 15:36:06,578 workspace-frappe-bench:default: Job OK (dev.localhost::scheduled_job::gh03v1fbt6)
2025-02-05 15:36:06,578 Result is kept for 600 seconds
2025-02-05 15:36:06,585 workspace-frappe-bench:default: frappe.utils.background_jobs.execute_job(event=None, is_async=True, job_name='frappe.core.doctype.scheduled_job_type.scheduled_job_type.run_scheduled_jo..., kwargs={'job_type': 'frappe.email.doctype.newsletter.newsletter.send_scheduled_ema..., method='frappe.core.doctype.scheduled_job_type.scheduled_job_type.run_scheduled_jo..., site='dev.localhost', user='Administrator') (dev.localhost::scheduled_job::gh06jvuf2j)
2025-02-05 15:36:06,930 workspace-frappe-bench:default: Job OK (dev.localhost::scheduled_job::gh06jvuf2j)
2025-02-05 15:36:06,931 Result is kept for 600 seconds
2025-02-05 15:36:06,937 workspace-frappe-bench:default: frappe.utils.background_jobs.execute_job(event=None, is_async=True, job_name='frappe.core.doctype.scheduled_job_type.scheduled_job_type.run_scheduled_jo..., kwargs={'job_type': 'erpnext.erpnext_integrations.doctype.plaid_settings.plaid_set..., method='frappe.core.doctype.scheduled_job_type.scheduled_job_type.run_scheduled_jo..., site='dev.localhost', user='Administrator') (dev.localhost::scheduled_job::h8b151fufq)
2025-02-05 15:36:07,236 workspace-frappe-bench:default: Job OK (dev.localhost::scheduled_job::h8b151fufq)
2025-02-05 15:36:07,237 Result is kept for 600 seconds
2025-02-05 15:36:07,243 workspace-frappe-bench:default: frappe.utils.background_jobs.execute_job(event=None, is_async=True, job_name='frappe.core.doctype.scheduled_job_type.scheduled_job_type.run_scheduled_jo..., kwargs={'job_type': 'frappe.automation.doctype.reminder.reminder.send_reminders', ..., method='frappe.core.doctype.scheduled_job_type.scheduled_job_type.run_scheduled_jo..., site='dev.localhost', user='Administrator') (dev.localhost::scheduled_job::gh040jcecd)
2025-02-05 15:36:07,460 workspace-frappe-bench:default: Job OK (dev.localhost::scheduled_job::gh040jcecd)
2025-02-05 15:36:07,460 Result is kept for 600 seconds
2025-02-05 15:36:07,466 workspace-frappe-bench:default: frappe.utils.background_jobs.execute_job(event=None, is_async=True, job_name='frappe.core.doctype.scheduled_job_type.scheduled_job_type.run_scheduled_jo..., kwargs={'job_type': 'frappe.utils.global_search.sync_global_search', 'scheduled_jo..., method='frappe.core.doctype.scheduled_job_type.scheduled_job_type.run_scheduled_jo..., site='dev.localhost', user='Administrator') (dev.localhost::scheduled_job::gh0729h6vd)
2025-02-05 15:36:07,680 workspace-frappe-bench:default: Job OK (dev.localhost::scheduled_job::gh0729h6vd)
2025-02-05 15:36:07,680 Result is kept for 600 seconds
2025-02-05 15:36:07,686 workspace-frappe-bench:default: frappe.utils.background_jobs.execute_job(event=None, is_async=True, job_name='frappe.core.doctype.scheduled_job_type.scheduled_job_type.run_scheduled_jo..., kwargs={'job_type': 'frappe.core.doctype.prepared_report.prepared_report.expire_st..., method='frappe.core.doctype.scheduled_job_type.scheduled_job_type.run_scheduled_jo..., site='dev.localhost', user='Administrator') (dev.localhost::scheduled_job::gh0ot36haq)
2025-02-05 15:36:07,913 workspace-frappe-bench:default: Job OK (dev.localhost::scheduled_job::gh0ot36haq)
2025-02-05 15:36:07,913 Result is kept for 600 seconds
2025-02-05 15:36:07,921 workspace-frappe-bench:default: frappe.utils.background_jobs.execute_job(event=None, is_async=True, job_name='frappe.core.doctype.scheduled_job_type.scheduled_job_type.run_scheduled_jo..., kwargs={'job_type': 'frappe.desk.form.document_follow.send_hourly_updates', 'sched..., method='frappe.core.doctype.scheduled_job_type.scheduled_job_type.run_scheduled_jo..., site='dev.localhost', user='Administrator') (dev.localhost::scheduled_job::gh0j4hkguk)
2025-02-05 15:36:08,209 workspace-frappe-bench:default: Job OK (dev.localhost::scheduled_job::gh0j4hkguk)
2025-02-05 15:36:08,209 Result is kept for 600 seconds
2025-02-05 15:36:08,215 workspace-frappe-bench:default: frappe.utils.background_jobs.execute_job(event=None, is_async=True, job_name='frappe.core.doctype.scheduled_job_type.scheduled_job_type.run_scheduled_jo..., kwargs={'job_type': 'erpnext.projects.doctype.project.project.collect_project_stat..., method='frappe.core.doctype.scheduled_job_type.scheduled_job_type.run_scheduled_jo..., site='dev.localhost', user='Administrator') (dev.localhost::scheduled_job::h8booulqbu)
2025-02-05 15:36:08,487 workspace-frappe-bench:default: Job OK (dev.localhost::scheduled_job::h8booulqbu)
2025-02-05 15:36:08,487 Result is kept for 600 seconds
2025-02-05 15:36:08,496 workspace-frappe-bench:default: frappe.utils.background_jobs.execute_job(event=None, is_async=True, job_name='frappe.core.doctype.scheduled_job_type.scheduled_job_type.run_scheduled_jo..., kwargs={'job_type': 'frappe.monitor.flush', 'scheduled_job_type': 'gh0aujdlkv'}, method='frappe.core.doctype.scheduled_job_type.scheduled_job_type.run_scheduled_jo..., site='dev.localhost', user='Administrator') (dev.localhost::scheduled_job::gh0aujdlkv)
2025-02-05 15:36:08,768 workspace-frappe-bench:default: Job OK (dev.localhost::scheduled_job::gh0aujdlkv)
2025-02-05 15:36:08,768 Result is kept for 600 seconds
2025-02-05 15:36:08,774 workspace-frappe-bench:default: frappe.utils.background_jobs.execute_job(event=None, is_async=True, job_name='frappe.core.doctype.scheduled_job_type.scheduled_job_type.run_scheduled_jo..., kwargs={'job_type': 'erpnext.projects.doctype.project.project.project_status_updat..., method='frappe.core.doctype.scheduled_job_type.scheduled_job_type.run_scheduled_jo..., site='dev.localhost', user='Administrator') (dev.localhost::scheduled_job::h8b1mfe1is)
2025-02-05 15:36:09,027 workspace-frappe-bench:default: Job OK (dev.localhost::scheduled_job::h8b1mfe1is)
2025-02-05 15:36:09,027 Result is kept for 600 seconds
2025-02-05 15:36:49,971 workspace-frappe-bench:default: frappe.utils.background_jobs.execute_job(event=None, is_async=True, job_name='frappe.core.doctype.user.user.create_contact', kwargs={'user': <User: doctype=User Administrator>, 'ignore_mandatory': True}, method='frappe.core.doctype.user.user.create_contact', site='dev.localhost', user='Administrator') (dev.localhost::910bb1d8-e520-4eca-8530-5cd571ddf356)
2025-02-05 15:36:50,115 workspace-frappe-bench:default: Job OK (dev.localhost::910bb1d8-e520-4eca-8530-5cd571ddf356)
2025-02-05 15:36:50,115 Result is kept for 600 seconds
2025-02-05 15:39:30,661 workspace-frappe-bench:default: frappe.utils.background_jobs.execute_job(event=None, is_async=True, job_name='frappe.core.doctype.user.user.create_contact', kwargs={'user': <User: doctype=User onedata@admin.com>, 'ignore_mandatory': True}, method='frappe.core.doctype.user.user.create_contact', site='dev.localhost', user='Administrator') (dev.localhost::6af2f941-5ab2-4a3b-9138-900fce49b2b0)
2025-02-05 15:39:31,486 workspace-frappe-bench:default: Job OK (dev.localhost::6af2f941-5ab2-4a3b-9138-900fce49b2b0)
2025-02-05 15:39:31,486 Result is kept for 600 seconds
2025-02-05 15:39:31,494 workspace-frappe-bench:default: frappe.utils.background_jobs.execute_job(event=None, is_async=True, job_name='frappe.core.doctype.user.user.update_gravatar', kwargs={'name': 'onedata@admin.com'}, method='frappe.core.doctype.user.user.update_gravatar', site='dev.localhost', user='Administrator') (dev.localhost::1bd0e706-11e2-4188-ae18-00a750a88dc8)
2025-02-05 15:39:31,801 workspace-frappe-bench:default: Job OK (dev.localhost::1bd0e706-11e2-4188-ae18-00a750a88dc8)
2025-02-05 15:39:31,801 Result is kept for 600 seconds
2025-02-05 15:39:39,828 workspace-frappe-bench:default: frappe.utils.background_jobs.execute_job(event=None, is_async=True, job_name='frappe.core.doctype.user.user.create_contact', kwargs={'user': <User: doctype=User onedata@admin.com>, 'ignore_mandatory': True}, method='frappe.core.doctype.user.user.create_contact', site='dev.localhost', user='Administrator') (dev.localhost::5dd7c133-eb1e-4dbb-8b57-f6905616e5ff)
2025-02-05 15:39:40,312 workspace-frappe-bench:default: Job OK (dev.localhost::5dd7c133-eb1e-4dbb-8b57-f6905616e5ff)
2025-02-05 15:39:40,312 Result is kept for 600 seconds
2025-02-05 15:39:40,319 workspace-frappe-bench:default: frappe.utils.background_jobs.execute_job(event=None, is_async=True, job_name='frappe.core.doctype.user.user.update_gravatar', kwargs={'name': 'onedata@admin.com'}, method='frappe.core.doctype.user.user.update_gravatar', site='dev.localhost', user='Administrator') (dev.localhost::1100d6f4-8fd0-4a39-8324-c48f187c7de4)
2025-02-05 15:39:40,512 workspace-frappe-bench:default: Job OK (dev.localhost::1100d6f4-8fd0-4a39-8324-c48f187c7de4)
2025-02-05 15:39:40,512 Result is kept for 600 seconds
2025-02-05 15:39:52,135 workspace-frappe-bench:default: frappe.utils.background_jobs.execute_job(event=None, is_async=True, job_name='frappe.core.doctype.user.user.create_contact', kwargs={'user': <User: doctype=User onedata@admin.com>, 'ignore_mandatory': True}, method='frappe.core.doctype.user.user.create_contact', site='dev.localhost', user='Administrator') (dev.localhost::b57f27a4-3614-49f3-8d4c-96b2c2c4235d)
2025-02-05 15:39:52,611 workspace-frappe-bench:default: Job OK (dev.localhost::b57f27a4-3614-49f3-8d4c-96b2c2c4235d)
2025-02-05 15:39:52,611 Result is kept for 600 seconds
2025-02-05 15:39:52,621 workspace-frappe-bench:default: frappe.utils.background_jobs.execute_job(event=None, is_async=True, job_name='frappe.core.doctype.user.user.update_gravatar', kwargs={'name': 'onedata@admin.com'}, method='frappe.core.doctype.user.user.update_gravatar', site='dev.localhost', user='Administrator') (dev.localhost::7561ed68-324a-4fa8-94ca-61bf28da1cc4)
2025-02-05 15:39:52,802 workspace-frappe-bench:default: Job OK (dev.localhost::7561ed68-324a-4fa8-94ca-61bf28da1cc4)
2025-02-05 15:39:52,802 Result is kept for 600 seconds
2025-02-05 15:40:00,269 workspace-frappe-bench:default: frappe.utils.background_jobs.execute_job(event=None, is_async=True, job_name='frappe.core.doctype.scheduled_job_type.scheduled_job_type.run_scheduled_jo..., kwargs={'job_type': 'frappe.monitor.flush', 'scheduled_job_type': 'gh0aujdlkv'}, method='frappe.core.doctype.scheduled_job_type.scheduled_job_type.run_scheduled_jo..., site='dev.localhost', user='Administrator') (dev.localhost::scheduled_job::gh0aujdlkv)
2025-02-05 15:40:00,544 workspace-frappe-bench:default: Job OK (dev.localhost::scheduled_job::gh0aujdlkv)
2025-02-05 15:40:00,544 Result is kept for 600 seconds
2025-02-05 15:40:00,550 workspace-frappe-bench:default: frappe.utils.background_jobs.execute_job(event=None, is_async=True, job_name='frappe.core.doctype.scheduled_job_type.scheduled_job_type.run_scheduled_jo..., kwargs={'job_type': 'frappe.email.doctype.notification.notification.trigger_offset..., method='frappe.core.doctype.scheduled_job_type.scheduled_job_type.run_scheduled_jo..., site='dev.localhost', user='Administrator') (dev.localhost::scheduled_job::gh07vsicua)
2025-02-05 15:40:00,776 workspace-frappe-bench:default: Job OK (dev.localhost::scheduled_job::gh07vsicua)
2025-02-05 15:40:00,776 Result is kept for 600 seconds
2025-02-05 15:40:00,782 workspace-frappe-bench:default: frappe.utils.background_jobs.execute_job(event=None, is_async=True, job_name='frappe.core.doctype.scheduled_job_type.scheduled_job_type.run_scheduled_jo..., kwargs={'job_type': 'frappe.email.queue.flush', 'scheduled_job_type': 'gh00mvce03'..., method='frappe.core.doctype.scheduled_job_type.scheduled_job_type.run_scheduled_jo..., site='dev.localhost', user='Administrator') (dev.localhost::scheduled_job::gh00mvce03)
2025-02-05 15:40:01,070 workspace-frappe-bench:default: Job OK (dev.localhost::scheduled_job::gh00mvce03)
2025-02-05 15:40:01,071 Result is kept for 600 seconds
2025-02-05 15:40:01,078 workspace-frappe-bench:default: frappe.utils.background_jobs.execute_job(event=None, is_async=True, job_name='frappe.core.doctype.scheduled_job_type.scheduled_job_type.run_scheduled_jo..., kwargs={'job_type': 'create_custom_schedule_all', 'scheduled_job_type': '3kme7dd2u..., method='frappe.core.doctype.scheduled_job_type.scheduled_job_type.run_scheduled_jo..., site='dev.localhost', user='Administrator') (dev.localhost::scheduled_job::3kme7dd2ul)
2025-02-05 15:40:01,364 workspace-frappe-bench:default: Job OK (dev.localhost::scheduled_job::3kme7dd2ul)
2025-02-05 15:40:01,364 Result is kept for 600 seconds
2025-02-05 15:40:01,370 workspace-frappe-bench:default: frappe.utils.background_jobs.execute_job(event=None, is_async=True, job_name='frappe.core.doctype.scheduled_job_type.scheduled_job_type.run_scheduled_jo..., kwargs={'job_type': 'frappe.email.doctype.email_account.email_account.pull', 'sche..., method='frappe.core.doctype.scheduled_job_type.scheduled_job_type.run_scheduled_jo..., site='dev.localhost', user='Administrator') (dev.localhost::scheduled_job::gh0658vc7i)
2025-02-05 15:40:01,610 workspace-frappe-bench:default: Job OK (dev.localhost::scheduled_job::gh0658vc7i)
2025-02-05 15:40:01,610 Result is kept for 600 seconds
2025-02-05 15:40:01,616 workspace-frappe-bench:long: frappe.utils.background_jobs.execute_job(event=None, is_async=True, job_name='frappe.core.doctype.scheduled_job_type.scheduled_job_type.run_scheduled_jo..., kwargs={'job_type': 'erpnext.stock.doctype.repost_item_valuation.repost_item_valua..., method='frappe.core.doctype.scheduled_job_type.scheduled_job_type.run_scheduled_jo..., site='dev.localhost', user='Administrator') (dev.localhost::scheduled_job::h8dta323bp)
2025-02-05 15:40:01,888 workspace-frappe-bench:long: Job OK (dev.localhost::scheduled_job::h8dta323bp)
2025-02-05 15:40:01,888 Result is kept for 600 seconds
2025-02-05 15:40:01,894 workspace-frappe-bench:long: frappe.utils.background_jobs.execute_job(event=None, is_async=True, job_name='frappe.core.doctype.scheduled_job_type.scheduled_job_type.run_scheduled_jo..., kwargs={'job_type': 'erpnext.utilities.bulk_transaction.retry', 'scheduled_job_typ..., method='frappe.core.doctype.scheduled_job_type.scheduled_job_type.run_scheduled_jo..., site='dev.localhost', user='Administrator') (dev.localhost::scheduled_job::h8d0asgua1)
2025-02-05 15:40:02,143 workspace-frappe-bench:long: Job OK (dev.localhost::scheduled_job::h8d0asgua1)
2025-02-05 15:40:02,143 Result is kept for 600 seconds
2025-02-05 15:40:35,081 workspace-frappe-bench:default: frappe.utils.background_jobs.execute_job(event=None, is_async=True, job_name='frappe.core.doctype.user.user.create_contact', kwargs={'user': <User: doctype=User manager@admin.com>, 'ignore_mandatory': True}, method='frappe.core.doctype.user.user.create_contact', site='dev.localhost', user='Administrator') (dev.localhost::5f4555bd-2e88-49d3-957d-32d4141833d7)
2025-02-05 15:40:35,937 workspace-frappe-bench:default: Job OK (dev.localhost::5f4555bd-2e88-49d3-957d-32d4141833d7)
2025-02-05 15:40:35,937 Result is kept for 600 seconds
2025-02-05 15:40:35,944 workspace-frappe-bench:default: frappe.utils.background_jobs.execute_job(event=None, is_async=True, job_name='frappe.core.doctype.user.user.update_gravatar', kwargs={'name': 'manager@admin.com'}, method='frappe.core.doctype.user.user.update_gravatar', site='dev.localhost', user='Administrator') (dev.localhost::bb11ea81-f527-4d4d-92b4-c8cf13a56ec6)
2025-02-05 15:40:36,122 workspace-frappe-bench:default: Job OK (dev.localhost::bb11ea81-f527-4d4d-92b4-c8cf13a56ec6)
2025-02-05 15:40:36,123 Result is kept for 600 seconds
2025-02-05 15:41:02,986 workspace-frappe-bench:default: frappe.utils.background_jobs.execute_job(event=None, is_async=True, job_name='frappe.core.doctype.user.user.create_contact', kwargs={'user': <User: doctype=User manager@admin.com>, 'ignore_mandatory': True}, method='frappe.core.doctype.user.user.create_contact', site='dev.localhost', user='Administrator') (dev.localhost::29b7ecff-1856-49cf-a1f6-19c2249cb9b8)
2025-02-05 15:41:03,389 workspace-frappe-bench:default: Job OK (dev.localhost::29b7ecff-1856-49cf-a1f6-19c2249cb9b8)
2025-02-05 15:41:03,390 Result is kept for 600 seconds
2025-02-05 15:41:03,397 workspace-frappe-bench:default: frappe.utils.background_jobs.execute_job(event=None, is_async=True, job_name='frappe.core.doctype.user.user.update_gravatar', kwargs={'name': 'manager@admin.com'}, method='frappe.core.doctype.user.user.update_gravatar', site='dev.localhost', user='Administrator') (dev.localhost::3d3a8e07-b4b7-4aff-9d1a-7460b054ccae)
2025-02-05 15:41:03,601 workspace-frappe-bench:default: Job OK (dev.localhost::3d3a8e07-b4b7-4aff-9d1a-7460b054ccae)
2025-02-05 15:41:03,601 Result is kept for 600 seconds
2025-02-05 15:41:10,505 workspace-frappe-bench:default: frappe.utils.background_jobs.execute_job(event=None, is_async=True, job_name='frappe.core.doctype.user.user.create_contact', kwargs={'user': <User: doctype=User manager@admin.com>, 'ignore_mandatory': True}, method='frappe.core.doctype.user.user.create_contact', site='dev.localhost', user='Administrator') (dev.localhost::bdfbaa41-9305-4ab3-b7f3-1c65a85688c7)
2025-02-05 15:41:10,996 workspace-frappe-bench:default: Job OK (dev.localhost::bdfbaa41-9305-4ab3-b7f3-1c65a85688c7)
2025-02-05 15:41:10,996 Result is kept for 600 seconds
2025-02-05 15:41:11,013 workspace-frappe-bench:default: frappe.utils.background_jobs.execute_job(event=None, is_async=True, job_name='frappe.core.doctype.user.user.update_gravatar', kwargs={'name': 'manager@admin.com'}, method='frappe.core.doctype.user.user.update_gravatar', site='dev.localhost', user='Administrator') (dev.localhost::e58ae0a5-a09b-4ad8-9d9b-7fa9ece50192)
2025-02-05 15:41:11,193 workspace-frappe-bench:default: Job OK (dev.localhost::e58ae0a5-a09b-4ad8-9d9b-7fa9ece50192)
2025-02-05 15:41:11,193 Result is kept for 600 seconds
2025-02-05 15:41:23,239 workspace-frappe-bench:default: frappe.utils.background_jobs.execute_job(event=None, is_async=True, job_name='frappe.core.doctype.user.user.create_contact', kwargs={'user': <User: doctype=User manager@admin.com>, 'ignore_mandatory': True}, method='frappe.core.doctype.user.user.create_contact', site='dev.localhost', user='Administrator') (dev.localhost::5d0e0cb8-af34-4000-bbec-d3c9353ef831)
2025-02-05 15:41:23,648 workspace-frappe-bench:default: Job OK (dev.localhost::5d0e0cb8-af34-4000-bbec-d3c9353ef831)
2025-02-05 15:41:23,648 Result is kept for 600 seconds
2025-02-05 15:41:23,657 workspace-frappe-bench:default: frappe.utils.background_jobs.execute_job(event=None, is_async=True, job_name='frappe.core.doctype.user.user.update_gravatar', kwargs={'name': 'manager@admin.com'}, method='frappe.core.doctype.user.user.update_gravatar', site='dev.localhost', user='Administrator') (dev.localhost::16896543-9145-4af2-8b86-333646383099)
2025-02-05 15:41:23,839 workspace-frappe-bench:default: Job OK (dev.localhost::16896543-9145-4af2-8b86-333646383099)
2025-02-05 15:41:23,839 Result is kept for 600 seconds
2025-02-05 15:44:00,519 workspace-frappe-bench:default: frappe.utils.background_jobs.execute_job(event=None, is_async=True, job_name='frappe.core.doctype.scheduled_job_type.scheduled_job_type.run_scheduled_jo..., kwargs={'job_type': 'frappe.email.queue.flush', 'scheduled_job_type': 'gh00mvce03'..., method='frappe.core.doctype.scheduled_job_type.scheduled_job_type.run_scheduled_jo..., site='dev.localhost', user='Administrator') (dev.localhost::scheduled_job::gh00mvce03)
2025-02-05 15:44:00,907 workspace-frappe-bench:default: Job OK (dev.localhost::scheduled_job::gh00mvce03)
2025-02-05 15:44:00,908 Result is kept for 600 seconds
2025-02-05 15:44:00,915 workspace-frappe-bench:default: frappe.utils.background_jobs.execute_job(event=None, is_async=True, job_name='frappe.core.doctype.scheduled_job_type.scheduled_job_type.run_scheduled_jo..., kwargs={'job_type': 'frappe.monitor.flush', 'scheduled_job_type': 'gh0aujdlkv'}, method='frappe.core.doctype.scheduled_job_type.scheduled_job_type.run_scheduled_jo..., site='dev.localhost', user='Administrator') (dev.localhost::scheduled_job::gh0aujdlkv)
2025-02-05 15:44:01,124 workspace-frappe-bench:default: Job OK (dev.localhost::scheduled_job::gh0aujdlkv)
2025-02-05 15:44:01,124 Result is kept for 600 seconds
2025-02-05 15:44:01,130 workspace-frappe-bench:default: frappe.utils.background_jobs.execute_job(event=None, is_async=True, job_name='frappe.core.doctype.scheduled_job_type.scheduled_job_type.run_scheduled_jo..., kwargs={'job_type': 'create_custom_schedule_all', 'scheduled_job_type': '3kme7dd2u..., method='frappe.core.doctype.scheduled_job_type.scheduled_job_type.run_scheduled_jo..., site='dev.localhost', user='Administrator') (dev.localhost::scheduled_job::3kme7dd2ul)
2025-02-05 15:44:01,350 workspace-frappe-bench:default: Job OK (dev.localhost::scheduled_job::3kme7dd2ul)
2025-02-05 15:44:01,351 Result is kept for 600 seconds
2025-02-05 15:47:06,555 workspace-frappe-bench:default: frappe.utils.background_jobs.execute_job(event=None, is_async=True, job_name='frappe.core.doctype.user.user.create_contact', kwargs={'user': <User: doctype=User admin@admin.com>, 'ignore_mandatory': True}, method='frappe.core.doctype.user.user.create_contact', site='dev.localhost', user='Administrator') (dev.localhost::2aed0992-e8e2-4b26-947c-e0c2203382c0)
2025-02-05 15:47:07,097 workspace-frappe-bench:default: Job OK (dev.localhost::2aed0992-e8e2-4b26-947c-e0c2203382c0)
2025-02-05 15:47:07,098 Result is kept for 600 seconds
2025-02-05 15:47:07,105 Cleaning registries for queue: workspace-frappe-bench:short
2025-02-05 15:47:07,106 Cleaning registries for queue: workspace-frappe-bench:default
2025-02-05 15:47:07,107 Cleaning registries for queue: workspace-frappe-bench:long
2025-02-05 15:47:07,109 workspace-frappe-bench:default: frappe.utils.background_jobs.execute_job(event=None, is_async=True, job_name='frappe.core.doctype.user.user.update_gravatar', kwargs={'name': 'admin@admin.com'}, method='frappe.core.doctype.user.user.update_gravatar', site='dev.localhost', user='Administrator') (dev.localhost::ef26b361-425b-4b11-9f1f-8760414d4cbe)
2025-02-05 15:47:07,272 workspace-frappe-bench:default: Job OK (dev.localhost::ef26b361-425b-4b11-9f1f-8760414d4cbe)
2025-02-05 15:47:07,272 Result is kept for 600 seconds
2025-02-05 15:47:43,178 workspace-frappe-bench:default: frappe.utils.background_jobs.execute_job(event=None, is_async=True, job_name='frappe.core.doctype.user.user.create_contact', kwargs={'user': <User: doctype=User admin@admin.com>, 'ignore_mandatory': True}, method='frappe.core.doctype.user.user.create_contact', site='dev.localhost', user='Administrator') (dev.localhost::9b98f039-4dfc-4aba-8720-98b5a6923563)
2025-02-05 15:47:43,636 workspace-frappe-bench:default: Job OK (dev.localhost::9b98f039-4dfc-4aba-8720-98b5a6923563)
2025-02-05 15:47:43,636 Result is kept for 600 seconds
2025-02-05 15:47:43,644 workspace-frappe-bench:default: frappe.utils.background_jobs.execute_job(event=None, is_async=True, job_name='frappe.core.doctype.user.user.update_gravatar', kwargs={'name': 'admin@admin.com'}, method='frappe.core.doctype.user.user.update_gravatar', site='dev.localhost', user='Administrator') (dev.localhost::a872147d-8950-4e4b-841a-49373c2d7f0c)
2025-02-05 15:47:43,812 workspace-frappe-bench:default: Job OK (dev.localhost::a872147d-8950-4e4b-841a-49373c2d7f0c)
2025-02-05 15:47:43,812 Result is kept for 600 seconds
2025-02-05 15:48:00,772 workspace-frappe-bench:default: frappe.utils.background_jobs.execute_job(event=None, is_async=True, job_name='frappe.core.doctype.scheduled_job_type.scheduled_job_type.run_scheduled_jo..., kwargs={'job_type': 'create_custom_schedule_all', 'scheduled_job_type': '3kme7dd2u..., method='frappe.core.doctype.scheduled_job_type.scheduled_job_type.run_scheduled_jo..., site='dev.localhost', user='Administrator') (dev.localhost::scheduled_job::3kme7dd2ul)
2025-02-05 15:48:01,079 workspace-frappe-bench:default: Job OK (dev.localhost::scheduled_job::3kme7dd2ul)
2025-02-05 15:48:01,079 Result is kept for 600 seconds
2025-02-05 15:48:01,085 workspace-frappe-bench:default: frappe.utils.background_jobs.execute_job(event=None, is_async=True, job_name='frappe.core.doctype.scheduled_job_type.scheduled_job_type.run_scheduled_jo..., kwargs={'job_type': 'frappe.website.doctype.web_page.web_page.check_publish_status..., method='frappe.core.doctype.scheduled_job_type.scheduled_job_type.run_scheduled_jo..., site='dev.localhost', user='Administrator') (dev.localhost::scheduled_job::gh0f8so08k)
2025-02-05 15:48:01,448 workspace-frappe-bench:default: Job OK (dev.localhost::scheduled_job::gh0f8so08k)
2025-02-05 15:48:01,448 Result is kept for 600 seconds
2025-02-05 15:48:01,454 workspace-frappe-bench:default: frappe.utils.background_jobs.execute_job(event=None, is_async=True, job_name='frappe.core.doctype.scheduled_job_type.scheduled_job_type.run_scheduled_jo..., kwargs={'job_type': 'frappe.automation.doctype.reminder.reminder.send_reminders', ..., method='frappe.core.doctype.scheduled_job_type.scheduled_job_type.run_scheduled_jo..., site='dev.localhost', user='Administrator') (dev.localhost::scheduled_job::gh040jcecd)
2025-02-05 15:48:01,686 workspace-frappe-bench:default: Job OK (dev.localhost::scheduled_job::gh040jcecd)
2025-02-05 15:48:01,686 Result is kept for 600 seconds
2025-02-05 15:48:01,692 workspace-frappe-bench:default: frappe.utils.background_jobs.execute_job(event=None, is_async=True, job_name='frappe.core.doctype.scheduled_job_type.scheduled_job_type.run_scheduled_jo..., kwargs={'job_type': 'erpnext.manufacturing.doctype.bom_update_log.bom_update_log.r..., method='frappe.core.doctype.scheduled_job_type.scheduled_job_type.run_scheduled_jo..., site='dev.localhost', user='Administrator') (dev.localhost::scheduled_job::h8ag45pu0p)
2025-02-05 15:48:01,929 workspace-frappe-bench:default: Job OK (dev.localhost::scheduled_job::h8ag45pu0p)
2025-02-05 15:48:01,929 Result is kept for 600 seconds
2025-02-05 15:48:01,935 workspace-frappe-bench:default: frappe.utils.background_jobs.execute_job(event=None, is_async=True, job_name='frappe.core.doctype.scheduled_job_type.scheduled_job_type.run_scheduled_jo..., kwargs={'job_type': 'frappe.oauth.delete_oauth2_data', 'scheduled_job_type': 'gh0c..., method='frappe.core.doctype.scheduled_job_type.scheduled_job_type.run_scheduled_jo..., site='dev.localhost', user='Administrator') (dev.localhost::scheduled_job::gh0cqqi3u8)
2025-02-05 15:48:02,174 workspace-frappe-bench:default: Job OK (dev.localhost::scheduled_job::gh0cqqi3u8)
2025-02-05 15:48:02,174 Result is kept for 600 seconds
2025-02-05 15:48:02,180 workspace-frappe-bench:default: frappe.utils.background_jobs.execute_job(event=None, is_async=True, job_name='frappe.core.doctype.scheduled_job_type.scheduled_job_type.run_scheduled_jo..., kwargs={'job_type': 'frappe.twofactor.delete_all_barcodes_for_users', 'scheduled_j..., method='frappe.core.doctype.scheduled_job_type.scheduled_job_type.run_scheduled_jo..., site='dev.localhost', user='Administrator') (dev.localhost::scheduled_job::gh028ljaof)
2025-02-05 15:48:02,450 workspace-frappe-bench:default: Job OK (dev.localhost::scheduled_job::gh028ljaof)
2025-02-05 15:48:02,450 Result is kept for 600 seconds
2025-02-05 15:48:02,484 workspace-frappe-bench:default: frappe.utils.background_jobs.execute_job(event=None, is_async=True, job_name='frappe.core.doctype.scheduled_job_type.scheduled_job_type.run_scheduled_jo..., kwargs={'job_type': 'frappe.email.queue.flush', 'scheduled_job_type': 'gh00mvce03'..., method='frappe.core.doctype.scheduled_job_type.scheduled_job_type.run_scheduled_jo..., site='dev.localhost', user='Administrator') (dev.localhost::scheduled_job::gh00mvce03)
2025-02-05 15:48:02,835 workspace-frappe-bench:default: Job OK (dev.localhost::scheduled_job::gh00mvce03)
2025-02-05 15:48:02,835 Result is kept for 600 seconds
2025-02-05 15:48:02,842 workspace-frappe-bench:default: frappe.utils.background_jobs.execute_job(event=None, is_async=True, job_name='frappe.core.doctype.scheduled_job_type.scheduled_job_type.run_scheduled_jo..., kwargs={'job_type': 'frappe.utils.global_search.sync_global_search', 'scheduled_jo..., method='frappe.core.doctype.scheduled_job_type.scheduled_job_type.run_scheduled_jo..., site='dev.localhost', user='Administrator') (dev.localhost::scheduled_job::gh0729h6vd)
2025-02-05 15:48:03,064 workspace-frappe-bench:default: Job OK (dev.localhost::scheduled_job::gh0729h6vd)
2025-02-05 15:48:03,065 Result is kept for 600 seconds
2025-02-05 15:48:03,071 workspace-frappe-bench:default: frappe.utils.background_jobs.execute_job(event=None, is_async=True, job_name='frappe.core.doctype.scheduled_job_type.scheduled_job_type.run_scheduled_jo..., kwargs={'job_type': 'frappe.email.doctype.email_account.email_account.notify_unrep..., method='frappe.core.doctype.scheduled_job_type.scheduled_job_type.run_scheduled_jo..., site='dev.localhost', user='Administrator') (dev.localhost::scheduled_job::gh0mg9dg3j)
2025-02-05 15:48:03,292 workspace-frappe-bench:default: Job OK (dev.localhost::scheduled_job::gh0mg9dg3j)
2025-02-05 15:48:03,292 Result is kept for 600 seconds
2025-02-05 15:48:03,299 workspace-frappe-bench:default: frappe.utils.background_jobs.execute_job(event=None, is_async=True, job_name='frappe.core.doctype.scheduled_job_type.scheduled_job_type.run_scheduled_jo..., kwargs={'job_type': 'frappe.email.doctype.notification.notification.trigger_offset..., method='frappe.core.doctype.scheduled_job_type.scheduled_job_type.run_scheduled_jo..., site='dev.localhost', user='Administrator') (dev.localhost::scheduled_job::gh07vsicua)
2025-02-05 15:48:03,514 workspace-frappe-bench:default: Job OK (dev.localhost::scheduled_job::gh07vsicua)
2025-02-05 15:48:03,514 Result is kept for 600 seconds
2025-02-05 15:48:03,520 workspace-frappe-bench:default: frappe.utils.background_jobs.execute_job(event=None, is_async=True, job_name='frappe.core.doctype.scheduled_job_type.scheduled_job_type.run_scheduled_jo..., kwargs={'job_type': 'frappe.deferred_insert.save_to_db', 'scheduled_job_type': 'gh..., method='frappe.core.doctype.scheduled_job_type.scheduled_job_type.run_scheduled_jo..., site='dev.localhost', user='Administrator') (dev.localhost::scheduled_job::gh0bgqksqs)
2025-02-05 15:48:03,886 workspace-frappe-bench:default: Job OK (dev.localhost::scheduled_job::gh0bgqksqs)
2025-02-05 15:48:03,886 Result is kept for 600 seconds
2025-02-05 15:48:03,892 workspace-frappe-bench:default: frappe.utils.background_jobs.execute_job(event=None, is_async=True, job_name='frappe.core.doctype.scheduled_job_type.scheduled_job_type.run_scheduled_jo..., kwargs={'job_type': 'frappe.monitor.flush', 'scheduled_job_type': 'gh0aujdlkv'}, method='frappe.core.doctype.scheduled_job_type.scheduled_job_type.run_scheduled_jo..., site='dev.localhost', user='Administrator') (dev.localhost::scheduled_job::gh0aujdlkv)
2025-02-05 15:48:04,109 workspace-frappe-bench:default: Job OK (dev.localhost::scheduled_job::gh0aujdlkv)
2025-02-05 15:48:04,109 Result is kept for 600 seconds
2025-02-05 15:49:13,155 Worker a707026762fc4026b5e46d41e27632a3 [PID 3339]: warm shut down requested
2025-02-05 15:49:13,162 Unsubscribing from channel rq:pubsub:a707026762fc4026b5e46d41e27632a3
2025-02-06 01:36:40,881 Worker rq:worker:3f636362693748d99bcfdcd50a575f34 started with PID 3077, version 1.16.2
2025-02-06 01:36:41,800 Subscribing to channel rq:pubsub:3f636362693748d99bcfdcd50a575f34
2025-02-06 01:36:41,872 *** Listening on workspace-frappe-bench:short, workspace-frappe-bench:default, workspace-frappe-bench:long...
2025-02-06 01:36:41,875 Cleaning registries for queue: workspace-frappe-bench:short
2025-02-06 01:36:41,877 Cleaning registries for queue: workspace-frappe-bench:default
2025-02-06 01:36:41,887 Cleaning registries for queue: workspace-frappe-bench:long
2025-02-06 01:37:24,503 Worker 3f636362693748d99bcfdcd50a575f34 [PID 3077]: warm shut down requested
2025-02-06 01:37:24,513 Unsubscribing from channel rq:pubsub:3f636362693748d99bcfdcd50a575f34
2025-02-06 01:37:37,813 Worker rq:worker:d4ab5d73560d4b4db45c61ac4a55993e started with PID 4337, version 1.16.2
2025-02-06 01:37:37,813 Subscribing to channel rq:pubsub:d4ab5d73560d4b4db45c61ac4a55993e
2025-02-06 01:37:37,845 *** Listening on workspace-frappe-bench:short, workspace-frappe-bench:default, workspace-frappe-bench:long...
2025-02-06 01:37:37,856 Cleaning registries for queue: workspace-frappe-bench:short
2025-02-06 01:37:37,883 Cleaning registries for queue: workspace-frappe-bench:default
2025-02-06 01:37:37,885 Cleaning registries for queue: workspace-frappe-bench:long
2025-02-06 01:38:52,475 Worker d4ab5d73560d4b4db45c61ac4a55993e [PID 4337]: warm shut down requested
2025-02-06 01:38:52,482 Unsubscribing from channel rq:pubsub:d4ab5d73560d4b4db45c61ac4a55993e
2025-02-06 01:42:04,813 Worker rq:worker:117c98933c1349c6b5f16e1d4f5fce90 started with PID 2006, version 1.16.2
2025-02-06 01:42:04,852 Subscribing to channel rq:pubsub:117c98933c1349c6b5f16e1d4f5fce90
2025-02-06 01:42:05,101 *** Listening on workspace-frappe-bench:short, workspace-frappe-bench:default, workspace-frappe-bench:long...
2025-02-06 01:42:05,132 Cleaning registries for queue: workspace-frappe-bench:short
2025-02-06 01:42:05,156 Cleaning registries for queue: workspace-frappe-bench:default
2025-02-06 01:42:05,231 Cleaning registries for queue: workspace-frappe-bench:long
2025-02-06 01:44:00,083 workspace-frappe-bench:default: frappe.utils.background_jobs.execute_job(event=None, is_async=True, job_name='frappe.core.doctype.scheduled_job_type.scheduled_job_type.run_scheduled_jo..., kwargs={'job_type': 'erpnext.accounts.doctype.process_statement_of_accounts.proces..., method='frappe.core.doctype.scheduled_job_type.scheduled_job_type.run_scheduled_jo..., site='dev.localhost', user='Administrator') (dev.localhost::scheduled_job::h8blt0b91e)
2025-02-06 01:44:02,463 workspace-frappe-bench:default: Job OK (dev.localhost::scheduled_job::h8blt0b91e)
2025-02-06 01:44:02,463 Result is kept for 600 seconds
2025-02-06 01:44:02,486 workspace-frappe-bench:default: frappe.utils.background_jobs.execute_job(event=None, is_async=True, job_name='frappe.core.doctype.scheduled_job_type.scheduled_job_type.run_scheduled_jo..., kwargs={'job_type': 'frappe.core.doctype.prepared_report.prepared_report.expire_st..., method='frappe.core.doctype.scheduled_job_type.scheduled_job_type.run_scheduled_jo..., site='dev.localhost', user='Administrator') (dev.localhost::scheduled_job::gh0ot36haq)
2025-02-06 01:44:03,032 workspace-frappe-bench:default: Job OK (dev.localhost::scheduled_job::gh0ot36haq)
2025-02-06 01:44:03,032 Result is kept for 600 seconds
2025-02-06 01:44:03,039 workspace-frappe-bench:default: frappe.utils.background_jobs.execute_job(event=None, is_async=True, job_name='frappe.core.doctype.scheduled_job_type.scheduled_job_type.run_scheduled_jo..., kwargs={'job_type': 'erpnext.crm.doctype.email_campaign.email_campaign.set_email_c..., method='frappe.core.doctype.scheduled_job_type.scheduled_job_type.run_scheduled_jo..., site='dev.localhost', user='Administrator') (dev.localhost::scheduled_job::h8bu17bugr)
2025-02-06 01:44:03,804 workspace-frappe-bench:default: Job OK (dev.localhost::scheduled_job::h8bu17bugr)
2025-02-06 01:44:03,804 Result is kept for 600 seconds
2025-02-06 01:44:03,817 workspace-frappe-bench:default: frappe.utils.background_jobs.execute_job(event=None, is_async=True, job_name='frappe.core.doctype.scheduled_job_type.scheduled_job_type.run_scheduled_jo..., kwargs={'job_type': 'frappe.integrations.doctype.google_calendar.google_calendar.s..., method='frappe.core.doctype.scheduled_job_type.scheduled_job_type.run_scheduled_jo..., site='dev.localhost', user='Administrator') (dev.localhost::scheduled_job::gh03v1fbt6)
2025-02-06 01:44:06,040 workspace-frappe-bench:default: Job OK (dev.localhost::scheduled_job::gh03v1fbt6)
2025-02-06 01:44:06,040 Result is kept for 600 seconds
2025-02-06 01:44:06,051 workspace-frappe-bench:default: frappe.utils.background_jobs.execute_job(event=None, is_async=True, job_name='frappe.core.doctype.scheduled_job_type.scheduled_job_type.run_scheduled_jo..., kwargs={'job_type': 'erpnext.assets.doctype.asset.asset.update_maintenance_status'..., method='frappe.core.doctype.scheduled_job_type.scheduled_job_type.run_scheduled_jo..., site='dev.localhost', user='Administrator') (dev.localhost::scheduled_job::h8bq3q11da)
2025-02-06 01:44:06,557 workspace-frappe-bench:default: Job OK (dev.localhost::scheduled_job::h8bq3q11da)
2025-02-06 01:44:06,557 Result is kept for 600 seconds
2025-02-06 01:44:06,563 workspace-frappe-bench:default: frappe.utils.background_jobs.execute_job(event=None, is_async=True, job_name='frappe.core.doctype.scheduled_job_type.scheduled_job_type.run_scheduled_jo..., kwargs={'job_type': 'frappe.utils.global_search.sync_global_search', 'scheduled_jo..., method='frappe.core.doctype.scheduled_job_type.scheduled_job_type.run_scheduled_jo..., site='dev.localhost', user='Administrator') (dev.localhost::scheduled_job::gh0729h6vd)
2025-02-06 01:44:06,856 workspace-frappe-bench:default: Job OK (dev.localhost::scheduled_job::gh0729h6vd)
2025-02-06 01:44:06,857 Result is kept for 600 seconds
2025-02-06 01:44:06,878 workspace-frappe-bench:default: frappe.utils.background_jobs.execute_job(event=None, is_async=True, job_name='frappe.core.doctype.scheduled_job_type.scheduled_job_type.run_scheduled_jo..., kwargs={'job_type': 'create_custom_schedule_all', 'scheduled_job_type': '3kme7dd2u..., method='frappe.core.doctype.scheduled_job_type.scheduled_job_type.run_scheduled_jo..., site='dev.localhost', user='Administrator') (dev.localhost::scheduled_job::3kme7dd2ul)
2025-02-06 01:44:07,139 workspace-frappe-bench:default: Job OK (dev.localhost::scheduled_job::3kme7dd2ul)
2025-02-06 01:44:07,139 Result is kept for 600 seconds
2025-02-06 01:44:07,145 workspace-frappe-bench:default: frappe.utils.background_jobs.execute_job(event=None, is_async=True, job_name='frappe.core.doctype.scheduled_job_type.scheduled_job_type.run_scheduled_jo..., kwargs={'job_type': 'frappe.email.doctype.email_account.email_account.notify_unrep..., method='frappe.core.doctype.scheduled_job_type.scheduled_job_type.run_scheduled_jo..., site='dev.localhost', user='Administrator') (dev.localhost::scheduled_job::gh0mg9dg3j)
2025-02-06 01:44:08,210 workspace-frappe-bench:default: Job OK (dev.localhost::scheduled_job::gh0mg9dg3j)
2025-02-06 01:44:08,211 Result is kept for 600 seconds
2025-02-06 01:44:08,221 workspace-frappe-bench:default: frappe.utils.background_jobs.execute_job(event=None, is_async=True, job_name='frappe.core.doctype.scheduled_job_type.scheduled_job_type.run_scheduled_jo..., kwargs={'job_type': 'frappe.website.doctype.personal_data_deletion_request.persona..., method='frappe.core.doctype.scheduled_job_type.scheduled_job_type.run_scheduled_jo..., site='dev.localhost', user='Administrator') (dev.localhost::scheduled_job::gh0avp4j2n)
2025-02-06 01:44:08,678 workspace-frappe-bench:default: Job OK (dev.localhost::scheduled_job::gh0avp4j2n)
2025-02-06 01:44:08,679 Result is kept for 600 seconds
2025-02-06 01:44:08,686 workspace-frappe-bench:default: frappe.utils.background_jobs.execute_job(event=None, is_async=True, job_name='frappe.core.doctype.scheduled_job_type.scheduled_job_type.run_scheduled_jo..., kwargs={'job_type': 'frappe.deferred_insert.save_to_db', 'scheduled_job_type': 'gh..., method='frappe.core.doctype.scheduled_job_type.scheduled_job_type.run_scheduled_jo..., site='dev.localhost', user='Administrator') (dev.localhost::scheduled_job::gh0bgqksqs)
2025-02-06 01:44:09,258 workspace-frappe-bench:default: Job OK (dev.localhost::scheduled_job::gh0bgqksqs)
2025-02-06 01:44:09,258 Result is kept for 600 seconds
2025-02-06 01:44:09,265 workspace-frappe-bench:default: frappe.utils.background_jobs.execute_job(event=None, is_async=True, job_name='frappe.core.doctype.scheduled_job_type.scheduled_job_type.run_scheduled_jo..., kwargs={'job_type': 'frappe.email.doctype.newsletter.newsletter.send_scheduled_ema..., method='frappe.core.doctype.scheduled_job_type.scheduled_job_type.run_scheduled_jo..., site='dev.localhost', user='Administrator') (dev.localhost::scheduled_job::gh06jvuf2j)
2025-02-06 01:44:09,732 workspace-frappe-bench:default: Job OK (dev.localhost::scheduled_job::gh06jvuf2j)
2025-02-06 01:44:09,732 Result is kept for 600 seconds
2025-02-06 01:44:09,748 workspace-frappe-bench:default: frappe.utils.background_jobs.execute_job(event=None, is_async=True, job_name='frappe.core.doctype.scheduled_job_type.scheduled_job_type.run_scheduled_jo..., kwargs={'job_type': 'erpnext.controllers.accounts_controller.update_invoice_status..., method='frappe.core.doctype.scheduled_job_type.scheduled_job_type.run_scheduled_jo..., site='dev.localhost', user='Administrator') (dev.localhost::scheduled_job::h8bkkrah91)
2025-02-06 01:44:10,378 workspace-frappe-bench:default: Job OK (dev.localhost::scheduled_job::h8bkkrah91)
2025-02-06 01:44:10,379 Result is kept for 600 seconds
2025-02-06 01:44:10,390 workspace-frappe-bench:default: frappe.utils.background_jobs.execute_job(event=None, is_async=True, job_name='frappe.core.doctype.scheduled_job_type.scheduled_job_type.run_scheduled_jo..., kwargs={'job_type': 'erpnext.support.doctype.issue.issue.auto_close_tickets', 'sch..., method='frappe.core.doctype.scheduled_job_type.scheduled_job_type.run_scheduled_jo..., site='dev.localhost', user='Administrator') (dev.localhost::scheduled_job::h8bvsc69ad)
2025-02-06 01:44:10,797 workspace-frappe-bench:default: Job OK (dev.localhost::scheduled_job::h8bvsc69ad)
2025-02-06 01:44:10,797 Result is kept for 600 seconds
2025-02-06 01:44:10,809 workspace-frappe-bench:default: frappe.utils.background_jobs.execute_job(event=None, is_async=True, job_name='frappe.core.doctype.scheduled_job_type.scheduled_job_type.run_scheduled_jo..., kwargs={'job_type': 'erpnext.quality_management.doctype.quality_review.quality_rev..., method='frappe.core.doctype.scheduled_job_type.scheduled_job_type.run_scheduled_jo..., site='dev.localhost', user='Administrator') (dev.localhost::scheduled_job::h8bp9j1j03)
2025-02-06 01:44:11,225 workspace-frappe-bench:default: Job OK (dev.localhost::scheduled_job::h8bp9j1j03)
2025-02-06 01:44:11,225 Result is kept for 600 seconds
2025-02-06 01:44:11,231 workspace-frappe-bench:default: frappe.utils.background_jobs.execute_job(event=None, is_async=True, job_name='frappe.core.doctype.scheduled_job_type.scheduled_job_type.run_scheduled_jo..., kwargs={'job_type': 'erpnext.projects.doctype.project.project.collect_project_stat..., method='frappe.core.doctype.scheduled_job_type.scheduled_job_type.run_scheduled_jo..., site='dev.localhost', user='Administrator') (dev.localhost::scheduled_job::h8booulqbu)
2025-02-06 01:44:11,675 workspace-frappe-bench:default: Job OK (dev.localhost::scheduled_job::h8booulqbu)
2025-02-06 01:44:11,676 Result is kept for 600 seconds
2025-02-06 01:44:11,682 workspace-frappe-bench:default: frappe.utils.background_jobs.execute_job(event=None, is_async=True, job_name='frappe.core.doctype.scheduled_job_type.scheduled_job_type.run_scheduled_jo..., kwargs={'job_type': 'frappe.twofactor.delete_all_barcodes_for_users', 'scheduled_j..., method='frappe.core.doctype.scheduled_job_type.scheduled_job_type.run_scheduled_jo..., site='dev.localhost', user='Administrator') (dev.localhost::scheduled_job::gh028ljaof)
2025-02-06 01:44:12,046 workspace-frappe-bench:default: Job OK (dev.localhost::scheduled_job::gh028ljaof)
2025-02-06 01:44:12,047 Result is kept for 600 seconds
2025-02-06 01:44:12,061 workspace-frappe-bench:default: frappe.utils.background_jobs.execute_job(event=None, is_async=True, job_name='frappe.core.doctype.scheduled_job_type.scheduled_job_type.run_scheduled_jo..., kwargs={'job_type': 'erpnext.utilities.doctype.video.video.update_youtube_data', '..., method='frappe.core.doctype.scheduled_job_type.scheduled_job_type.run_scheduled_jo..., site='dev.localhost', user='Administrator') (dev.localhost::scheduled_job::h8bn927msj)
2025-02-06 01:44:12,996 workspace-frappe-bench:default: Job OK (dev.localhost::scheduled_job::h8bn927msj)
2025-02-06 01:44:12,996 Result is kept for 600 seconds
2025-02-06 01:44:13,010 workspace-frappe-bench:default: frappe.utils.background_jobs.execute_job(event=None, is_async=True, job_name='frappe.core.doctype.scheduled_job_type.scheduled_job_type.run_scheduled_jo..., kwargs={'job_type': 'erpnext.buying.doctype.supplier_quotation.supplier_quotation...., method='frappe.core.doctype.scheduled_job_type.scheduled_job_type.run_scheduled_jo..., site='dev.localhost', user='Administrator') (dev.localhost::scheduled_job::h8b3dfsg8u)
2025-02-06 01:44:13,594 workspace-frappe-bench:default: Job OK (dev.localhost::scheduled_job::h8b3dfsg8u)
2025-02-06 01:44:13,594 Result is kept for 600 seconds
2025-02-06 01:44:13,602 workspace-frappe-bench:default: frappe.utils.background_jobs.execute_job(event=None, is_async=True, job_name='frappe.core.doctype.scheduled_job_type.scheduled_job_type.run_scheduled_jo..., kwargs={'job_type': 'frappe.automation.doctype.auto_repeat.auto_repeat.set_auto_re..., method='frappe.core.doctype.scheduled_job_type.scheduled_job_type.run_scheduled_jo..., site='dev.localhost', user='Administrator') (dev.localhost::scheduled_job::gh1nbuge9l)
2025-02-06 01:44:20,180 workspace-frappe-bench:default: Job OK (dev.localhost::scheduled_job::gh1nbuge9l)
2025-02-06 01:44:20,180 Result is kept for 600 seconds
2025-02-06 01:44:20,187 workspace-frappe-bench:default: frappe.utils.background_jobs.execute_job(event=None, is_async=True, job_name='frappe.core.doctype.scheduled_job_type.scheduled_job_type.run_scheduled_jo..., kwargs={'job_type': 'frappe.monitor.flush', 'scheduled_job_type': 'gh0aujdlkv'}, method='frappe.core.doctype.scheduled_job_type.scheduled_job_type.run_scheduled_jo..., site='dev.localhost', user='Administrator') (dev.localhost::scheduled_job::gh0aujdlkv)
2025-02-06 01:44:20,508 workspace-frappe-bench:default: Job OK (dev.localhost::scheduled_job::gh0aujdlkv)
2025-02-06 01:44:20,508 Result is kept for 600 seconds
2025-02-06 01:44:20,514 workspace-frappe-bench:default: frappe.utils.background_jobs.execute_job(event=None, is_async=True, job_name='frappe.core.doctype.scheduled_job_type.scheduled_job_type.run_scheduled_jo..., kwargs={'job_type': 'frappe.model.utils.user_settings.sync_user_settings', 'schedu..., method='frappe.core.doctype.scheduled_job_type.scheduled_job_type.run_scheduled_jo..., site='dev.localhost', user='Administrator') (dev.localhost::scheduled_job::gh0u188jge)
2025-02-06 01:44:21,680 workspace-frappe-bench:default: Job OK (dev.localhost::scheduled_job::gh0u188jge)
2025-02-06 01:44:21,680 Result is kept for 600 seconds
2025-02-06 01:44:21,695 workspace-frappe-bench:default: frappe.utils.background_jobs.execute_job(event=None, is_async=True, job_name='frappe.core.doctype.scheduled_job_type.scheduled_job_type.run_scheduled_jo..., kwargs={'job_type': 'frappe.automation.doctype.auto_repeat.auto_repeat.make_auto_r..., method='frappe.core.doctype.scheduled_job_type.scheduled_job_type.run_scheduled_jo..., site='dev.localhost', user='Administrator') (dev.localhost::scheduled_job::gh1v0i9dqu)
2025-02-06 01:44:22,318 workspace-frappe-bench:default: Job OK (dev.localhost::scheduled_job::gh1v0i9dqu)
2025-02-06 01:44:22,319 Result is kept for 600 seconds
2025-02-06 01:44:22,330 workspace-frappe-bench:default: frappe.utils.background_jobs.execute_job(event=None, is_async=True, job_name='frappe.core.doctype.scheduled_job_type.scheduled_job_type.run_scheduled_jo..., kwargs={'job_type': 'frappe.integrations.doctype.google_contacts.google_contacts.s..., method='frappe.core.doctype.scheduled_job_type.scheduled_job_type.run_scheduled_jo..., site='dev.localhost', user='Administrator') (dev.localhost::scheduled_job::gh1ujg6ssa)
2025-02-06 01:44:23,472 workspace-frappe-bench:default: Job OK (dev.localhost::scheduled_job::gh1ujg6ssa)
2025-02-06 01:44:23,472 Result is kept for 600 seconds
2025-02-06 01:44:23,497 workspace-frappe-bench:default: frappe.utils.background_jobs.execute_job(event=None, is_async=True, job_name='frappe.core.doctype.scheduled_job_type.scheduled_job_type.run_scheduled_jo..., kwargs={'job_type': 'erpnext.buying.doctype.supplier_scorecard.supplier_scorecard...., method='frappe.core.doctype.scheduled_job_type.scheduled_job_type.run_scheduled_jo..., site='dev.localhost', user='Administrator') (dev.localhost::scheduled_job::h8bu0eafgi)
2025-02-06 01:44:24,080 workspace-frappe-bench:default: Job OK (dev.localhost::scheduled_job::h8bu0eafgi)
2025-02-06 01:44:24,080 Result is kept for 600 seconds
2025-02-06 01:44:24,096 workspace-frappe-bench:default: frappe.utils.background_jobs.execute_job(event=None, is_async=True, job_name='frappe.core.doctype.scheduled_job_type.scheduled_job_type.run_scheduled_jo..., kwargs={'job_type': 'erpnext.accounts.utils.run_ledger_health_checks', 'scheduled_..., method='frappe.core.doctype.scheduled_job_type.scheduled_job_type.run_scheduled_jo..., site='dev.localhost', user='Administrator') (dev.localhost::scheduled_job::h8bporoi51)
2025-02-06 01:44:24,911 workspace-frappe-bench:default: Job OK (dev.localhost::scheduled_job::h8bporoi51)
2025-02-06 01:44:24,911 Result is kept for 600 seconds
2025-02-06 01:44:24,921 workspace-frappe-bench:default: frappe.utils.background_jobs.execute_job(event=None, is_async=True, job_name='frappe.core.doctype.scheduled_job_type.scheduled_job_type.run_scheduled_jo..., kwargs={'job_type': 'frappe.website.doctype.personal_data_deletion_request.persona..., method='frappe.core.doctype.scheduled_job_type.scheduled_job_type.run_scheduled_jo..., site='dev.localhost', user='Administrator') (dev.localhost::scheduled_job::gh1c43nj5q)
2025-02-06 01:44:25,425 workspace-frappe-bench:default: Job OK (dev.localhost::scheduled_job::gh1c43nj5q)
2025-02-06 01:44:25,425 Result is kept for 600 seconds
2025-02-06 01:44:25,434 workspace-frappe-bench:default: frappe.utils.background_jobs.execute_job(event=None, is_async=True, job_name='frappe.core.doctype.scheduled_job_type.scheduled_job_type.run_scheduled_jo..., kwargs={'job_type': 'frappe.email.doctype.notification.notification.trigger_daily_..., method='frappe.core.doctype.scheduled_job_type.scheduled_job_type.run_scheduled_jo..., site='dev.localhost', user='Administrator') (dev.localhost::scheduled_job::gh15mig34i)
2025-02-06 01:44:25,824 workspace-frappe-bench:default: Job OK (dev.localhost::scheduled_job::gh15mig34i)
2025-02-06 01:44:25,825 Result is kept for 600 seconds
2025-02-06 01:44:25,832 workspace-frappe-bench:default: frappe.utils.background_jobs.execute_job(event=None, is_async=True, job_name='frappe.core.doctype.scheduled_job_type.scheduled_job_type.run_scheduled_jo..., kwargs={'job_type': 'frappe.email.doctype.notification.notification.trigger_offset..., method='frappe.core.doctype.scheduled_job_type.scheduled_job_type.run_scheduled_jo..., site='dev.localhost', user='Administrator') (dev.localhost::scheduled_job::gh07vsicua)
2025-02-06 01:44:26,158 workspace-frappe-bench:default: Job OK (dev.localhost::scheduled_job::gh07vsicua)
2025-02-06 01:44:26,158 Result is kept for 600 seconds
2025-02-06 01:44:26,166 workspace-frappe-bench:default: frappe.utils.background_jobs.execute_job(event=None, is_async=True, job_name='frappe.core.doctype.scheduled_job_type.scheduled_job_type.run_scheduled_jo..., kwargs={'job_type': 'erpnext.projects.doctype.task.task.set_tasks_as_overdue', 'sc..., method='frappe.core.doctype.scheduled_job_type.scheduled_job_type.run_scheduled_jo..., site='dev.localhost', user='Administrator') (dev.localhost::scheduled_job::h8bnl4l50f)
2025-02-06 01:44:27,049 workspace-frappe-bench:default: Job OK (dev.localhost::scheduled_job::h8bnl4l50f)
2025-02-06 01:44:27,049 Result is kept for 600 seconds
2025-02-06 01:44:27,056 workspace-frappe-bench:default: frappe.utils.background_jobs.execute_job(event=None, is_async=True, job_name='frappe.core.doctype.scheduled_job_type.scheduled_job_type.run_scheduled_jo..., kwargs={'job_type': 'frappe.desk.notifications.clear_notifications', 'scheduled_jo..., method='frappe.core.doctype.scheduled_job_type.scheduled_job_type.run_scheduled_jo..., site='dev.localhost', user='Administrator') (dev.localhost::scheduled_job::gh04evm2eq)
2025-02-06 01:44:27,500 workspace-frappe-bench:default: Job OK (dev.localhost::scheduled_job::gh04evm2eq)
2025-02-06 01:44:27,500 Result is kept for 600 seconds
2025-02-06 01:44:27,507 workspace-frappe-bench:default: frappe.utils.background_jobs.execute_job(event=None, is_async=True, job_name='frappe.core.doctype.scheduled_job_type.scheduled_job_type.run_scheduled_jo..., kwargs={'job_type': 'frappe.desk.page.backups.backups.delete_downloadable_backups'..., method='frappe.core.doctype.scheduled_job_type.scheduled_job_type.run_scheduled_jo..., site='dev.localhost', user='Administrator') (dev.localhost::scheduled_job::gh0ng053v2)
2025-02-06 01:44:27,969 workspace-frappe-bench:default: Job OK (dev.localhost::scheduled_job::gh0ng053v2)
2025-02-06 01:44:27,969 Result is kept for 600 seconds
2025-02-06 01:44:27,976 workspace-frappe-bench:default: frappe.utils.background_jobs.execute_job(event=None, is_async=True, job_name='frappe.core.doctype.scheduled_job_type.scheduled_job_type.run_scheduled_jo..., kwargs={'job_type': 'erpnext.projects.doctype.project.project.update_project_sales..., method='frappe.core.doctype.scheduled_job_type.scheduled_job_type.run_scheduled_jo..., site='dev.localhost', user='Administrator') (dev.localhost::scheduled_job::h8b89cf4jq)
2025-02-06 01:44:28,322 workspace-frappe-bench:default: Job OK (dev.localhost::scheduled_job::h8b89cf4jq)
2025-02-06 01:44:28,322 Result is kept for 600 seconds
2025-02-06 01:44:28,332 workspace-frappe-bench:default: frappe.utils.background_jobs.execute_job(event=None, is_async=True, job_name='frappe.core.doctype.scheduled_job_type.scheduled_job_type.run_scheduled_jo..., kwargs={'job_type': 'frappe.desk.form.document_follow.send_hourly_updates', 'sched..., method='frappe.core.doctype.scheduled_job_type.scheduled_job_type.run_scheduled_jo..., site='dev.localhost', user='Administrator') (dev.localhost::scheduled_job::gh0j4hkguk)
2025-02-06 01:44:28,682 workspace-frappe-bench:default: Job OK (dev.localhost::scheduled_job::gh0j4hkguk)
2025-02-06 01:44:28,682 Result is kept for 600 seconds
2025-02-06 01:44:28,690 workspace-frappe-bench:default: frappe.utils.background_jobs.execute_job(event=None, is_async=True, job_name='frappe.core.doctype.scheduled_job_type.scheduled_job_type.run_scheduled_jo..., kwargs={'job_type': 'frappe.automation.doctype.reminder.reminder.send_reminders', ..., method='frappe.core.doctype.scheduled_job_type.scheduled_job_type.run_scheduled_jo..., site='dev.localhost', user='Administrator') (dev.localhost::scheduled_job::gh040jcecd)
2025-02-06 01:44:29,834 workspace-frappe-bench:default: Job OK (dev.localhost::scheduled_job::gh040jcecd)
2025-02-06 01:44:29,835 Result is kept for 600 seconds
2025-02-06 01:44:29,872 workspace-frappe-bench:default: frappe.utils.background_jobs.execute_job(event=None, is_async=True, job_name='frappe.core.doctype.scheduled_job_type.scheduled_job_type.run_scheduled_jo..., kwargs={'job_type': 'erpnext.selling.doctype.quotation.quotation.set_expired_statu..., method='frappe.core.doctype.scheduled_job_type.scheduled_job_type.run_scheduled_jo..., site='dev.localhost', user='Administrator') (dev.localhost::scheduled_job::h8bjdkes3e)
2025-02-06 01:44:30,818 workspace-frappe-bench:default: Job OK (dev.localhost::scheduled_job::h8bjdkes3e)
2025-02-06 01:44:30,818 Result is kept for 600 seconds
2025-02-06 01:44:30,829 workspace-frappe-bench:default: frappe.utils.background_jobs.execute_job(event=None, is_async=True, job_name='frappe.core.doctype.scheduled_job_type.scheduled_job_type.run_scheduled_jo..., kwargs={'job_type': 'erpnext.stock.doctype.serial_no.serial_no.update_maintenance_..., method='frappe.core.doctype.scheduled_job_type.scheduled_job_type.run_scheduled_jo..., site='dev.localhost', user='Administrator') (dev.localhost::scheduled_job::h8b1od3fsc)
2025-02-06 01:44:31,729 workspace-frappe-bench:default: Job OK (dev.localhost::scheduled_job::h8b1od3fsc)
2025-02-06 01:44:31,730 Result is kept for 600 seconds
2025-02-06 01:44:31,776 workspace-frappe-bench:default: frappe.utils.background_jobs.execute_job(event=None, is_async=True, job_name='frappe.core.doctype.scheduled_job_type.scheduled_job_type.run_scheduled_jo..., kwargs={'job_type': 'frappe.desk.form.document_follow.send_daily_updates', 'schedu..., method='frappe.core.doctype.scheduled_job_type.scheduled_job_type.run_scheduled_jo..., site='dev.localhost', user='Administrator') (dev.localhost::scheduled_job::gh1mrt2u7j)
2025-02-06 01:44:32,493 workspace-frappe-bench:default: Job OK (dev.localhost::scheduled_job::gh1mrt2u7j)
2025-02-06 01:44:32,493 Result is kept for 600 seconds
2025-02-06 01:44:32,503 workspace-frappe-bench:default: frappe.utils.background_jobs.execute_job(event=None, is_async=True, job_name='frappe.core.doctype.scheduled_job_type.scheduled_job_type.run_scheduled_jo..., kwargs={'job_type': 'erpnext.crm.doctype.contract.contract.update_status_for_contr..., method='frappe.core.doctype.scheduled_job_type.scheduled_job_type.run_scheduled_jo..., site='dev.localhost', user='Administrator') (dev.localhost::scheduled_job::h8bvq8qh0n)
2025-02-06 01:44:32,984 workspace-frappe-bench:default: Job OK (dev.localhost::scheduled_job::h8bvq8qh0n)
2025-02-06 01:44:32,984 Result is kept for 600 seconds
2025-02-06 01:44:32,993 workspace-frappe-bench:default: frappe.utils.background_jobs.execute_job(event=None, is_async=True, job_name='frappe.core.doctype.scheduled_job_type.scheduled_job_type.run_scheduled_jo..., kwargs={'job_type': 'frappe.email.queue.flush', 'scheduled_job_type': 'gh00mvce03'..., method='frappe.core.doctype.scheduled_job_type.scheduled_job_type.run_scheduled_jo..., site='dev.localhost', user='Administrator') (dev.localhost::scheduled_job::gh00mvce03)
2025-02-06 01:44:33,444 workspace-frappe-bench:default: Job OK (dev.localhost::scheduled_job::gh00mvce03)
2025-02-06 01:44:33,444 Result is kept for 600 seconds
2025-02-06 01:44:33,452 workspace-frappe-bench:default: frappe.utils.background_jobs.execute_job(event=None, is_async=True, job_name='frappe.core.doctype.scheduled_job_type.scheduled_job_type.run_scheduled_jo..., kwargs={'job_type': 'erpnext.projects.doctype.project.project.hourly_reminder', 's..., method='frappe.core.doctype.scheduled_job_type.scheduled_job_type.run_scheduled_jo..., site='dev.localhost', user='Administrator') (dev.localhost::scheduled_job::h8bv7nrbkn)
2025-02-06 01:44:34,173 workspace-frappe-bench:default: Job OK (dev.localhost::scheduled_job::h8bv7nrbkn)
2025-02-06 01:44:34,173 Result is kept for 600 seconds
2025-02-06 01:44:34,179 workspace-frappe-bench:default: frappe.utils.background_jobs.execute_job(event=None, is_async=True, job_name='frappe.core.doctype.scheduled_job_type.scheduled_job_type.run_scheduled_jo..., kwargs={'job_type': 'erpnext.crm.doctype.email_campaign.email_campaign.send_email_..., method='frappe.core.doctype.scheduled_job_type.scheduled_job_type.run_scheduled_jo..., site='dev.localhost', user='Administrator') (dev.localhost::scheduled_job::h8bb7abcma)
2025-02-06 01:44:34,678 workspace-frappe-bench:default: Job OK (dev.localhost::scheduled_job::h8bb7abcma)
2025-02-06 01:44:34,678 Result is kept for 600 seconds
2025-02-06 01:44:34,686 workspace-frappe-bench:default: frappe.utils.background_jobs.execute_job(event=None, is_async=True, job_name='frappe.core.doctype.scheduled_job_type.scheduled_job_type.run_scheduled_jo..., kwargs={'job_type': 'erpnext.erpnext_integrations.doctype.plaid_settings.plaid_set..., method='frappe.core.doctype.scheduled_job_type.scheduled_job_type.run_scheduled_jo..., site='dev.localhost', user='Administrator') (dev.localhost::scheduled_job::h8b151fufq)
2025-02-06 01:44:35,392 workspace-frappe-bench:default: Job OK (dev.localhost::scheduled_job::h8b151fufq)
2025-02-06 01:44:35,392 Result is kept for 600 seconds
2025-02-06 01:44:35,409 workspace-frappe-bench:default: frappe.utils.background_jobs.execute_job(event=None, is_async=True, job_name='frappe.core.doctype.scheduled_job_type.scheduled_job_type.run_scheduled_jo..., kwargs={'job_type': 'erpnext.assets.doctype.asset.asset.make_post_gl_entry', 'sche..., method='frappe.core.doctype.scheduled_job_type.scheduled_job_type.run_scheduled_jo..., site='dev.localhost', user='Administrator') (dev.localhost::scheduled_job::h8bht2aps2)
2025-02-06 01:44:36,309 workspace-frappe-bench:default: Job OK (dev.localhost::scheduled_job::h8bht2aps2)
2025-02-06 01:44:36,309 Result is kept for 600 seconds
2025-02-06 01:44:36,327 workspace-frappe-bench:default: frappe.utils.background_jobs.execute_job(event=None, is_async=True, job_name='frappe.core.doctype.scheduled_job_type.scheduled_job_type.run_scheduled_jo..., kwargs={'job_type': 'frappe.oauth.delete_oauth2_data', 'scheduled_job_type': 'gh0c..., method='frappe.core.doctype.scheduled_job_type.scheduled_job_type.run_scheduled_jo..., site='dev.localhost', user='Administrator') (dev.localhost::scheduled_job::gh0cqqi3u8)
2025-02-06 01:44:36,688 workspace-frappe-bench:default: Job OK (dev.localhost::scheduled_job::gh0cqqi3u8)
2025-02-06 01:44:36,688 Result is kept for 600 seconds
2025-02-06 01:44:36,694 workspace-frappe-bench:default: frappe.utils.background_jobs.execute_job(event=None, is_async=True, job_name='frappe.core.doctype.scheduled_job_type.scheduled_job_type.run_scheduled_jo..., kwargs={'job_type': 'erpnext.projects.doctype.project.project.send_project_status_..., method='frappe.core.doctype.scheduled_job_type.scheduled_job_type.run_scheduled_jo..., site='dev.localhost', user='Administrator') (dev.localhost::scheduled_job::h8b3svn2p8)
2025-02-06 01:44:37,091 workspace-frappe-bench:default: Job OK (dev.localhost::scheduled_job::h8b3svn2p8)
2025-02-06 01:44:37,091 Result is kept for 600 seconds
2025-02-06 01:44:37,099 workspace-frappe-bench:default: frappe.utils.background_jobs.execute_job(event=None, is_async=True, job_name='frappe.core.doctype.scheduled_job_type.scheduled_job_type.run_scheduled_jo..., kwargs={'job_type': 'erpnext.assets.doctype.asset_maintenance_log.asset_maintenanc..., method='frappe.core.doctype.scheduled_job_type.scheduled_job_type.run_scheduled_jo..., site='dev.localhost', user='Administrator') (dev.localhost::scheduled_job::h8bvaloa7p)
2025-02-06 01:44:37,402 workspace-frappe-bench:default: Job OK (dev.localhost::scheduled_job::h8bvaloa7p)
2025-02-06 01:44:37,403 Result is kept for 600 seconds
2025-02-06 01:44:37,411 workspace-frappe-bench:default: frappe.utils.background_jobs.execute_job(event=None, is_async=True, job_name='frappe.core.doctype.scheduled_job_type.scheduled_job_type.run_scheduled_jo..., kwargs={'job_type': 'frappe.sessions.clear_expired_sessions', 'scheduled_job_type'..., method='frappe.core.doctype.scheduled_job_type.scheduled_job_type.run_scheduled_jo..., site='dev.localhost', user='Administrator') (dev.localhost::scheduled_job::gh0g93l1vh)
2025-02-06 01:44:37,694 workspace-frappe-bench:default: Job OK (dev.localhost::scheduled_job::gh0g93l1vh)
2025-02-06 01:44:37,694 Result is kept for 600 seconds
2025-02-06 01:44:37,702 workspace-frappe-bench:default: frappe.utils.background_jobs.execute_job(event=None, is_async=True, job_name='frappe.core.doctype.scheduled_job_type.scheduled_job_type.run_scheduled_jo..., kwargs={'job_type': 'frappe.social.doctype.energy_point_settings.energy_point_sett..., method='frappe.core.doctype.scheduled_job_type.scheduled_job_type.run_scheduled_jo..., site='dev.localhost', user='Administrator') (dev.localhost::scheduled_job::gh13n4l022)
2025-02-06 01:44:38,423 workspace-frappe-bench:default: Job OK (dev.localhost::scheduled_job::gh13n4l022)
2025-02-06 01:44:38,423 Result is kept for 600 seconds
2025-02-06 01:44:38,429 workspace-frappe-bench:default: frappe.utils.background_jobs.execute_job(event=None, is_async=True, job_name='frappe.core.doctype.scheduled_job_type.scheduled_job_type.run_scheduled_jo..., kwargs={'job_type': 'erpnext.accounts.utils.auto_create_exchange_rate_revaluation_..., method='frappe.core.doctype.scheduled_job_type.scheduled_job_type.run_scheduled_jo..., site='dev.localhost', user='Administrator') (dev.localhost::scheduled_job::h8bo83ofqd)
2025-02-06 01:44:38,922 workspace-frappe-bench:default: Job OK (dev.localhost::scheduled_job::h8bo83ofqd)
2025-02-06 01:44:38,922 Result is kept for 600 seconds
2025-02-06 01:44:38,931 workspace-frappe-bench:default: frappe.utils.background_jobs.execute_job(event=None, is_async=True, job_name='frappe.core.doctype.scheduled_job_type.scheduled_job_type.run_scheduled_jo..., kwargs={'job_type': 'frappe.model.utils.link_count.update_link_count', 'scheduled_..., method='frappe.core.doctype.scheduled_job_type.scheduled_job_type.run_scheduled_jo..., site='dev.localhost', user='Administrator') (dev.localhost::scheduled_job::gh0qg95qk3)
2025-02-06 01:44:39,272 workspace-frappe-bench:default: Job OK (dev.localhost::scheduled_job::gh0qg95qk3)
2025-02-06 01:44:39,272 Result is kept for 600 seconds
2025-02-06 01:44:39,280 workspace-frappe-bench:default: frappe.utils.background_jobs.execute_job(event=None, is_async=True, job_name='frappe.core.doctype.scheduled_job_type.scheduled_job_type.run_scheduled_jo..., kwargs={'job_type': 'frappe.desk.doctype.event.event.send_event_digest', 'schedule..., method='frappe.core.doctype.scheduled_job_type.scheduled_job_type.run_scheduled_jo..., site='dev.localhost', user='Administrator') (dev.localhost::scheduled_job::gh051upads)
2025-02-06 01:44:39,698 workspace-frappe-bench:default: Job OK (dev.localhost::scheduled_job::gh051upads)
2025-02-06 01:44:39,698 Result is kept for 600 seconds
2025-02-06 01:44:39,733 workspace-frappe-bench:default: frappe.utils.background_jobs.execute_job(event=None, is_async=True, job_name='frappe.core.doctype.scheduled_job_type.scheduled_job_type.run_scheduled_jo..., kwargs={'job_type': 'frappe.website.doctype.web_page.web_page.check_publish_status..., method='frappe.core.doctype.scheduled_job_type.scheduled_job_type.run_scheduled_jo..., site='dev.localhost', user='Administrator') (dev.localhost::scheduled_job::gh0f8so08k)
2025-02-06 01:44:40,255 workspace-frappe-bench:default: Job OK (dev.localhost::scheduled_job::gh0f8so08k)
2025-02-06 01:44:40,255 Result is kept for 600 seconds
2025-02-06 01:44:40,264 workspace-frappe-bench:default: frappe.utils.background_jobs.execute_job(event=None, is_async=True, job_name='frappe.core.doctype.scheduled_job_type.scheduled_job_type.run_scheduled_jo..., kwargs={'job_type': 'erpnext.projects.doctype.project.project.project_status_updat..., method='frappe.core.doctype.scheduled_job_type.scheduled_job_type.run_scheduled_jo..., site='dev.localhost', user='Administrator') (dev.localhost::scheduled_job::h8b1mfe1is)
2025-02-06 01:44:40,638 workspace-frappe-bench:default: Job OK (dev.localhost::scheduled_job::h8b1mfe1is)
2025-02-06 01:44:40,638 Result is kept for 600 seconds
2025-02-06 01:44:40,645 workspace-frappe-bench:default: frappe.utils.background_jobs.execute_job(event=None, is_async=True, job_name='frappe.core.doctype.scheduled_job_type.scheduled_job_type.run_scheduled_jo..., kwargs={'job_type': 'erpnext.setup.doctype.company.company.cache_companies_monthly..., method='frappe.core.doctype.scheduled_job_type.scheduled_job_type.run_scheduled_jo..., site='dev.localhost', user='Administrator') (dev.localhost::scheduled_job::h8bb0vkuhi)
2025-02-06 01:44:41,337 workspace-frappe-bench:default: Job OK (dev.localhost::scheduled_job::h8bb0vkuhi)
2025-02-06 01:44:41,337 Result is kept for 600 seconds
2025-02-06 01:44:41,346 workspace-frappe-bench:default: frappe.utils.background_jobs.execute_job(event=None, is_async=True, job_name='frappe.core.doctype.scheduled_job_type.scheduled_job_type.run_scheduled_jo..., kwargs={'job_type': 'erpnext.support.doctype.service_level_agreement.service_level..., method='frappe.core.doctype.scheduled_job_type.scheduled_job_type.run_scheduled_jo..., site='dev.localhost', user='Administrator') (dev.localhost::scheduled_job::h8bidgekn0)
2025-02-06 01:44:41,768 workspace-frappe-bench:default: Job OK (dev.localhost::scheduled_job::h8bidgekn0)
2025-02-06 01:44:41,768 Result is kept for 600 seconds
2025-02-06 01:44:41,779 workspace-frappe-bench:default: frappe.utils.background_jobs.execute_job(event=None, is_async=True, job_name='frappe.core.doctype.scheduled_job_type.scheduled_job_type.run_scheduled_jo..., kwargs={'job_type': 'frappe.core.doctype.log_settings.log_settings.run_log_clean_u..., method='frappe.core.doctype.scheduled_job_type.scheduled_job_type.run_scheduled_jo..., site='dev.localhost', user='Administrator') (dev.localhost::scheduled_job::gh018493qi)
2025-02-06 01:44:43,552 workspace-frappe-bench:default: Job OK (dev.localhost::scheduled_job::gh018493qi)
2025-02-06 01:44:43,552 Result is kept for 600 seconds
2025-02-06 01:44:43,562 workspace-frappe-bench:default: frappe.utils.background_jobs.execute_job(event=None, is_async=True, job_name='frappe.core.doctype.scheduled_job_type.scheduled_job_type.run_scheduled_jo..., kwargs={'job_type': 'erpnext.crm.doctype.opportunity.opportunity.auto_close_opport..., method='frappe.core.doctype.scheduled_job_type.scheduled_job_type.run_scheduled_jo..., site='dev.localhost', user='Administrator') (dev.localhost::scheduled_job::h8bbur7t4i)
2025-02-06 01:44:44,031 workspace-frappe-bench:default: Job OK (dev.localhost::scheduled_job::h8bbur7t4i)
2025-02-06 01:44:44,031 Result is kept for 600 seconds
2025-02-06 01:44:44,038 workspace-frappe-bench:default: frappe.utils.background_jobs.execute_job(event=None, is_async=True, job_name='frappe.core.doctype.scheduled_job_type.scheduled_job_type.run_scheduled_jo..., kwargs={'job_type': 'erpnext.stock.reorder_item.reorder_item', 'scheduled_job_type..., method='frappe.core.doctype.scheduled_job_type.scheduled_job_type.run_scheduled_jo..., site='dev.localhost', user='Administrator') (dev.localhost::scheduled_job::h8blocarku)
2025-02-06 01:44:44,831 workspace-frappe-bench:default: Job OK (dev.localhost::scheduled_job::h8blocarku)
2025-02-06 01:44:44,831 Result is kept for 600 seconds
2025-02-06 01:44:44,838 workspace-frappe-bench:default: frappe.utils.background_jobs.execute_job(event=None, is_async=True, job_name='frappe.core.doctype.scheduled_job_type.scheduled_job_type.run_scheduled_jo..., kwargs={'job_type': 'erpnext.accounts.doctype.fiscal_year.fiscal_year.auto_create_..., method='frappe.core.doctype.scheduled_job_type.scheduled_job_type.run_scheduled_jo..., site='dev.localhost', user='Administrator') (dev.localhost::scheduled_job::h8bp15kjlr)
2025-02-06 01:44:45,220 workspace-frappe-bench:default: Job OK (dev.localhost::scheduled_job::h8bp15kjlr)
2025-02-06 01:44:45,221 Result is kept for 600 seconds
2025-02-06 01:44:45,229 workspace-frappe-bench:default: frappe.utils.background_jobs.execute_job(event=None, is_async=True, job_name='frappe.core.doctype.scheduled_job_type.scheduled_job_type.run_scheduled_jo..., kwargs={'job_type': 'frappe.email.doctype.email_account.email_account.pull', 'sche..., method='frappe.core.doctype.scheduled_job_type.scheduled_job_type.run_scheduled_jo..., site='dev.localhost', user='Administrator') (dev.localhost::scheduled_job::gh0658vc7i)
2025-02-06 01:44:45,569 workspace-frappe-bench:default: Job OK (dev.localhost::scheduled_job::gh0658vc7i)
2025-02-06 01:44:45,569 Result is kept for 600 seconds
2025-02-06 01:44:45,579 workspace-frappe-bench:default: frappe.utils.background_jobs.execute_job(event=None, is_async=True, job_name='frappe.core.doctype.scheduled_job_type.scheduled_job_type.run_scheduled_jo..., kwargs={'job_type': 'erpnext.manufacturing.doctype.bom_update_log.bom_update_log.r..., method='frappe.core.doctype.scheduled_job_type.scheduled_job_type.run_scheduled_jo..., site='dev.localhost', user='Administrator') (dev.localhost::scheduled_job::h8ag45pu0p)
2025-02-06 01:44:45,999 workspace-frappe-bench:default: Job OK (dev.localhost::scheduled_job::h8ag45pu0p)
2025-02-06 01:44:45,999 Result is kept for 600 seconds
2025-02-06 01:44:46,007 workspace-frappe-bench:default: frappe.utils.background_jobs.execute_job(event=None, is_async=True, job_name='frappe.core.doctype.scheduled_job_type.scheduled_job_type.run_scheduled_jo..., kwargs={'job_type': 'erpnext.accounts.doctype.gl_entry.gl_entry.rename_gle_sle_doc..., method='frappe.core.doctype.scheduled_job_type.scheduled_job_type.run_scheduled_jo..., site='dev.localhost', user='Administrator') (dev.localhost::scheduled_job::h8av4bmen8)
2025-02-06 01:44:46,580 workspace-frappe-bench:default: Job OK (dev.localhost::scheduled_job::h8av4bmen8)
2025-02-06 01:44:46,581 Result is kept for 600 seconds
2025-02-06 01:44:46,588 workspace-frappe-bench:default: frappe.utils.background_jobs.execute_job(event=None, is_async=True, job_name='frappe.automation.doctype.auto_repeat.auto_repeat.create_repeated_entries', kwargs={'data': []}, method='frappe.automation.doctype.auto_repeat.auto_repeat.create_repeated_entries', site='dev.localhost', user='Administrator') (dev.localhost::54b6b5e1-5809-4c3d-a885-e137c046f5cf)
2025-02-06 01:44:46,950 workspace-frappe-bench:default: Job OK (dev.localhost::54b6b5e1-5809-4c3d-a885-e137c046f5cf)
2025-02-06 01:44:46,951 Result is kept for 600 seconds
2025-02-06 01:44:46,970 workspace-frappe-bench:long: frappe.utils.background_jobs.execute_job(event=None, is_async=True, job_name='frappe.core.doctype.scheduled_job_type.scheduled_job_type.run_scheduled_jo..., kwargs={'job_type': 'frappe.integrations.doctype.google_drive.google_drive.daily_b..., method='frappe.core.doctype.scheduled_job_type.scheduled_job_type.run_scheduled_jo..., site='dev.localhost', user='Administrator') (dev.localhost::scheduled_job::gh13euqkcd)
2025-02-06 01:44:47,753 workspace-frappe-bench:long: Job OK (dev.localhost::scheduled_job::gh13euqkcd)
2025-02-06 01:44:47,753 Result is kept for 600 seconds
2025-02-06 01:44:47,766 workspace-frappe-bench:long: frappe.utils.background_jobs.execute_job(event=None, is_async=True, job_name='frappe.core.doctype.scheduled_job_type.scheduled_job_type.run_scheduled_jo..., kwargs={'job_type': 'erpnext.utilities.bulk_transaction.retry', 'scheduled_job_typ..., method='frappe.core.doctype.scheduled_job_type.scheduled_job_type.run_scheduled_jo..., site='dev.localhost', user='Administrator') (dev.localhost::scheduled_job::h8d0asgua1)
2025-02-06 01:44:48,232 workspace-frappe-bench:long: Job OK (dev.localhost::scheduled_job::h8d0asgua1)
2025-02-06 01:44:48,232 Result is kept for 600 seconds
2025-02-06 01:44:48,238 workspace-frappe-bench:long: frappe.utils.background_jobs.execute_job(event=None, is_async=True, job_name='frappe.core.doctype.scheduled_job_type.scheduled_job_type.run_scheduled_jo..., kwargs={'job_type': 'erpnext.manufacturing.doctype.bom_update_tool.bom_update_tool..., method='frappe.core.doctype.scheduled_job_type.scheduled_job_type.run_scheduled_jo..., site='dev.localhost', user='Administrator') (dev.localhost::scheduled_job::h8da1p73d1)
2025-02-06 01:44:48,754 workspace-frappe-bench:long: Job OK (dev.localhost::scheduled_job::h8da1p73d1)
2025-02-06 01:44:48,754 Result is kept for 600 seconds
2025-02-06 01:44:48,765 workspace-frappe-bench:long: frappe.utils.background_jobs.execute_job(event=None, is_async=True, job_name='frappe.core.doctype.scheduled_job_type.scheduled_job_type.run_scheduled_jo..., kwargs={'job_type': 'erpnext.crm.utils.open_leads_opportunities_based_on_todays_ev..., method='frappe.core.doctype.scheduled_job_type.scheduled_job_type.run_scheduled_jo..., site='dev.localhost', user='Administrator') (dev.localhost::scheduled_job::h8d1tfod9t)
2025-02-06 01:44:49,142 workspace-frappe-bench:long: Job OK (dev.localhost::scheduled_job::h8d1tfod9t)
2025-02-06 01:44:49,142 Result is kept for 600 seconds
2025-02-06 01:44:49,148 workspace-frappe-bench:long: frappe.utils.background_jobs.execute_job(event=None, is_async=True, job_name='frappe.core.doctype.scheduled_job_type.scheduled_job_type.run_scheduled_jo..., kwargs={'job_type': 'erpnext.setup.doctype.email_digest.email_digest.send', 'sched..., method='frappe.core.doctype.scheduled_job_type.scheduled_job_type.run_scheduled_jo..., site='dev.localhost', user='Administrator') (dev.localhost::scheduled_job::h8d4m2p2lf)
2025-02-06 01:44:49,656 workspace-frappe-bench:long: Job OK (dev.localhost::scheduled_job::h8d4m2p2lf)
2025-02-06 01:44:49,656 Result is kept for 600 seconds
2025-02-06 01:44:49,667 workspace-frappe-bench:long: frappe.utils.background_jobs.execute_job(event=None, is_async=True, job_name='frappe.core.doctype.scheduled_job_type.scheduled_job_type.run_scheduled_jo..., kwargs={'job_type': 'erpnext.stock.doctype.repost_item_valuation.repost_item_valua..., method='frappe.core.doctype.scheduled_job_type.scheduled_job_type.run_scheduled_jo..., site='dev.localhost', user='Administrator') (dev.localhost::scheduled_job::h8dta323bp)
2025-02-06 01:44:50,192 workspace-frappe-bench:long: Job OK (dev.localhost::scheduled_job::h8dta323bp)
2025-02-06 01:44:50,193 Result is kept for 600 seconds
2025-02-06 01:44:50,204 workspace-frappe-bench:long: frappe.utils.background_jobs.execute_job(event=None, is_async=True, job_name='frappe.core.doctype.scheduled_job_type.scheduled_job_type.run_scheduled_jo..., kwargs={'job_type': 'frappe.integrations.doctype.s3_backup_settings.s3_backup_sett..., method='frappe.core.doctype.scheduled_job_type.scheduled_job_type.run_scheduled_jo..., site='dev.localhost', user='Administrator') (dev.localhost::scheduled_job::gh1m24bqhq)
2025-02-06 01:44:51,122 workspace-frappe-bench:long: Job OK (dev.localhost::scheduled_job::gh1m24bqhq)
2025-02-06 01:44:51,122 Result is kept for 600 seconds
2025-02-06 01:44:51,137 workspace-frappe-bench:long: frappe.utils.background_jobs.execute_job(event=None, is_async=True, job_name='frappe.core.doctype.scheduled_job_type.scheduled_job_type.run_scheduled_jo..., kwargs={'job_type': 'erpnext.assets.doctype.asset.depreciation.post_depreciation_e..., method='frappe.core.doctype.scheduled_job_type.scheduled_job_type.run_scheduled_jo..., site='dev.localhost', user='Administrator') (dev.localhost::scheduled_job::h8dpknsndt)
2025-02-06 01:44:51,574 workspace-frappe-bench:long: Job OK (dev.localhost::scheduled_job::h8dpknsndt)
2025-02-06 01:44:51,574 Result is kept for 600 seconds
2025-02-06 01:44:51,581 workspace-frappe-bench:long: frappe.utils.background_jobs.execute_job(event=None, is_async=True, job_name='frappe.core.doctype.scheduled_job_type.scheduled_job_type.run_scheduled_jo..., kwargs={'job_type': 'frappe.email.doctype.auto_email_report.auto_email_report.send..., method='frappe.core.doctype.scheduled_job_type.scheduled_job_type.run_scheduled_jo..., site='dev.localhost', user='Administrator') (dev.localhost::scheduled_job::gh1ac8u00t)
2025-02-06 01:44:52,369 workspace-frappe-bench:long: Job OK (dev.localhost::scheduled_job::gh1ac8u00t)
2025-02-06 01:44:52,369 Result is kept for 600 seconds
2025-02-06 01:44:52,378 workspace-frappe-bench:long: frappe.utils.background_jobs.execute_job(event=None, is_async=True, job_name='frappe.core.doctype.scheduled_job_type.scheduled_job_type.run_scheduled_jo..., kwargs={'job_type': 'erpnext.accounts.doctype.process_subscription.process_subscri..., method='frappe.core.doctype.scheduled_job_type.scheduled_job_type.run_scheduled_jo..., site='dev.localhost', user='Administrator') (dev.localhost::scheduled_job::h8d0lcqd1b)
2025-02-06 01:44:53,040 workspace-frappe-bench:long: Job OK (dev.localhost::scheduled_job::h8d0lcqd1b)
2025-02-06 01:44:53,040 Result is kept for 600 seconds
2025-02-06 01:44:53,048 workspace-frappe-bench:long: frappe.utils.background_jobs.execute_job(event=None, is_async=True, job_name='frappe.core.doctype.scheduled_job_type.scheduled_job_type.run_scheduled_jo..., kwargs={'job_type': 'frappe.integrations.doctype.dropbox_settings.dropbox_settings..., method='frappe.core.doctype.scheduled_job_type.scheduled_job_type.run_scheduled_jo..., site='dev.localhost', user='Administrator') (dev.localhost::scheduled_job::gh1nudvdol)
2025-02-06 01:44:55,540 workspace-frappe-bench:long: Job OK (dev.localhost::scheduled_job::gh1nudvdol)
2025-02-06 01:44:55,541 Result is kept for 600 seconds
2025-02-06 01:48:00,507 workspace-frappe-bench:default: frappe.utils.background_jobs.execute_job(event=None, is_async=True, job_name='frappe.core.doctype.scheduled_job_type.scheduled_job_type.run_scheduled_jo..., kwargs={'job_type': 'create_custom_schedule_all', 'scheduled_job_type': '3kme7dd2u..., method='frappe.core.doctype.scheduled_job_type.scheduled_job_type.run_scheduled_jo..., site='dev.localhost', user='Administrator') (dev.localhost::scheduled_job::3kme7dd2ul)
2025-02-06 01:48:00,952 workspace-frappe-bench:default: Job OK (dev.localhost::scheduled_job::3kme7dd2ul)
2025-02-06 01:48:00,952 Result is kept for 600 seconds
2025-02-06 01:48:00,958 workspace-frappe-bench:default: frappe.utils.background_jobs.execute_job(event=None, is_async=True, job_name='frappe.core.doctype.scheduled_job_type.scheduled_job_type.run_scheduled_jo..., kwargs={'job_type': 'frappe.utils.global_search.sync_global_search', 'scheduled_jo..., method='frappe.core.doctype.scheduled_job_type.scheduled_job_type.run_scheduled_jo..., site='dev.localhost', user='Administrator') (dev.localhost::scheduled_job::gh0729h6vd)
2025-02-06 01:48:01,172 workspace-frappe-bench:default: Job OK (dev.localhost::scheduled_job::gh0729h6vd)
2025-02-06 01:48:01,172 Result is kept for 600 seconds
2025-02-06 01:48:01,178 workspace-frappe-bench:default: frappe.utils.background_jobs.execute_job(event=None, is_async=True, job_name='frappe.core.doctype.scheduled_job_type.scheduled_job_type.run_scheduled_jo..., kwargs={'job_type': 'frappe.automation.doctype.reminder.reminder.send_reminders', ..., method='frappe.core.doctype.scheduled_job_type.scheduled_job_type.run_scheduled_jo..., site='dev.localhost', user='Administrator') (dev.localhost::scheduled_job::gh040jcecd)
2025-02-06 01:48:01,410 workspace-frappe-bench:default: Job OK (dev.localhost::scheduled_job::gh040jcecd)
2025-02-06 01:48:01,410 Result is kept for 600 seconds
2025-02-06 01:48:01,417 workspace-frappe-bench:default: frappe.utils.background_jobs.execute_job(event=None, is_async=True, job_name='frappe.core.doctype.scheduled_job_type.scheduled_job_type.run_scheduled_jo..., kwargs={'job_type': 'frappe.deferred_insert.save_to_db', 'scheduled_job_type': 'gh..., method='frappe.core.doctype.scheduled_job_type.scheduled_job_type.run_scheduled_jo..., site='dev.localhost', user='Administrator') (dev.localhost::scheduled_job::gh0bgqksqs)
2025-02-06 01:48:01,728 workspace-frappe-bench:default: Job OK (dev.localhost::scheduled_job::gh0bgqksqs)
2025-02-06 01:48:01,728 Result is kept for 600 seconds
2025-02-06 01:48:01,736 workspace-frappe-bench:default: frappe.utils.background_jobs.execute_job(event=None, is_async=True, job_name='frappe.core.doctype.scheduled_job_type.scheduled_job_type.run_scheduled_jo..., kwargs={'job_type': 'frappe.website.doctype.web_page.web_page.check_publish_status..., method='frappe.core.doctype.scheduled_job_type.scheduled_job_type.run_scheduled_jo..., site='dev.localhost', user='Administrator') (dev.localhost::scheduled_job::gh0f8so08k)
2025-02-06 01:48:02,161 workspace-frappe-bench:default: Job OK (dev.localhost::scheduled_job::gh0f8so08k)
2025-02-06 01:48:02,161 Result is kept for 600 seconds
2025-02-06 01:48:02,168 workspace-frappe-bench:default: frappe.utils.background_jobs.execute_job(event=None, is_async=True, job_name='frappe.core.doctype.scheduled_job_type.scheduled_job_type.run_scheduled_jo..., kwargs={'job_type': 'frappe.oauth.delete_oauth2_data', 'scheduled_job_type': 'gh0c..., method='frappe.core.doctype.scheduled_job_type.scheduled_job_type.run_scheduled_jo..., site='dev.localhost', user='Administrator') (dev.localhost::scheduled_job::gh0cqqi3u8)
2025-02-06 01:48:02,408 workspace-frappe-bench:default: Job OK (dev.localhost::scheduled_job::gh0cqqi3u8)
2025-02-06 01:48:02,408 Result is kept for 600 seconds
2025-02-06 01:48:02,415 workspace-frappe-bench:default: frappe.utils.background_jobs.execute_job(event=None, is_async=True, job_name='frappe.core.doctype.scheduled_job_type.scheduled_job_type.run_scheduled_jo..., kwargs={'job_type': 'frappe.email.queue.flush', 'scheduled_job_type': 'gh00mvce03'..., method='frappe.core.doctype.scheduled_job_type.scheduled_job_type.run_scheduled_jo..., site='dev.localhost', user='Administrator') (dev.localhost::scheduled_job::gh00mvce03)
2025-02-06 01:48:02,735 workspace-frappe-bench:default: Job OK (dev.localhost::scheduled_job::gh00mvce03)
2025-02-06 01:48:02,735 Result is kept for 600 seconds
2025-02-06 01:48:02,744 workspace-frappe-bench:default: frappe.utils.background_jobs.execute_job(event=None, is_async=True, job_name='frappe.core.doctype.scheduled_job_type.scheduled_job_type.run_scheduled_jo..., kwargs={'job_type': 'frappe.email.doctype.email_account.email_account.notify_unrep..., method='frappe.core.doctype.scheduled_job_type.scheduled_job_type.run_scheduled_jo..., site='dev.localhost', user='Administrator') (dev.localhost::scheduled_job::gh0mg9dg3j)
2025-02-06 01:48:03,026 workspace-frappe-bench:default: Job OK (dev.localhost::scheduled_job::gh0mg9dg3j)
2025-02-06 01:48:03,026 Result is kept for 600 seconds
2025-02-06 01:48:03,034 workspace-frappe-bench:default: frappe.utils.background_jobs.execute_job(event=None, is_async=True, job_name='frappe.core.doctype.scheduled_job_type.scheduled_job_type.run_scheduled_jo..., kwargs={'job_type': 'erpnext.manufacturing.doctype.bom_update_log.bom_update_log.r..., method='frappe.core.doctype.scheduled_job_type.scheduled_job_type.run_scheduled_jo..., site='dev.localhost', user='Administrator') (dev.localhost::scheduled_job::h8ag45pu0p)
2025-02-06 01:48:03,286 workspace-frappe-bench:default: Job OK (dev.localhost::scheduled_job::h8ag45pu0p)
2025-02-06 01:48:03,286 Result is kept for 600 seconds
2025-02-06 01:48:03,293 workspace-frappe-bench:default: frappe.utils.background_jobs.execute_job(event=None, is_async=True, job_name='frappe.core.doctype.scheduled_job_type.scheduled_job_type.run_scheduled_jo..., kwargs={'job_type': 'frappe.monitor.flush', 'scheduled_job_type': 'gh0aujdlkv'}, method='frappe.core.doctype.scheduled_job_type.scheduled_job_type.run_scheduled_jo..., site='dev.localhost', user='Administrator') (dev.localhost::scheduled_job::gh0aujdlkv)
2025-02-06 01:48:03,521 workspace-frappe-bench:default: Job OK (dev.localhost::scheduled_job::gh0aujdlkv)
2025-02-06 01:48:03,521 Result is kept for 600 seconds
2025-02-06 01:48:03,527 workspace-frappe-bench:default: frappe.utils.background_jobs.execute_job(event=None, is_async=True, job_name='frappe.core.doctype.scheduled_job_type.scheduled_job_type.run_scheduled_jo..., kwargs={'job_type': 'frappe.twofactor.delete_all_barcodes_for_users', 'scheduled_j..., method='frappe.core.doctype.scheduled_job_type.scheduled_job_type.run_scheduled_jo..., site='dev.localhost', user='Administrator') (dev.localhost::scheduled_job::gh028ljaof)
2025-02-06 01:48:03,805 workspace-frappe-bench:default: Job OK (dev.localhost::scheduled_job::gh028ljaof)
2025-02-06 01:48:03,805 Result is kept for 600 seconds
2025-02-06 01:48:03,812 workspace-frappe-bench:default: frappe.utils.background_jobs.execute_job(event=None, is_async=True, job_name='frappe.core.doctype.scheduled_job_type.scheduled_job_type.run_scheduled_jo..., kwargs={'job_type': 'frappe.email.doctype.notification.notification.trigger_offset..., method='frappe.core.doctype.scheduled_job_type.scheduled_job_type.run_scheduled_jo..., site='dev.localhost', user='Administrator') (dev.localhost::scheduled_job::gh07vsicua)
2025-02-06 01:48:04,059 workspace-frappe-bench:default: Job OK (dev.localhost::scheduled_job::gh07vsicua)
2025-02-06 01:48:04,059 Result is kept for 600 seconds
2025-02-06 01:52:00,855 workspace-frappe-bench:default: frappe.utils.background_jobs.execute_job(event=None, is_async=True, job_name='frappe.core.doctype.scheduled_job_type.scheduled_job_type.run_scheduled_jo..., kwargs={'job_type': 'frappe.email.doctype.email_account.email_account.pull', 'sche..., method='frappe.core.doctype.scheduled_job_type.scheduled_job_type.run_scheduled_jo..., site='dev.localhost', user='Administrator') (dev.localhost::scheduled_job::gh0658vc7i)
2025-02-06 01:52:01,185 workspace-frappe-bench:default: Job OK (dev.localhost::scheduled_job::gh0658vc7i)
2025-02-06 01:52:01,185 Result is kept for 600 seconds
2025-02-06 01:52:01,191 workspace-frappe-bench:default: frappe.utils.background_jobs.execute_job(event=None, is_async=True, job_name='frappe.core.doctype.scheduled_job_type.scheduled_job_type.run_scheduled_jo..., kwargs={'job_type': 'frappe.email.queue.flush', 'scheduled_job_type': 'gh00mvce03'..., method='frappe.core.doctype.scheduled_job_type.scheduled_job_type.run_scheduled_jo..., site='dev.localhost', user='Administrator') (dev.localhost::scheduled_job::gh00mvce03)
2025-02-06 01:52:01,611 workspace-frappe-bench:default: Job OK (dev.localhost::scheduled_job::gh00mvce03)
2025-02-06 01:52:01,611 Result is kept for 600 seconds
2025-02-06 01:52:01,619 workspace-frappe-bench:default: frappe.utils.background_jobs.execute_job(event=None, is_async=True, job_name='frappe.core.doctype.scheduled_job_type.scheduled_job_type.run_scheduled_jo..., kwargs={'job_type': 'frappe.monitor.flush', 'scheduled_job_type': 'gh0aujdlkv'}, method='frappe.core.doctype.scheduled_job_type.scheduled_job_type.run_scheduled_jo..., site='dev.localhost', user='Administrator') (dev.localhost::scheduled_job::gh0aujdlkv)
2025-02-06 01:52:01,845 workspace-frappe-bench:default: Job OK (dev.localhost::scheduled_job::gh0aujdlkv)
2025-02-06 01:52:01,846 Result is kept for 600 seconds
2025-02-06 01:52:01,852 workspace-frappe-bench:default: frappe.utils.background_jobs.execute_job(event=None, is_async=True, job_name='frappe.core.doctype.scheduled_job_type.scheduled_job_type.run_scheduled_jo..., kwargs={'job_type': 'create_custom_schedule_all', 'scheduled_job_type': '3kme7dd2u..., method='frappe.core.doctype.scheduled_job_type.scheduled_job_type.run_scheduled_jo..., site='dev.localhost', user='Administrator') (dev.localhost::scheduled_job::3kme7dd2ul)
2025-02-06 01:52:02,082 workspace-frappe-bench:default: Job OK (dev.localhost::scheduled_job::3kme7dd2ul)
2025-02-06 01:52:02,083 Result is kept for 600 seconds
2025-02-06 01:52:02,089 workspace-frappe-bench:default: frappe.utils.background_jobs.execute_job(event=None, is_async=True, job_name='frappe.core.doctype.scheduled_job_type.scheduled_job_type.run_scheduled_jo..., kwargs={'job_type': 'frappe.email.doctype.notification.notification.trigger_offset..., method='frappe.core.doctype.scheduled_job_type.scheduled_job_type.run_scheduled_jo..., site='dev.localhost', user='Administrator') (dev.localhost::scheduled_job::gh07vsicua)
2025-02-06 01:52:02,369 workspace-frappe-bench:default: Job OK (dev.localhost::scheduled_job::gh07vsicua)
2025-02-06 01:52:02,369 Result is kept for 600 seconds
2025-02-06 01:55:05,949 workspace-frappe-bench:default: frappe.utils.background_jobs.execute_job(event=None, is_async=True, job_name='frappe.core.doctype.user.user.create_contact', kwargs={'user': <User: doctype=User manager@admin.com>, 'ignore_mandatory': True}, method='frappe.core.doctype.user.user.create_contact', site='dev.localhost', user='Administrator') (dev.localhost::deb762fc-38a3-4408-9c2e-f2055b8b38dc)
2025-02-06 01:55:06,408 workspace-frappe-bench:default: Job OK (dev.localhost::deb762fc-38a3-4408-9c2e-f2055b8b38dc)
2025-02-06 01:55:06,408 Result is kept for 600 seconds
2025-02-06 01:55:06,415 Cleaning registries for queue: workspace-frappe-bench:short
2025-02-06 01:55:06,417 Cleaning registries for queue: workspace-frappe-bench:default
2025-02-06 01:55:06,418 Cleaning registries for queue: workspace-frappe-bench:long
2025-02-06 01:55:06,420 workspace-frappe-bench:default: frappe.utils.background_jobs.execute_job(event=None, is_async=True, job_name='frappe.core.doctype.user.user.update_gravatar', kwargs={'name': 'manager@admin.com'}, method='frappe.core.doctype.user.user.update_gravatar', site='dev.localhost', user='Administrator') (dev.localhost::b64ea99f-8d6f-410d-b6d3-be347936a951)
2025-02-06 01:55:06,611 workspace-frappe-bench:default: Job OK (dev.localhost::b64ea99f-8d6f-410d-b6d3-be347936a951)
2025-02-06 01:55:06,611 Result is kept for 600 seconds
2025-02-06 01:55:20,127 workspace-frappe-bench:default: frappe.utils.background_jobs.execute_job(event=None, is_async=True, job_name='frappe.core.doctype.user.user.create_contact', kwargs={'user': <User: doctype=User manager@admin.com>, 'ignore_mandatory': True}, method='frappe.core.doctype.user.user.create_contact', site='dev.localhost', user='Administrator') (dev.localhost::11ce763a-22f8-41c5-bd1f-e5fe857bdd3a)
2025-02-06 01:55:20,684 workspace-frappe-bench:default: Job OK (dev.localhost::11ce763a-22f8-41c5-bd1f-e5fe857bdd3a)
2025-02-06 01:55:20,684 Result is kept for 600 seconds
2025-02-06 01:55:20,693 workspace-frappe-bench:default: frappe.utils.background_jobs.execute_job(event=None, is_async=True, job_name='frappe.core.doctype.user.user.update_gravatar', kwargs={'name': 'manager@admin.com'}, method='frappe.core.doctype.user.user.update_gravatar', site='dev.localhost', user='Administrator') (dev.localhost::9f1a9d4f-23a5-49c0-9b42-e9556e4924b2)
2025-02-06 01:55:20,866 workspace-frappe-bench:default: Job OK (dev.localhost::9f1a9d4f-23a5-49c0-9b42-e9556e4924b2)
2025-02-06 01:55:20,866 Result is kept for 600 seconds
2025-02-06 01:55:27,472 workspace-frappe-bench:default: frappe.utils.background_jobs.execute_job(event=None, is_async=True, job_name='frappe.core.doctype.user.user.create_contact', kwargs={'user': <User: doctype=User manager@admin.com>, 'ignore_mandatory': True}, method='frappe.core.doctype.user.user.create_contact', site='dev.localhost', user='Administrator') (dev.localhost::6d009e8d-64ac-4ea0-865b-a3ae5e606e67)
2025-02-06 01:55:27,959 workspace-frappe-bench:default: Job OK (dev.localhost::6d009e8d-64ac-4ea0-865b-a3ae5e606e67)
2025-02-06 01:55:27,959 Result is kept for 600 seconds
2025-02-06 01:55:27,968 workspace-frappe-bench:default: frappe.utils.background_jobs.execute_job(event=None, is_async=True, job_name='frappe.core.doctype.user.user.update_gravatar', kwargs={'name': 'manager@admin.com'}, method='frappe.core.doctype.user.user.update_gravatar', site='dev.localhost', user='Administrator') (dev.localhost::d1a1a338-de0d-4ecb-902b-99804eaac447)
2025-02-06 01:55:28,173 workspace-frappe-bench:default: Job OK (dev.localhost::d1a1a338-de0d-4ecb-902b-99804eaac447)
2025-02-06 01:55:28,173 Result is kept for 600 seconds
2025-02-06 01:56:00,075 workspace-frappe-bench:default: frappe.utils.background_jobs.execute_job(event=None, is_async=True, job_name='frappe.core.doctype.scheduled_job_type.scheduled_job_type.run_scheduled_jo..., kwargs={'job_type': 'create_custom_schedule_all', 'scheduled_job_type': '3kme7dd2u..., method='frappe.core.doctype.scheduled_job_type.scheduled_job_type.run_scheduled_jo..., site='dev.localhost', user='Administrator') (dev.localhost::scheduled_job::3kme7dd2ul)
2025-02-06 01:56:00,424 workspace-frappe-bench:default: Job OK (dev.localhost::scheduled_job::3kme7dd2ul)
2025-02-06 01:56:00,424 Result is kept for 600 seconds
2025-02-06 01:56:00,430 workspace-frappe-bench:default: frappe.utils.background_jobs.execute_job(event=None, is_async=True, job_name='frappe.core.doctype.scheduled_job_type.scheduled_job_type.run_scheduled_jo..., kwargs={'job_type': 'frappe.monitor.flush', 'scheduled_job_type': 'gh0aujdlkv'}, method='frappe.core.doctype.scheduled_job_type.scheduled_job_type.run_scheduled_jo..., site='dev.localhost', user='Administrator') (dev.localhost::scheduled_job::gh0aujdlkv)
2025-02-06 01:56:00,744 workspace-frappe-bench:default: Job OK (dev.localhost::scheduled_job::gh0aujdlkv)
2025-02-06 01:56:00,744 Result is kept for 600 seconds
2025-02-06 01:56:00,754 workspace-frappe-bench:default: frappe.utils.background_jobs.execute_job(event=None, is_async=True, job_name='frappe.core.doctype.scheduled_job_type.scheduled_job_type.run_scheduled_jo..., kwargs={'job_type': 'frappe.email.doctype.notification.notification.trigger_offset..., method='frappe.core.doctype.scheduled_job_type.scheduled_job_type.run_scheduled_jo..., site='dev.localhost', user='Administrator') (dev.localhost::scheduled_job::gh07vsicua)
2025-02-06 01:56:01,217 workspace-frappe-bench:default: Job OK (dev.localhost::scheduled_job::gh07vsicua)
2025-02-06 01:56:01,218 Result is kept for 600 seconds
2025-02-06 01:56:01,227 workspace-frappe-bench:default: frappe.utils.background_jobs.execute_job(event=None, is_async=True, job_name='frappe.core.doctype.scheduled_job_type.scheduled_job_type.run_scheduled_jo..., kwargs={'job_type': 'frappe.email.queue.flush', 'scheduled_job_type': 'gh00mvce03'..., method='frappe.core.doctype.scheduled_job_type.scheduled_job_type.run_scheduled_jo..., site='dev.localhost', user='Administrator') (dev.localhost::scheduled_job::gh00mvce03)
2025-02-06 01:56:01,569 workspace-frappe-bench:default: Job OK (dev.localhost::scheduled_job::gh00mvce03)
2025-02-06 01:56:01,570 Result is kept for 600 seconds
2025-02-06 01:56:01,578 workspace-frappe-bench:default: frappe.utils.background_jobs.execute_job(event=None, is_async=True, job_name='frappe.core.doctype.user.user.create_contact', kwargs={'user': <User: doctype=User admin@admin.com>, 'ignore_mandatory': True}, method='frappe.core.doctype.user.user.create_contact', site='dev.localhost', user='Administrator') (dev.localhost::27d0f87e-e00e-4324-abab-5005e28abcbf)
2025-02-06 01:56:02,026 workspace-frappe-bench:default: Job OK (dev.localhost::27d0f87e-e00e-4324-abab-5005e28abcbf)
2025-02-06 01:56:02,026 Result is kept for 600 seconds
2025-02-06 01:56:02,034 workspace-frappe-bench:default: frappe.utils.background_jobs.execute_job(event=None, is_async=True, job_name='frappe.core.doctype.user.user.update_gravatar', kwargs={'name': 'admin@admin.com'}, method='frappe.core.doctype.user.user.update_gravatar', site='dev.localhost', user='Administrator') (dev.localhost::5c8959db-54c9-4cd2-87dc-a2ec5618c7bc)
2025-02-06 01:56:02,221 workspace-frappe-bench:default: Job OK (dev.localhost::5c8959db-54c9-4cd2-87dc-a2ec5618c7bc)
2025-02-06 01:56:02,221 Result is kept for 600 seconds
2025-02-06 02:00:00,399 workspace-frappe-bench:default: frappe.utils.background_jobs.execute_job(event=None, is_async=True, job_name='frappe.core.doctype.scheduled_job_type.scheduled_job_type.run_scheduled_jo..., kwargs={'job_type': 'frappe.core.doctype.prepared_report.prepared_report.expire_st..., method='frappe.core.doctype.scheduled_job_type.scheduled_job_type.run_scheduled_jo..., site='dev.localhost', user='Administrator') (dev.localhost::scheduled_job::gh0ot36haq)
2025-02-06 02:00:00,764 workspace-frappe-bench:default: Job OK (dev.localhost::scheduled_job::gh0ot36haq)
2025-02-06 02:00:00,764 Result is kept for 600 seconds
2025-02-06 02:00:00,771 workspace-frappe-bench:default: frappe.utils.background_jobs.execute_job(event=None, is_async=True, job_name='frappe.core.doctype.scheduled_job_type.scheduled_job_type.run_scheduled_jo..., kwargs={'job_type': 'frappe.email.queue.flush', 'scheduled_job_type': 'gh00mvce03'..., method='frappe.core.doctype.scheduled_job_type.scheduled_job_type.run_scheduled_jo..., site='dev.localhost', user='Administrator') (dev.localhost::scheduled_job::gh00mvce03)
2025-02-06 02:00:01,098 workspace-frappe-bench:default: Job OK (dev.localhost::scheduled_job::gh00mvce03)
2025-02-06 02:00:01,098 Result is kept for 600 seconds
2025-02-06 02:00:01,108 workspace-frappe-bench:default: frappe.utils.background_jobs.execute_job(event=None, is_async=True, job_name='frappe.core.doctype.scheduled_job_type.scheduled_job_type.run_scheduled_jo..., kwargs={'job_type': 'frappe.email.doctype.notification.notification.trigger_offset..., method='frappe.core.doctype.scheduled_job_type.scheduled_job_type.run_scheduled_jo..., site='dev.localhost', user='Administrator') (dev.localhost::scheduled_job::gh07vsicua)
2025-02-06 02:00:01,343 workspace-frappe-bench:default: Job OK (dev.localhost::scheduled_job::gh07vsicua)
2025-02-06 02:00:01,343 Result is kept for 600 seconds
2025-02-06 02:00:01,350 workspace-frappe-bench:default: frappe.utils.background_jobs.execute_job(event=None, is_async=True, job_name='frappe.core.doctype.scheduled_job_type.scheduled_job_type.run_scheduled_jo..., kwargs={'job_type': 'frappe.email.doctype.email_account.email_account.notify_unrep..., method='frappe.core.doctype.scheduled_job_type.scheduled_job_type.run_scheduled_jo..., site='dev.localhost', user='Administrator') (dev.localhost::scheduled_job::gh0mg9dg3j)
2025-02-06 02:00:01,664 workspace-frappe-bench:default: Job OK (dev.localhost::scheduled_job::gh0mg9dg3j)
2025-02-06 02:00:01,664 Result is kept for 600 seconds
2025-02-06 02:00:01,671 workspace-frappe-bench:default: frappe.utils.background_jobs.execute_job(event=None, is_async=True, job_name='frappe.core.doctype.scheduled_job_type.scheduled_job_type.run_scheduled_jo..., kwargs={'job_type': 'frappe.oauth.delete_oauth2_data', 'scheduled_job_type': 'gh0c..., method='frappe.core.doctype.scheduled_job_type.scheduled_job_type.run_scheduled_jo..., site='dev.localhost', user='Administrator') (dev.localhost::scheduled_job::gh0cqqi3u8)
2025-02-06 02:00:01,935 workspace-frappe-bench:default: Job OK (dev.localhost::scheduled_job::gh0cqqi3u8)
2025-02-06 02:00:01,935 Result is kept for 600 seconds
2025-02-06 02:00:01,941 workspace-frappe-bench:default: frappe.utils.background_jobs.execute_job(event=None, is_async=True, job_name='frappe.core.doctype.scheduled_job_type.scheduled_job_type.run_scheduled_jo..., kwargs={'job_type': 'frappe.utils.global_search.sync_global_search', 'scheduled_jo..., method='frappe.core.doctype.scheduled_job_type.scheduled_job_type.run_scheduled_jo..., site='dev.localhost', user='Administrator') (dev.localhost::scheduled_job::gh0729h6vd)
2025-02-06 02:00:02,161 workspace-frappe-bench:default: Job OK (dev.localhost::scheduled_job::gh0729h6vd)
2025-02-06 02:00:02,162 Result is kept for 600 seconds
2025-02-06 02:00:02,168 workspace-frappe-bench:default: frappe.utils.background_jobs.execute_job(event=None, is_async=True, job_name='frappe.core.doctype.scheduled_job_type.scheduled_job_type.run_scheduled_jo..., kwargs={'job_type': 'frappe.website.doctype.web_page.web_page.check_publish_status..., method='frappe.core.doctype.scheduled_job_type.scheduled_job_type.run_scheduled_jo..., site='dev.localhost', user='Administrator') (dev.localhost::scheduled_job::gh0f8so08k)
2025-02-06 02:00:02,431 workspace-frappe-bench:default: Job OK (dev.localhost::scheduled_job::gh0f8so08k)
2025-02-06 02:00:02,432 Result is kept for 600 seconds
2025-02-06 02:00:02,438 workspace-frappe-bench:default: frappe.utils.background_jobs.execute_job(event=None, is_async=True, job_name='frappe.core.doctype.scheduled_job_type.scheduled_job_type.run_scheduled_jo..., kwargs={'job_type': 'erpnext.utilities.doctype.video.video.update_youtube_data', '..., method='frappe.core.doctype.scheduled_job_type.scheduled_job_type.run_scheduled_jo..., site='dev.localhost', user='Administrator') (dev.localhost::scheduled_job::h8bn927msj)
2025-02-06 02:00:03,120 workspace-frappe-bench:default: Job OK (dev.localhost::scheduled_job::h8bn927msj)
2025-02-06 02:00:03,120 Result is kept for 600 seconds
2025-02-06 02:00:03,127 workspace-frappe-bench:default: frappe.utils.background_jobs.execute_job(event=None, is_async=True, job_name='frappe.core.doctype.scheduled_job_type.scheduled_job_type.run_scheduled_jo..., kwargs={'job_type': 'erpnext.manufacturing.doctype.bom_update_log.bom_update_log.r..., method='frappe.core.doctype.scheduled_job_type.scheduled_job_type.run_scheduled_jo..., site='dev.localhost', user='Administrator') (dev.localhost::scheduled_job::h8ag45pu0p)
2025-02-06 02:00:03,345 workspace-frappe-bench:default: Job OK (dev.localhost::scheduled_job::h8ag45pu0p)
2025-02-06 02:00:03,345 Result is kept for 600 seconds
2025-02-06 02:00:03,351 workspace-frappe-bench:default: frappe.utils.background_jobs.execute_job(event=None, is_async=True, job_name='frappe.core.doctype.scheduled_job_type.scheduled_job_type.run_scheduled_jo..., kwargs={'job_type': 'erpnext.accounts.doctype.gl_entry.gl_entry.rename_gle_sle_doc..., method='frappe.core.doctype.scheduled_job_type.scheduled_job_type.run_scheduled_jo..., site='dev.localhost', user='Administrator') (dev.localhost::scheduled_job::h8av4bmen8)
2025-02-06 02:00:03,756 workspace-frappe-bench:default: Job OK (dev.localhost::scheduled_job::h8av4bmen8)
2025-02-06 02:00:03,756 Result is kept for 600 seconds
2025-02-06 02:00:03,769 workspace-frappe-bench:default: frappe.utils.background_jobs.execute_job(event=None, is_async=True, job_name='frappe.core.doctype.scheduled_job_type.scheduled_job_type.run_scheduled_jo..., kwargs={'job_type': 'frappe.email.doctype.email_account.email_account.pull', 'sche..., method='frappe.core.doctype.scheduled_job_type.scheduled_job_type.run_scheduled_jo..., site='dev.localhost', user='Administrator') (dev.localhost::scheduled_job::gh0658vc7i)
2025-02-06 02:00:04,144 workspace-frappe-bench:default: Job OK (dev.localhost::scheduled_job::gh0658vc7i)
2025-02-06 02:00:04,144 Result is kept for 600 seconds
2025-02-06 02:00:04,150 workspace-frappe-bench:default: frappe.utils.background_jobs.execute_job(event=None, is_async=True, job_name='frappe.core.doctype.scheduled_job_type.scheduled_job_type.run_scheduled_jo..., kwargs={'job_type': 'frappe.automation.doctype.reminder.reminder.send_reminders', ..., method='frappe.core.doctype.scheduled_job_type.scheduled_job_type.run_scheduled_jo..., site='dev.localhost', user='Administrator') (dev.localhost::scheduled_job::gh040jcecd)
2025-02-06 02:00:04,417 workspace-frappe-bench:default: Job OK (dev.localhost::scheduled_job::gh040jcecd)
2025-02-06 02:00:04,418 Result is kept for 600 seconds
2025-02-06 02:00:04,426 workspace-frappe-bench:default: frappe.utils.background_jobs.execute_job(event=None, is_async=True, job_name='frappe.core.doctype.scheduled_job_type.scheduled_job_type.run_scheduled_jo..., kwargs={'job_type': 'create_custom_schedule_all', 'scheduled_job_type': '3kme7dd2u..., method='frappe.core.doctype.scheduled_job_type.scheduled_job_type.run_scheduled_jo..., site='dev.localhost', user='Administrator') (dev.localhost::scheduled_job::3kme7dd2ul)
2025-02-06 02:00:04,671 workspace-frappe-bench:default: Job OK (dev.localhost::scheduled_job::3kme7dd2ul)
2025-02-06 02:00:04,671 Result is kept for 600 seconds
2025-02-06 02:00:04,678 workspace-frappe-bench:default: frappe.utils.background_jobs.execute_job(event=None, is_async=True, job_name='frappe.core.doctype.scheduled_job_type.scheduled_job_type.run_scheduled_jo..., kwargs={'job_type': 'frappe.monitor.flush', 'scheduled_job_type': 'gh0aujdlkv'}, method='frappe.core.doctype.scheduled_job_type.scheduled_job_type.run_scheduled_jo..., site='dev.localhost', user='Administrator') (dev.localhost::scheduled_job::gh0aujdlkv)
2025-02-06 02:00:04,902 workspace-frappe-bench:default: Job OK (dev.localhost::scheduled_job::gh0aujdlkv)
2025-02-06 02:00:04,902 Result is kept for 600 seconds
2025-02-06 02:00:04,911 workspace-frappe-bench:default: frappe.utils.background_jobs.execute_job(event=None, is_async=True, job_name='frappe.core.doctype.scheduled_job_type.scheduled_job_type.run_scheduled_jo..., kwargs={'job_type': 'frappe.twofactor.delete_all_barcodes_for_users', 'scheduled_j..., method='frappe.core.doctype.scheduled_job_type.scheduled_job_type.run_scheduled_jo..., site='dev.localhost', user='Administrator') (dev.localhost::scheduled_job::gh028ljaof)
2025-02-06 02:00:05,232 workspace-frappe-bench:default: Job OK (dev.localhost::scheduled_job::gh028ljaof)
2025-02-06 02:00:05,232 Result is kept for 600 seconds
2025-02-06 02:00:05,239 workspace-frappe-bench:default: frappe.utils.background_jobs.execute_job(event=None, is_async=True, job_name='frappe.core.doctype.scheduled_job_type.scheduled_job_type.run_scheduled_jo..., kwargs={'job_type': 'frappe.deferred_insert.save_to_db', 'scheduled_job_type': 'gh..., method='frappe.core.doctype.scheduled_job_type.scheduled_job_type.run_scheduled_jo..., site='dev.localhost', user='Administrator') (dev.localhost::scheduled_job::gh0bgqksqs)
2025-02-06 02:00:05,559 workspace-frappe-bench:default: Job OK (dev.localhost::scheduled_job::gh0bgqksqs)
2025-02-06 02:00:05,559 Result is kept for 600 seconds
2025-02-06 02:04:00,696 workspace-frappe-bench:default: frappe.utils.background_jobs.execute_job(event=None, is_async=True, job_name='frappe.core.doctype.scheduled_job_type.scheduled_job_type.run_scheduled_jo..., kwargs={'job_type': 'frappe.monitor.flush', 'scheduled_job_type': 'gh0aujdlkv'}, method='frappe.core.doctype.scheduled_job_type.scheduled_job_type.run_scheduled_jo..., site='dev.localhost', user='Administrator') (dev.localhost::scheduled_job::gh0aujdlkv)
2025-02-06 02:04:01,057 workspace-frappe-bench:default: Job OK (dev.localhost::scheduled_job::gh0aujdlkv)
2025-02-06 02:04:01,058 Result is kept for 600 seconds
2025-02-06 02:04:01,064 workspace-frappe-bench:default: frappe.utils.background_jobs.execute_job(event=None, is_async=True, job_name='frappe.core.doctype.scheduled_job_type.scheduled_job_type.run_scheduled_jo..., kwargs={'job_type': 'create_custom_schedule_all', 'scheduled_job_type': '3kme7dd2u..., method='frappe.core.doctype.scheduled_job_type.scheduled_job_type.run_scheduled_jo..., site='dev.localhost', user='Administrator') (dev.localhost::scheduled_job::3kme7dd2ul)
2025-02-06 02:04:01,292 workspace-frappe-bench:default: Job OK (dev.localhost::scheduled_job::3kme7dd2ul)
2025-02-06 02:04:01,292 Result is kept for 600 seconds
2025-02-06 02:04:01,298 workspace-frappe-bench:default: frappe.utils.background_jobs.execute_job(event=None, is_async=True, job_name='frappe.core.doctype.scheduled_job_type.scheduled_job_type.run_scheduled_jo..., kwargs={'job_type': 'frappe.email.queue.flush', 'scheduled_job_type': 'gh00mvce03'..., method='frappe.core.doctype.scheduled_job_type.scheduled_job_type.run_scheduled_jo..., site='dev.localhost', user='Administrator') (dev.localhost::scheduled_job::gh00mvce03)
2025-02-06 02:04:01,669 workspace-frappe-bench:default: Job OK (dev.localhost::scheduled_job::gh00mvce03)
2025-02-06 02:04:01,670 Result is kept for 600 seconds
2025-02-06 02:04:57,481 workspace-frappe-bench:default: frappe.utils.background_jobs.execute_job(event=None, is_async=True, job_name='frappe.core.doctype.user.user.create_contact', kwargs={'user': <User: doctype=User onedata@admin.com>, 'ignore_mandatory': True}, method='frappe.core.doctype.user.user.create_contact', site='dev.localhost', user='Administrator') (dev.localhost::ff60d810-3656-4cb0-979d-8e53423094ea)
2025-02-06 02:04:57,933 workspace-frappe-bench:default: Job OK (dev.localhost::ff60d810-3656-4cb0-979d-8e53423094ea)
2025-02-06 02:04:57,933 Result is kept for 600 seconds
2025-02-06 02:04:57,942 workspace-frappe-bench:default: frappe.utils.background_jobs.execute_job(event=None, is_async=True, job_name='frappe.core.doctype.user.user.update_gravatar', kwargs={'name': 'onedata@admin.com'}, method='frappe.core.doctype.user.user.update_gravatar', site='dev.localhost', user='Administrator') (dev.localhost::075aee4f-29e2-4de3-a6c1-3825ab915bf1)
2025-02-06 02:04:58,204 workspace-frappe-bench:default: Job OK (dev.localhost::075aee4f-29e2-4de3-a6c1-3825ab915bf1)
2025-02-06 02:04:58,204 Result is kept for 600 seconds
2025-02-06 02:08:01,002 workspace-frappe-bench:default: frappe.utils.background_jobs.execute_job(event=None, is_async=True, job_name='frappe.core.doctype.scheduled_job_type.scheduled_job_type.run_scheduled_jo..., kwargs={'job_type': 'create_custom_schedule_all', 'scheduled_job_type': '3kme7dd2u..., method='frappe.core.doctype.scheduled_job_type.scheduled_job_type.run_scheduled_jo..., site='dev.localhost', user='Administrator') (dev.localhost::scheduled_job::3kme7dd2ul)
2025-02-06 02:08:01,468 workspace-frappe-bench:default: Job OK (dev.localhost::scheduled_job::3kme7dd2ul)
2025-02-06 02:08:01,468 Result is kept for 600 seconds
2025-02-06 02:08:01,476 Cleaning registries for queue: workspace-frappe-bench:short
2025-02-06 02:08:01,477 Cleaning registries for queue: workspace-frappe-bench:default
2025-02-06 02:08:01,478 Cleaning registries for queue: workspace-frappe-bench:long
2025-02-06 02:08:01,481 workspace-frappe-bench:default: frappe.utils.background_jobs.execute_job(event=None, is_async=True, job_name='frappe.core.doctype.scheduled_job_type.scheduled_job_type.run_scheduled_jo..., kwargs={'job_type': 'frappe.monitor.flush', 'scheduled_job_type': 'gh0aujdlkv'}, method='frappe.core.doctype.scheduled_job_type.scheduled_job_type.run_scheduled_jo..., site='dev.localhost', user='Administrator') (dev.localhost::scheduled_job::gh0aujdlkv)
2025-02-06 02:08:01,722 workspace-frappe-bench:default: Job OK (dev.localhost::scheduled_job::gh0aujdlkv)
2025-02-06 02:08:01,722 Result is kept for 600 seconds
2025-02-06 02:08:01,729 workspace-frappe-bench:default: frappe.utils.background_jobs.execute_job(event=None, is_async=True, job_name='frappe.core.doctype.scheduled_job_type.scheduled_job_type.run_scheduled_jo..., kwargs={'job_type': 'frappe.email.doctype.notification.notification.trigger_offset..., method='frappe.core.doctype.scheduled_job_type.scheduled_job_type.run_scheduled_jo..., site='dev.localhost', user='Administrator') (dev.localhost::scheduled_job::gh07vsicua)
2025-02-06 02:08:01,949 workspace-frappe-bench:default: Job OK (dev.localhost::scheduled_job::gh07vsicua)
2025-02-06 02:08:01,949 Result is kept for 600 seconds
2025-02-06 02:08:01,955 workspace-frappe-bench:default: frappe.utils.background_jobs.execute_job(event=None, is_async=True, job_name='frappe.core.doctype.scheduled_job_type.scheduled_job_type.run_scheduled_jo..., kwargs={'job_type': 'frappe.email.queue.flush', 'scheduled_job_type': 'gh00mvce03'..., method='frappe.core.doctype.scheduled_job_type.scheduled_job_type.run_scheduled_jo..., site='dev.localhost', user='Administrator') (dev.localhost::scheduled_job::gh00mvce03)
2025-02-06 02:08:02,307 workspace-frappe-bench:default: Job OK (dev.localhost::scheduled_job::gh00mvce03)
2025-02-06 02:08:02,307 Result is kept for 600 seconds
2025-02-06 02:12:00,320 workspace-frappe-bench:default: frappe.utils.background_jobs.execute_job(event=None, is_async=True, job_name='frappe.core.doctype.scheduled_job_type.scheduled_job_type.run_scheduled_jo..., kwargs={'job_type': 'create_custom_schedule_all', 'scheduled_job_type': '3kme7dd2u..., method='frappe.core.doctype.scheduled_job_type.scheduled_job_type.run_scheduled_jo..., site='dev.localhost', user='Administrator') (dev.localhost::scheduled_job::3kme7dd2ul)
2025-02-06 02:12:00,708 workspace-frappe-bench:default: Job OK (dev.localhost::scheduled_job::3kme7dd2ul)
2025-02-06 02:12:00,709 Result is kept for 600 seconds
2025-02-06 02:12:00,716 workspace-frappe-bench:default: frappe.utils.background_jobs.execute_job(event=None, is_async=True, job_name='frappe.core.doctype.scheduled_job_type.scheduled_job_type.run_scheduled_jo..., kwargs={'job_type': 'frappe.monitor.flush', 'scheduled_job_type': 'gh0aujdlkv'}, method='frappe.core.doctype.scheduled_job_type.scheduled_job_type.run_scheduled_jo..., site='dev.localhost', user='Administrator') (dev.localhost::scheduled_job::gh0aujdlkv)
2025-02-06 02:12:00,955 workspace-frappe-bench:default: Job OK (dev.localhost::scheduled_job::gh0aujdlkv)
2025-02-06 02:12:00,956 Result is kept for 600 seconds
2025-02-06 02:12:00,964 workspace-frappe-bench:default: frappe.utils.background_jobs.execute_job(event=None, is_async=True, job_name='frappe.core.doctype.scheduled_job_type.scheduled_job_type.run_scheduled_jo..., kwargs={'job_type': 'frappe.email.doctype.email_account.email_account.pull', 'sche..., method='frappe.core.doctype.scheduled_job_type.scheduled_job_type.run_scheduled_jo..., site='dev.localhost', user='Administrator') (dev.localhost::scheduled_job::gh0658vc7i)
2025-02-06 02:12:01,340 workspace-frappe-bench:default: Job OK (dev.localhost::scheduled_job::gh0658vc7i)
2025-02-06 02:12:01,340 Result is kept for 600 seconds
2025-02-06 02:12:01,347 workspace-frappe-bench:default: frappe.utils.background_jobs.execute_job(event=None, is_async=True, job_name='frappe.core.doctype.scheduled_job_type.scheduled_job_type.run_scheduled_jo..., kwargs={'job_type': 'frappe.email.doctype.notification.notification.trigger_offset..., method='frappe.core.doctype.scheduled_job_type.scheduled_job_type.run_scheduled_jo..., site='dev.localhost', user='Administrator') (dev.localhost::scheduled_job::gh07vsicua)
2025-02-06 02:12:01,596 workspace-frappe-bench:default: Job OK (dev.localhost::scheduled_job::gh07vsicua)
2025-02-06 02:12:01,596 Result is kept for 600 seconds
2025-02-06 02:12:01,603 workspace-frappe-bench:default: frappe.utils.background_jobs.execute_job(event=None, is_async=True, job_name='frappe.core.doctype.scheduled_job_type.scheduled_job_type.run_scheduled_jo..., kwargs={'job_type': 'frappe.email.queue.flush', 'scheduled_job_type': 'gh00mvce03'..., method='frappe.core.doctype.scheduled_job_type.scheduled_job_type.run_scheduled_jo..., site='dev.localhost', user='Administrator') (dev.localhost::scheduled_job::gh00mvce03)
2025-02-06 02:12:01,913 workspace-frappe-bench:default: Job OK (dev.localhost::scheduled_job::gh00mvce03)
2025-02-06 02:12:01,913 Result is kept for 600 seconds
2025-02-06 02:16:00,704 workspace-frappe-bench:default: frappe.utils.background_jobs.execute_job(event=None, is_async=True, job_name='frappe.core.doctype.scheduled_job_type.scheduled_job_type.run_scheduled_jo..., kwargs={'job_type': 'frappe.twofactor.delete_all_barcodes_for_users', 'scheduled_j..., method='frappe.core.doctype.scheduled_job_type.scheduled_job_type.run_scheduled_jo..., site='dev.localhost', user='Administrator') (dev.localhost::scheduled_job::gh028ljaof)
2025-02-06 02:16:01,888 workspace-frappe-bench:default: Job OK (dev.localhost::scheduled_job::gh028ljaof)
2025-02-06 02:16:01,892 Result is kept for 600 seconds
2025-02-06 02:16:01,981 workspace-frappe-bench:default: frappe.utils.background_jobs.execute_job(event=None, is_async=True, job_name='frappe.core.doctype.scheduled_job_type.scheduled_job_type.run_scheduled_jo..., kwargs={'job_type': 'frappe.email.doctype.email_account.email_account.notify_unrep..., method='frappe.core.doctype.scheduled_job_type.scheduled_job_type.run_scheduled_jo..., site='dev.localhost', user='Administrator') (dev.localhost::scheduled_job::gh0mg9dg3j)
2025-02-06 02:16:02,599 workspace-frappe-bench:default: Job OK (dev.localhost::scheduled_job::gh0mg9dg3j)
2025-02-06 02:16:02,599 Result is kept for 600 seconds
2025-02-06 02:16:02,608 workspace-frappe-bench:default: frappe.utils.background_jobs.execute_job(event=None, is_async=True, job_name='frappe.core.doctype.scheduled_job_type.scheduled_job_type.run_scheduled_jo..., kwargs={'job_type': 'frappe.email.queue.flush', 'scheduled_job_type': 'gh00mvce03'..., method='frappe.core.doctype.scheduled_job_type.scheduled_job_type.run_scheduled_jo..., site='dev.localhost', user='Administrator') (dev.localhost::scheduled_job::gh00mvce03)
2025-02-06 02:16:03,223 workspace-frappe-bench:default: Job OK (dev.localhost::scheduled_job::gh00mvce03)
2025-02-06 02:16:03,224 Result is kept for 600 seconds
2025-02-06 02:16:03,234 workspace-frappe-bench:default: frappe.utils.background_jobs.execute_job(event=None, is_async=True, job_name='frappe.core.doctype.scheduled_job_type.scheduled_job_type.run_scheduled_jo..., kwargs={'job_type': 'frappe.website.doctype.web_page.web_page.check_publish_status..., method='frappe.core.doctype.scheduled_job_type.scheduled_job_type.run_scheduled_jo..., site='dev.localhost', user='Administrator') (dev.localhost::scheduled_job::gh0f8so08k)
2025-02-06 02:16:03,527 workspace-frappe-bench:default: Job OK (dev.localhost::scheduled_job::gh0f8so08k)
2025-02-06 02:16:03,528 Result is kept for 600 seconds
2025-02-06 02:16:03,534 workspace-frappe-bench:default: frappe.utils.background_jobs.execute_job(event=None, is_async=True, job_name='frappe.core.doctype.scheduled_job_type.scheduled_job_type.run_scheduled_jo..., kwargs={'job_type': 'frappe.deferred_insert.save_to_db', 'scheduled_job_type': 'gh..., method='frappe.core.doctype.scheduled_job_type.scheduled_job_type.run_scheduled_jo..., site='dev.localhost', user='Administrator') (dev.localhost::scheduled_job::gh0bgqksqs)
2025-02-06 02:16:03,896 workspace-frappe-bench:default: Job OK (dev.localhost::scheduled_job::gh0bgqksqs)
2025-02-06 02:16:03,896 Result is kept for 600 seconds
2025-02-06 02:16:03,903 workspace-frappe-bench:default: frappe.utils.background_jobs.execute_job(event=None, is_async=True, job_name='frappe.core.doctype.scheduled_job_type.scheduled_job_type.run_scheduled_jo..., kwargs={'job_type': 'erpnext.manufacturing.doctype.bom_update_log.bom_update_log.r..., method='frappe.core.doctype.scheduled_job_type.scheduled_job_type.run_scheduled_jo..., site='dev.localhost', user='Administrator') (dev.localhost::scheduled_job::h8ag45pu0p)
2025-02-06 02:16:04,140 workspace-frappe-bench:default: Job OK (dev.localhost::scheduled_job::h8ag45pu0p)
2025-02-06 02:16:04,140 Result is kept for 600 seconds
2025-02-06 02:16:04,149 workspace-frappe-bench:default: frappe.utils.background_jobs.execute_job(event=None, is_async=True, job_name='frappe.core.doctype.scheduled_job_type.scheduled_job_type.run_scheduled_jo..., kwargs={'job_type': 'frappe.monitor.flush', 'scheduled_job_type': 'gh0aujdlkv'}, method='frappe.core.doctype.scheduled_job_type.scheduled_job_type.run_scheduled_jo..., site='dev.localhost', user='Administrator') (dev.localhost::scheduled_job::gh0aujdlkv)
2025-02-06 02:16:04,561 workspace-frappe-bench:default: Job OK (dev.localhost::scheduled_job::gh0aujdlkv)
2025-02-06 02:16:04,561 Result is kept for 600 seconds
2025-02-06 02:16:04,568 workspace-frappe-bench:default: frappe.utils.background_jobs.execute_job(event=None, is_async=True, job_name='frappe.core.doctype.scheduled_job_type.scheduled_job_type.run_scheduled_jo..., kwargs={'job_type': 'frappe.oauth.delete_oauth2_data', 'scheduled_job_type': 'gh0c..., method='frappe.core.doctype.scheduled_job_type.scheduled_job_type.run_scheduled_jo..., site='dev.localhost', user='Administrator') (dev.localhost::scheduled_job::gh0cqqi3u8)
2025-02-06 02:16:04,817 workspace-frappe-bench:default: Job OK (dev.localhost::scheduled_job::gh0cqqi3u8)
2025-02-06 02:16:04,817 Result is kept for 600 seconds
2025-02-06 02:16:04,823 workspace-frappe-bench:default: frappe.utils.background_jobs.execute_job(event=None, is_async=True, job_name='frappe.core.doctype.scheduled_job_type.scheduled_job_type.run_scheduled_jo..., kwargs={'job_type': 'frappe.utils.global_search.sync_global_search', 'scheduled_jo..., method='frappe.core.doctype.scheduled_job_type.scheduled_job_type.run_scheduled_jo..., site='dev.localhost', user='Administrator') (dev.localhost::scheduled_job::gh0729h6vd)
2025-02-06 02:16:05,047 workspace-frappe-bench:default: Job OK (dev.localhost::scheduled_job::gh0729h6vd)
2025-02-06 02:16:05,047 Result is kept for 600 seconds
2025-02-06 02:16:05,054 workspace-frappe-bench:default: frappe.utils.background_jobs.execute_job(event=None, is_async=True, job_name='frappe.core.doctype.scheduled_job_type.scheduled_job_type.run_scheduled_jo..., kwargs={'job_type': 'frappe.email.doctype.notification.notification.trigger_offset..., method='frappe.core.doctype.scheduled_job_type.scheduled_job_type.run_scheduled_jo..., site='dev.localhost', user='Administrator') (dev.localhost::scheduled_job::gh07vsicua)
2025-02-06 02:16:05,288 workspace-frappe-bench:default: Job OK (dev.localhost::scheduled_job::gh07vsicua)
2025-02-06 02:16:05,288 Result is kept for 600 seconds
2025-02-06 02:16:05,295 workspace-frappe-bench:default: frappe.utils.background_jobs.execute_job(event=None, is_async=True, job_name='frappe.core.doctype.scheduled_job_type.scheduled_job_type.run_scheduled_jo..., kwargs={'job_type': 'frappe.automation.doctype.reminder.reminder.send_reminders', ..., method='frappe.core.doctype.scheduled_job_type.scheduled_job_type.run_scheduled_jo..., site='dev.localhost', user='Administrator') (dev.localhost::scheduled_job::gh040jcecd)
2025-02-06 02:16:05,699 workspace-frappe-bench:default: Job OK (dev.localhost::scheduled_job::gh040jcecd)
2025-02-06 02:16:05,700 Result is kept for 600 seconds
2025-02-06 02:16:05,710 workspace-frappe-bench:default: frappe.utils.background_jobs.execute_job(event=None, is_async=True, job_name='frappe.core.doctype.scheduled_job_type.scheduled_job_type.run_scheduled_jo..., kwargs={'job_type': 'create_custom_schedule_all', 'scheduled_job_type': '3kme7dd2u..., method='frappe.core.doctype.scheduled_job_type.scheduled_job_type.run_scheduled_jo..., site='dev.localhost', user='Administrator') (dev.localhost::scheduled_job::3kme7dd2ul)
2025-02-06 02:16:05,968 workspace-frappe-bench:default: Job OK (dev.localhost::scheduled_job::3kme7dd2ul)
2025-02-06 02:16:05,968 Result is kept for 600 seconds
2025-02-06 02:20:00,561 workspace-frappe-bench:default: frappe.utils.background_jobs.execute_job(event=None, is_async=True, job_name='frappe.core.doctype.scheduled_job_type.scheduled_job_type.run_scheduled_jo..., kwargs={'job_type': 'frappe.monitor.flush', 'scheduled_job_type': 'gh0aujdlkv'}, method='frappe.core.doctype.scheduled_job_type.scheduled_job_type.run_scheduled_jo..., site='dev.localhost', user='Administrator') (dev.localhost::scheduled_job::gh0aujdlkv)
2025-02-06 02:20:00,844 workspace-frappe-bench:default: Job OK (dev.localhost::scheduled_job::gh0aujdlkv)
2025-02-06 02:20:00,844 Result is kept for 600 seconds
2025-02-06 02:20:00,850 Cleaning registries for queue: workspace-frappe-bench:short
2025-02-06 02:20:00,851 Cleaning registries for queue: workspace-frappe-bench:default
2025-02-06 02:20:00,853 Cleaning registries for queue: workspace-frappe-bench:long
2025-02-06 02:20:00,854 workspace-frappe-bench:default: frappe.utils.background_jobs.execute_job(event=None, is_async=True, job_name='frappe.core.doctype.scheduled_job_type.scheduled_job_type.run_scheduled_jo..., kwargs={'job_type': 'frappe.email.doctype.email_account.email_account.pull', 'sche..., method='frappe.core.doctype.scheduled_job_type.scheduled_job_type.run_scheduled_jo..., site='dev.localhost', user='Administrator') (dev.localhost::scheduled_job::gh0658vc7i)
2025-02-06 02:20:01,092 workspace-frappe-bench:default: Job OK (dev.localhost::scheduled_job::gh0658vc7i)
2025-02-06 02:20:01,093 Result is kept for 600 seconds
2025-02-06 02:20:01,101 workspace-frappe-bench:default: frappe.utils.background_jobs.execute_job(event=None, is_async=True, job_name='frappe.core.doctype.scheduled_job_type.scheduled_job_type.run_scheduled_jo..., kwargs={'job_type': 'create_custom_schedule_all', 'scheduled_job_type': '3kme7dd2u..., method='frappe.core.doctype.scheduled_job_type.scheduled_job_type.run_scheduled_jo..., site='dev.localhost', user='Administrator') (dev.localhost::scheduled_job::3kme7dd2ul)
2025-02-06 02:20:01,401 workspace-frappe-bench:default: Job OK (dev.localhost::scheduled_job::3kme7dd2ul)
2025-02-06 02:20:01,401 Result is kept for 600 seconds
2025-02-06 02:20:01,411 workspace-frappe-bench:default: frappe.utils.background_jobs.execute_job(event=None, is_async=True, job_name='frappe.core.doctype.scheduled_job_type.scheduled_job_type.run_scheduled_jo..., kwargs={'job_type': 'frappe.email.queue.flush', 'scheduled_job_type': 'gh00mvce03'..., method='frappe.core.doctype.scheduled_job_type.scheduled_job_type.run_scheduled_jo..., site='dev.localhost', user='Administrator') (dev.localhost::scheduled_job::gh00mvce03)
2025-02-06 02:20:01,716 workspace-frappe-bench:default: Job OK (dev.localhost::scheduled_job::gh00mvce03)
2025-02-06 02:20:01,717 Result is kept for 600 seconds
2025-02-06 02:20:01,724 workspace-frappe-bench:default: frappe.utils.background_jobs.execute_job(event=None, is_async=True, job_name='frappe.core.doctype.scheduled_job_type.scheduled_job_type.run_scheduled_jo..., kwargs={'job_type': 'frappe.email.doctype.notification.notification.trigger_offset..., method='frappe.core.doctype.scheduled_job_type.scheduled_job_type.run_scheduled_jo..., site='dev.localhost', user='Administrator') (dev.localhost::scheduled_job::gh07vsicua)
2025-02-06 02:20:02,152 workspace-frappe-bench:default: Job OK (dev.localhost::scheduled_job::gh07vsicua)
2025-02-06 02:20:02,152 Result is kept for 600 seconds
2025-02-06 02:21:45,324 Worker 117c98933c1349c6b5f16e1d4f5fce90 [PID 2006]: warm shut down requested
2025-02-06 02:21:45,348 Unsubscribing from channel rq:pubsub:117c98933c1349c6b5f16e1d4f5fce90
2025-02-06 02:21:55,748 Worker rq:worker:f1001231fa784be0afe022aad5f4b2f5 started with PID 33708, version 1.16.2
2025-02-06 02:21:55,754 Subscribing to channel rq:pubsub:f1001231fa784be0afe022aad5f4b2f5
2025-02-06 02:21:55,771 *** Listening on workspace-frappe-bench:short, workspace-frappe-bench:default, workspace-frappe-bench:long...
2025-02-06 02:21:55,773 Cleaning registries for queue: workspace-frappe-bench:short
2025-02-06 02:21:55,796 Cleaning registries for queue: workspace-frappe-bench:default
2025-02-06 02:21:55,815 Cleaning registries for queue: workspace-frappe-bench:long
2025-02-06 02:24:00,242 workspace-frappe-bench:default: frappe.utils.background_jobs.execute_job(event=None, is_async=True, job_name='frappe.core.doctype.scheduled_job_type.scheduled_job_type.run_scheduled_jo..., kwargs={'job_type': 'frappe.monitor.flush', 'scheduled_job_type': 'gh0aujdlkv'}, method='frappe.core.doctype.scheduled_job_type.scheduled_job_type.run_scheduled_jo..., site='dev.localhost', user='Administrator') (dev.localhost::scheduled_job::gh0aujdlkv)
2025-02-06 02:24:00,608 workspace-frappe-bench:default: Job OK (dev.localhost::scheduled_job::gh0aujdlkv)
2025-02-06 02:24:00,608 Result is kept for 600 seconds
2025-02-06 02:24:00,615 workspace-frappe-bench:default: frappe.utils.background_jobs.execute_job(event=None, is_async=True, job_name='frappe.core.doctype.scheduled_job_type.scheduled_job_type.run_scheduled_jo..., kwargs={'job_type': 'frappe.email.queue.flush', 'scheduled_job_type': 'gh00mvce03'..., method='frappe.core.doctype.scheduled_job_type.scheduled_job_type.run_scheduled_jo..., site='dev.localhost', user='Administrator') (dev.localhost::scheduled_job::gh00mvce03)
2025-02-06 02:24:00,932 workspace-frappe-bench:default: Job OK (dev.localhost::scheduled_job::gh00mvce03)
2025-02-06 02:24:00,932 Result is kept for 600 seconds
2025-02-06 02:24:00,939 workspace-frappe-bench:default: frappe.utils.background_jobs.execute_job(event=None, is_async=True, job_name='frappe.core.doctype.scheduled_job_type.scheduled_job_type.run_scheduled_jo..., kwargs={'job_type': 'create_custom_schedule_all', 'scheduled_job_type': '3kme7dd2u..., method='frappe.core.doctype.scheduled_job_type.scheduled_job_type.run_scheduled_jo..., site='dev.localhost', user='Administrator') (dev.localhost::scheduled_job::3kme7dd2ul)
2025-02-06 02:24:01,201 workspace-frappe-bench:default: Job OK (dev.localhost::scheduled_job::3kme7dd2ul)
2025-02-06 02:24:01,201 Result is kept for 600 seconds
2025-02-06 02:28:00,473 workspace-frappe-bench:default: frappe.utils.background_jobs.execute_job(event=None, is_async=True, job_name='frappe.core.doctype.scheduled_job_type.scheduled_job_type.run_scheduled_jo..., kwargs={'job_type': 'create_custom_schedule_all', 'scheduled_job_type': '3kme7dd2u..., method='frappe.core.doctype.scheduled_job_type.scheduled_job_type.run_scheduled_jo..., site='dev.localhost', user='Administrator') (dev.localhost::scheduled_job::3kme7dd2ul)
2025-02-06 02:28:00,771 workspace-frappe-bench:default: Job OK (dev.localhost::scheduled_job::3kme7dd2ul)
2025-02-06 02:28:00,772 Result is kept for 600 seconds
2025-02-06 02:28:00,780 workspace-frappe-bench:default: frappe.utils.background_jobs.execute_job(event=None, is_async=True, job_name='frappe.core.doctype.scheduled_job_type.scheduled_job_type.run_scheduled_jo..., kwargs={'job_type': 'frappe.monitor.flush', 'scheduled_job_type': 'gh0aujdlkv'}, method='frappe.core.doctype.scheduled_job_type.scheduled_job_type.run_scheduled_jo..., site='dev.localhost', user='Administrator') (dev.localhost::scheduled_job::gh0aujdlkv)
2025-02-06 02:28:00,992 workspace-frappe-bench:default: Job OK (dev.localhost::scheduled_job::gh0aujdlkv)
2025-02-06 02:28:00,992 Result is kept for 600 seconds
2025-02-06 02:28:00,998 workspace-frappe-bench:default: frappe.utils.background_jobs.execute_job(event=None, is_async=True, job_name='frappe.core.doctype.scheduled_job_type.scheduled_job_type.run_scheduled_jo..., kwargs={'job_type': 'frappe.email.queue.flush', 'scheduled_job_type': 'gh00mvce03'..., method='frappe.core.doctype.scheduled_job_type.scheduled_job_type.run_scheduled_jo..., site='dev.localhost', user='Administrator') (dev.localhost::scheduled_job::gh00mvce03)
2025-02-06 02:28:01,379 workspace-frappe-bench:default: Job OK (dev.localhost::scheduled_job::gh00mvce03)
2025-02-06 02:28:01,379 Result is kept for 600 seconds
2025-02-06 02:28:01,389 workspace-frappe-bench:default: frappe.utils.background_jobs.execute_job(event=None, is_async=True, job_name='frappe.core.doctype.scheduled_job_type.scheduled_job_type.run_scheduled_jo..., kwargs={'job_type': 'frappe.email.doctype.notification.notification.trigger_offset..., method='frappe.core.doctype.scheduled_job_type.scheduled_job_type.run_scheduled_jo..., site='dev.localhost', user='Administrator') (dev.localhost::scheduled_job::gh07vsicua)
2025-02-06 02:28:01,665 workspace-frappe-bench:default: Job OK (dev.localhost::scheduled_job::gh07vsicua)
2025-02-06 02:28:01,665 Result is kept for 600 seconds
2025-02-06 02:32:00,700 workspace-frappe-bench:default: frappe.utils.background_jobs.execute_job(event=None, is_async=True, job_name='frappe.core.doctype.scheduled_job_type.scheduled_job_type.run_scheduled_jo..., kwargs={'job_type': 'erpnext.projects.doctype.project.project.hourly_reminder', 's..., method='frappe.core.doctype.scheduled_job_type.scheduled_job_type.run_scheduled_jo..., site='dev.localhost', user='Administrator') (dev.localhost::scheduled_job::h8bv7nrbkn)
2025-02-06 02:32:01,080 workspace-frappe-bench:default: Job OK (dev.localhost::scheduled_job::h8bv7nrbkn)
2025-02-06 02:32:01,080 Result is kept for 600 seconds
2025-02-06 02:32:01,087 Cleaning registries for queue: workspace-frappe-bench:short
2025-02-06 02:32:01,088 Cleaning registries for queue: workspace-frappe-bench:default
2025-02-06 02:32:01,090 Cleaning registries for queue: workspace-frappe-bench:long
2025-02-06 02:32:01,092 workspace-frappe-bench:default: frappe.utils.background_jobs.execute_job(event=None, is_async=True, job_name='frappe.core.doctype.scheduled_job_type.scheduled_job_type.run_scheduled_jo..., kwargs={'job_type': 'frappe.twofactor.delete_all_barcodes_for_users', 'scheduled_j..., method='frappe.core.doctype.scheduled_job_type.scheduled_job_type.run_scheduled_jo..., site='dev.localhost', user='Administrator') (dev.localhost::scheduled_job::gh028ljaof)
2025-02-06 02:32:01,337 workspace-frappe-bench:default: Job OK (dev.localhost::scheduled_job::gh028ljaof)
2025-02-06 02:32:01,337 Result is kept for 600 seconds
2025-02-06 02:32:01,344 workspace-frappe-bench:default: frappe.utils.background_jobs.execute_job(event=None, is_async=True, job_name='frappe.core.doctype.scheduled_job_type.scheduled_job_type.run_scheduled_jo..., kwargs={'job_type': 'frappe.email.doctype.email_account.email_account.pull', 'sche..., method='frappe.core.doctype.scheduled_job_type.scheduled_job_type.run_scheduled_jo..., site='dev.localhost', user='Administrator') (dev.localhost::scheduled_job::gh0658vc7i)
2025-02-06 02:32:01,594 workspace-frappe-bench:default: Job OK (dev.localhost::scheduled_job::gh0658vc7i)
2025-02-06 02:32:01,595 Result is kept for 600 seconds
2025-02-06 02:32:01,602 workspace-frappe-bench:default: frappe.utils.background_jobs.execute_job(event=None, is_async=True, job_name='frappe.core.doctype.scheduled_job_type.scheduled_job_type.run_scheduled_jo..., kwargs={'job_type': 'frappe.website.doctype.personal_data_deletion_request.persona..., method='frappe.core.doctype.scheduled_job_type.scheduled_job_type.run_scheduled_jo..., site='dev.localhost', user='Administrator') (dev.localhost::scheduled_job::gh0avp4j2n)
2025-02-06 02:32:01,930 workspace-frappe-bench:default: Job OK (dev.localhost::scheduled_job::gh0avp4j2n)
2025-02-06 02:32:01,930 Result is kept for 600 seconds
2025-02-06 02:32:01,938 workspace-frappe-bench:default: frappe.utils.background_jobs.execute_job(event=None, is_async=True, job_name='frappe.core.doctype.scheduled_job_type.scheduled_job_type.run_scheduled_jo..., kwargs={'job_type': 'create_custom_schedule_all', 'scheduled_job_type': '3kme7dd2u..., method='frappe.core.doctype.scheduled_job_type.scheduled_job_type.run_scheduled_jo..., site='dev.localhost', user='Administrator') (dev.localhost::scheduled_job::3kme7dd2ul)
2025-02-06 02:32:02,168 workspace-frappe-bench:default: Job OK (dev.localhost::scheduled_job::3kme7dd2ul)
2025-02-06 02:32:02,169 Result is kept for 600 seconds
2025-02-06 02:32:02,176 workspace-frappe-bench:default: frappe.utils.background_jobs.execute_job(event=None, is_async=True, job_name='frappe.core.doctype.scheduled_job_type.scheduled_job_type.run_scheduled_jo..., kwargs={'job_type': 'frappe.integrations.doctype.google_calendar.google_calendar.s..., method='frappe.core.doctype.scheduled_job_type.scheduled_job_type.run_scheduled_jo..., site='dev.localhost', user='Administrator') (dev.localhost::scheduled_job::gh03v1fbt6)
2025-02-06 02:32:02,606 workspace-frappe-bench:default: Job OK (dev.localhost::scheduled_job::gh03v1fbt6)
2025-02-06 02:32:02,606 Result is kept for 600 seconds
2025-02-06 02:32:02,614 workspace-frappe-bench:default: frappe.utils.background_jobs.execute_job(event=None, is_async=True, job_name='frappe.core.doctype.scheduled_job_type.scheduled_job_type.run_scheduled_jo..., kwargs={'job_type': 'erpnext.projects.doctype.project.project.collect_project_stat..., method='frappe.core.doctype.scheduled_job_type.scheduled_job_type.run_scheduled_jo..., site='dev.localhost', user='Administrator') (dev.localhost::scheduled_job::h8booulqbu)
2025-02-06 02:32:02,917 workspace-frappe-bench:default: Job OK (dev.localhost::scheduled_job::h8booulqbu)
2025-02-06 02:32:02,917 Result is kept for 600 seconds
2025-02-06 02:32:02,926 workspace-frappe-bench:default: frappe.utils.background_jobs.execute_job(event=None, is_async=True, job_name='frappe.core.doctype.scheduled_job_type.scheduled_job_type.run_scheduled_jo..., kwargs={'job_type': 'frappe.website.doctype.web_page.web_page.check_publish_status..., method='frappe.core.doctype.scheduled_job_type.scheduled_job_type.run_scheduled_jo..., site='dev.localhost', user='Administrator') (dev.localhost::scheduled_job::gh0f8so08k)
2025-02-06 02:32:03,269 workspace-frappe-bench:default: Job OK (dev.localhost::scheduled_job::gh0f8so08k)
2025-02-06 02:32:03,270 Result is kept for 600 seconds
2025-02-06 02:32:03,276 workspace-frappe-bench:default: frappe.utils.background_jobs.execute_job(event=None, is_async=True, job_name='frappe.core.doctype.scheduled_job_type.scheduled_job_type.run_scheduled_jo..., kwargs={'job_type': 'frappe.email.doctype.email_account.email_account.notify_unrep..., method='frappe.core.doctype.scheduled_job_type.scheduled_job_type.run_scheduled_jo..., site='dev.localhost', user='Administrator') (dev.localhost::scheduled_job::gh0mg9dg3j)
2025-02-06 02:32:03,517 workspace-frappe-bench:default: Job OK (dev.localhost::scheduled_job::gh0mg9dg3j)
2025-02-06 02:32:03,517 Result is kept for 600 seconds
2025-02-06 02:32:03,524 workspace-frappe-bench:default: frappe.utils.background_jobs.execute_job(event=None, is_async=True, job_name='frappe.core.doctype.scheduled_job_type.scheduled_job_type.run_scheduled_jo..., kwargs={'job_type': 'frappe.model.utils.user_settings.sync_user_settings', 'schedu..., method='frappe.core.doctype.scheduled_job_type.scheduled_job_type.run_scheduled_jo..., site='dev.localhost', user='Administrator') (dev.localhost::scheduled_job::gh0u188jge)
2025-02-06 02:32:03,799 workspace-frappe-bench:default: Job OK (dev.localhost::scheduled_job::gh0u188jge)
2025-02-06 02:32:03,799 Result is kept for 600 seconds
2025-02-06 02:32:03,805 workspace-frappe-bench:default: frappe.utils.background_jobs.execute_job(event=None, is_async=True, job_name='frappe.core.doctype.scheduled_job_type.scheduled_job_type.run_scheduled_jo..., kwargs={'job_type': 'frappe.deferred_insert.save_to_db', 'scheduled_job_type': 'gh..., method='frappe.core.doctype.scheduled_job_type.scheduled_job_type.run_scheduled_jo..., site='dev.localhost', user='Administrator') (dev.localhost::scheduled_job::gh0bgqksqs)
2025-02-06 02:32:04,158 workspace-frappe-bench:default: Job OK (dev.localhost::scheduled_job::gh0bgqksqs)
2025-02-06 02:32:04,158 Result is kept for 600 seconds
2025-02-06 02:32:04,184 workspace-frappe-bench:default: frappe.utils.background_jobs.execute_job(event=None, is_async=True, job_name='frappe.core.doctype.scheduled_job_type.scheduled_job_type.run_scheduled_jo..., kwargs={'job_type': 'frappe.desk.page.backups.backups.delete_downloadable_backups'..., method='frappe.core.doctype.scheduled_job_type.scheduled_job_type.run_scheduled_jo..., site='dev.localhost', user='Administrator') (dev.localhost::scheduled_job::gh0ng053v2)
2025-02-06 02:32:04,517 workspace-frappe-bench:default: Job OK (dev.localhost::scheduled_job::gh0ng053v2)
2025-02-06 02:32:04,517 Result is kept for 600 seconds
2025-02-06 02:32:04,523 workspace-frappe-bench:default: frappe.utils.background_jobs.execute_job(event=None, is_async=True, job_name='frappe.core.doctype.scheduled_job_type.scheduled_job_type.run_scheduled_jo..., kwargs={'job_type': 'frappe.oauth.delete_oauth2_data', 'scheduled_job_type': 'gh0c..., method='frappe.core.doctype.scheduled_job_type.scheduled_job_type.run_scheduled_jo..., site='dev.localhost', user='Administrator') (dev.localhost::scheduled_job::gh0cqqi3u8)
2025-02-06 02:32:04,826 workspace-frappe-bench:default: Job OK (dev.localhost::scheduled_job::gh0cqqi3u8)
2025-02-06 02:32:04,826 Result is kept for 600 seconds
2025-02-06 02:32:04,837 workspace-frappe-bench:default: frappe.utils.background_jobs.execute_job(event=None, is_async=True, job_name='frappe.core.doctype.scheduled_job_type.scheduled_job_type.run_scheduled_jo..., kwargs={'job_type': 'frappe.email.doctype.newsletter.newsletter.send_scheduled_ema..., method='frappe.core.doctype.scheduled_job_type.scheduled_job_type.run_scheduled_jo..., site='dev.localhost', user='Administrator') (dev.localhost::scheduled_job::gh06jvuf2j)
2025-02-06 02:32:05,253 workspace-frappe-bench:default: Job OK (dev.localhost::scheduled_job::gh06jvuf2j)
2025-02-06 02:32:05,253 Result is kept for 600 seconds
2025-02-06 02:32:05,261 workspace-frappe-bench:default: frappe.utils.background_jobs.execute_job(event=None, is_async=True, job_name='frappe.core.doctype.scheduled_job_type.scheduled_job_type.run_scheduled_jo..., kwargs={'job_type': 'frappe.utils.global_search.sync_global_search', 'scheduled_jo..., method='frappe.core.doctype.scheduled_job_type.scheduled_job_type.run_scheduled_jo..., site='dev.localhost', user='Administrator') (dev.localhost::scheduled_job::gh0729h6vd)
2025-02-06 02:32:05,609 workspace-frappe-bench:default: Job OK (dev.localhost::scheduled_job::gh0729h6vd)
2025-02-06 02:32:05,609 Result is kept for 600 seconds
2025-02-06 02:32:05,615 workspace-frappe-bench:default: frappe.utils.background_jobs.execute_job(event=None, is_async=True, job_name='frappe.core.doctype.scheduled_job_type.scheduled_job_type.run_scheduled_jo..., kwargs={'job_type': 'frappe.desk.form.document_follow.send_hourly_updates', 'sched..., method='frappe.core.doctype.scheduled_job_type.scheduled_job_type.run_scheduled_jo..., site='dev.localhost', user='Administrator') (dev.localhost::scheduled_job::gh0j4hkguk)
2025-02-06 02:32:05,886 workspace-frappe-bench:default: Job OK (dev.localhost::scheduled_job::gh0j4hkguk)
2025-02-06 02:32:05,886 Result is kept for 600 seconds
2025-02-06 02:32:05,893 workspace-frappe-bench:default: frappe.utils.background_jobs.execute_job(event=None, is_async=True, job_name='frappe.core.doctype.scheduled_job_type.scheduled_job_type.run_scheduled_jo..., kwargs={'job_type': 'frappe.email.queue.flush', 'scheduled_job_type': 'gh00mvce03'..., method='frappe.core.doctype.scheduled_job_type.scheduled_job_type.run_scheduled_jo..., site='dev.localhost', user='Administrator') (dev.localhost::scheduled_job::gh00mvce03)
2025-02-06 02:32:06,221 workspace-frappe-bench:default: Job OK (dev.localhost::scheduled_job::gh00mvce03)
2025-02-06 02:32:06,221 Result is kept for 600 seconds
2025-02-06 02:32:06,228 workspace-frappe-bench:default: frappe.utils.background_jobs.execute_job(event=None, is_async=True, job_name='frappe.core.doctype.scheduled_job_type.scheduled_job_type.run_scheduled_jo..., kwargs={'job_type': 'erpnext.projects.doctype.project.project.project_status_updat..., method='frappe.core.doctype.scheduled_job_type.scheduled_job_type.run_scheduled_jo..., site='dev.localhost', user='Administrator') (dev.localhost::scheduled_job::h8b1mfe1is)
2025-02-06 02:32:06,506 workspace-frappe-bench:default: Job OK (dev.localhost::scheduled_job::h8b1mfe1is)
2025-02-06 02:32:06,506 Result is kept for 600 seconds
2025-02-06 02:32:06,513 workspace-frappe-bench:default: frappe.utils.background_jobs.execute_job(event=None, is_async=True, job_name='frappe.core.doctype.scheduled_job_type.scheduled_job_type.run_scheduled_jo..., kwargs={'job_type': 'erpnext.erpnext_integrations.doctype.plaid_settings.plaid_set..., method='frappe.core.doctype.scheduled_job_type.scheduled_job_type.run_scheduled_jo..., site='dev.localhost', user='Administrator') (dev.localhost::scheduled_job::h8b151fufq)
2025-02-06 02:32:06,858 workspace-frappe-bench:default: Job OK (dev.localhost::scheduled_job::h8b151fufq)
2025-02-06 02:32:06,859 Result is kept for 600 seconds
2025-02-06 02:32:06,868 workspace-frappe-bench:default: frappe.utils.background_jobs.execute_job(event=None, is_async=True, job_name='frappe.core.doctype.scheduled_job_type.scheduled_job_type.run_scheduled_jo..., kwargs={'job_type': 'erpnext.utilities.doctype.video.video.update_youtube_data', '..., method='frappe.core.doctype.scheduled_job_type.scheduled_job_type.run_scheduled_jo..., site='dev.localhost', user='Administrator') (dev.localhost::scheduled_job::h8bn927msj)
2025-02-06 02:32:07,367 workspace-frappe-bench:default: Job OK (dev.localhost::scheduled_job::h8bn927msj)
2025-02-06 02:32:07,367 Result is kept for 600 seconds
2025-02-06 02:32:07,375 workspace-frappe-bench:default: frappe.utils.background_jobs.execute_job(event=None, is_async=True, job_name='frappe.core.doctype.scheduled_job_type.scheduled_job_type.run_scheduled_jo..., kwargs={'job_type': 'frappe.model.utils.link_count.update_link_count', 'scheduled_..., method='frappe.core.doctype.scheduled_job_type.scheduled_job_type.run_scheduled_jo..., site='dev.localhost', user='Administrator') (dev.localhost::scheduled_job::gh0qg95qk3)
2025-02-06 02:32:07,663 workspace-frappe-bench:default: Job OK (dev.localhost::scheduled_job::gh0qg95qk3)
2025-02-06 02:32:07,663 Result is kept for 600 seconds
2025-02-06 02:32:07,670 workspace-frappe-bench:default: frappe.utils.background_jobs.execute_job(event=None, is_async=True, job_name='frappe.core.doctype.scheduled_job_type.scheduled_job_type.run_scheduled_jo..., kwargs={'job_type': 'erpnext.manufacturing.doctype.bom_update_log.bom_update_log.r..., method='frappe.core.doctype.scheduled_job_type.scheduled_job_type.run_scheduled_jo..., site='dev.localhost', user='Administrator') (dev.localhost::scheduled_job::h8ag45pu0p)
2025-02-06 02:32:07,989 workspace-frappe-bench:default: Job OK (dev.localhost::scheduled_job::h8ag45pu0p)
2025-02-06 02:32:07,989 Result is kept for 600 seconds
2025-02-06 02:32:07,995 workspace-frappe-bench:default: frappe.utils.background_jobs.execute_job(event=None, is_async=True, job_name='frappe.core.doctype.scheduled_job_type.scheduled_job_type.run_scheduled_jo..., kwargs={'job_type': 'frappe.monitor.flush', 'scheduled_job_type': 'gh0aujdlkv'}, method='frappe.core.doctype.scheduled_job_type.scheduled_job_type.run_scheduled_jo..., site='dev.localhost', user='Administrator') (dev.localhost::scheduled_job::gh0aujdlkv)
2025-02-06 02:32:08,224 workspace-frappe-bench:default: Job OK (dev.localhost::scheduled_job::gh0aujdlkv)
2025-02-06 02:32:08,225 Result is kept for 600 seconds
2025-02-06 02:32:08,231 workspace-frappe-bench:default: frappe.utils.background_jobs.execute_job(event=None, is_async=True, job_name='frappe.core.doctype.scheduled_job_type.scheduled_job_type.run_scheduled_jo..., kwargs={'job_type': 'frappe.email.doctype.notification.notification.trigger_offset..., method='frappe.core.doctype.scheduled_job_type.scheduled_job_type.run_scheduled_jo..., site='dev.localhost', user='Administrator') (dev.localhost::scheduled_job::gh07vsicua)
2025-02-06 02:32:08,462 workspace-frappe-bench:default: Job OK (dev.localhost::scheduled_job::gh07vsicua)
2025-02-06 02:32:08,462 Result is kept for 600 seconds
2025-02-06 02:32:08,469 workspace-frappe-bench:default: frappe.utils.background_jobs.execute_job(event=None, is_async=True, job_name='frappe.core.doctype.scheduled_job_type.scheduled_job_type.run_scheduled_jo..., kwargs={'job_type': 'frappe.automation.doctype.reminder.reminder.send_reminders', ..., method='frappe.core.doctype.scheduled_job_type.scheduled_job_type.run_scheduled_jo..., site='dev.localhost', user='Administrator') (dev.localhost::scheduled_job::gh040jcecd)
2025-02-06 02:32:08,713 workspace-frappe-bench:default: Job OK (dev.localhost::scheduled_job::gh040jcecd)
2025-02-06 02:32:08,713 Result is kept for 600 seconds
2025-02-06 02:36:01,016 workspace-frappe-bench:default: frappe.utils.background_jobs.execute_job(event=None, is_async=True, job_name='frappe.core.doctype.scheduled_job_type.scheduled_job_type.run_scheduled_jo..., kwargs={'job_type': 'create_custom_schedule_all', 'scheduled_job_type': '3kme7dd2u..., method='frappe.core.doctype.scheduled_job_type.scheduled_job_type.run_scheduled_jo..., site='dev.localhost', user='Administrator') (dev.localhost::scheduled_job::3kme7dd2ul)
2025-02-06 02:36:01,300 workspace-frappe-bench:default: Job OK (dev.localhost::scheduled_job::3kme7dd2ul)
2025-02-06 02:36:01,300 Result is kept for 600 seconds
2025-02-06 02:36:01,307 workspace-frappe-bench:default: frappe.utils.background_jobs.execute_job(event=None, is_async=True, job_name='frappe.core.doctype.scheduled_job_type.scheduled_job_type.run_scheduled_jo..., kwargs={'job_type': 'frappe.email.doctype.notification.notification.trigger_offset..., method='frappe.core.doctype.scheduled_job_type.scheduled_job_type.run_scheduled_jo..., site='dev.localhost', user='Administrator') (dev.localhost::scheduled_job::gh07vsicua)
2025-02-06 02:36:01,554 workspace-frappe-bench:default: Job OK (dev.localhost::scheduled_job::gh07vsicua)
2025-02-06 02:36:01,555 Result is kept for 600 seconds
2025-02-06 02:36:01,564 workspace-frappe-bench:default: frappe.utils.background_jobs.execute_job(event=None, is_async=True, job_name='frappe.core.doctype.scheduled_job_type.scheduled_job_type.run_scheduled_jo..., kwargs={'job_type': 'frappe.monitor.flush', 'scheduled_job_type': 'gh0aujdlkv'}, method='frappe.core.doctype.scheduled_job_type.scheduled_job_type.run_scheduled_jo..., site='dev.localhost', user='Administrator') (dev.localhost::scheduled_job::gh0aujdlkv)
2025-02-06 02:36:01,818 workspace-frappe-bench:default: Job OK (dev.localhost::scheduled_job::gh0aujdlkv)
2025-02-06 02:36:01,818 Result is kept for 600 seconds
2025-02-06 02:36:01,825 workspace-frappe-bench:default: frappe.utils.background_jobs.execute_job(event=None, is_async=True, job_name='frappe.core.doctype.scheduled_job_type.scheduled_job_type.run_scheduled_jo..., kwargs={'job_type': 'frappe.email.queue.flush', 'scheduled_job_type': 'gh00mvce03'..., method='frappe.core.doctype.scheduled_job_type.scheduled_job_type.run_scheduled_jo..., site='dev.localhost', user='Administrator') (dev.localhost::scheduled_job::gh00mvce03)
2025-02-06 02:36:02,239 workspace-frappe-bench:default: Job OK (dev.localhost::scheduled_job::gh00mvce03)
2025-02-06 02:36:02,240 Result is kept for 600 seconds
2025-02-06 02:39:46,529 workspace-frappe-bench:default: frappe.utils.background_jobs.execute_job(event=None, is_async=True, job_name='frappe.model.delete_doc.delete_dynamic_links', kwargs={'doctype': 'Client Script', 'name': 'Weather Data Fetch'}, method='frappe.model.delete_doc.delete_dynamic_links', site='dev.localhost', user='Administrator') (dev.localhost::98c071eb-3ec8-4f25-92fe-c449196ef45a)
2025-02-06 02:39:46,578 workspace-frappe-bench:default: Job OK (dev.localhost::98c071eb-3ec8-4f25-92fe-c449196ef45a)
2025-02-06 02:39:46,578 Result is kept for 600 seconds
2025-02-06 02:40:00,172 workspace-frappe-bench:long: frappe.utils.background_jobs.execute_job(event=None, is_async=True, job_name='frappe.core.doctype.scheduled_job_type.scheduled_job_type.run_scheduled_jo..., kwargs={'job_type': 'erpnext.stock.doctype.repost_item_valuation.repost_item_valua..., method='frappe.core.doctype.scheduled_job_type.scheduled_job_type.run_scheduled_jo..., site='dev.localhost', user='Administrator') (dev.localhost::scheduled_job::h8dta323bp)
2025-02-06 02:40:00,626 workspace-frappe-bench:long: Job OK (dev.localhost::scheduled_job::h8dta323bp)
2025-02-06 02:40:00,626 Result is kept for 600 seconds
2025-02-06 02:40:00,633 workspace-frappe-bench:default: frappe.utils.background_jobs.execute_job(event=None, is_async=True, job_name='frappe.core.doctype.scheduled_job_type.scheduled_job_type.run_scheduled_jo..., kwargs={'job_type': 'frappe.email.doctype.email_account.email_account.pull', 'sche..., method='frappe.core.doctype.scheduled_job_type.scheduled_job_type.run_scheduled_jo..., site='dev.localhost', user='Administrator') (dev.localhost::scheduled_job::gh0658vc7i)
2025-02-06 02:40:00,880 workspace-frappe-bench:default: Job OK (dev.localhost::scheduled_job::gh0658vc7i)
2025-02-06 02:40:00,880 Result is kept for 600 seconds
2025-02-06 02:40:00,887 workspace-frappe-bench:default: frappe.utils.background_jobs.execute_job(event=None, is_async=True, job_name='frappe.core.doctype.scheduled_job_type.scheduled_job_type.run_scheduled_jo..., kwargs={'job_type': 'frappe.monitor.flush', 'scheduled_job_type': 'gh0aujdlkv'}, method='frappe.core.doctype.scheduled_job_type.scheduled_job_type.run_scheduled_jo..., site='dev.localhost', user='Administrator') (dev.localhost::scheduled_job::gh0aujdlkv)
2025-02-06 02:40:01,105 workspace-frappe-bench:default: Job OK (dev.localhost::scheduled_job::gh0aujdlkv)
2025-02-06 02:40:01,105 Result is kept for 600 seconds
2025-02-06 02:40:01,111 workspace-frappe-bench:default: frappe.utils.background_jobs.execute_job(event=None, is_async=True, job_name='frappe.core.doctype.scheduled_job_type.scheduled_job_type.run_scheduled_jo..., kwargs={'job_type': 'create_custom_schedule_all', 'scheduled_job_type': '3kme7dd2u..., method='frappe.core.doctype.scheduled_job_type.scheduled_job_type.run_scheduled_jo..., site='dev.localhost', user='Administrator') (dev.localhost::scheduled_job::3kme7dd2ul)
2025-02-06 02:40:01,336 workspace-frappe-bench:default: Job OK (dev.localhost::scheduled_job::3kme7dd2ul)
2025-02-06 02:40:01,336 Result is kept for 600 seconds
2025-02-06 02:40:01,342 workspace-frappe-bench:default: frappe.utils.background_jobs.execute_job(event=None, is_async=True, job_name='frappe.core.doctype.scheduled_job_type.scheduled_job_type.run_scheduled_jo..., kwargs={'job_type': 'frappe.email.queue.flush', 'scheduled_job_type': 'gh00mvce03'..., method='frappe.core.doctype.scheduled_job_type.scheduled_job_type.run_scheduled_jo..., site='dev.localhost', user='Administrator') (dev.localhost::scheduled_job::gh00mvce03)
2025-02-06 02:40:01,715 workspace-frappe-bench:default: Job OK (dev.localhost::scheduled_job::gh00mvce03)
2025-02-06 02:40:01,716 Result is kept for 600 seconds
2025-02-06 02:40:01,726 workspace-frappe-bench:default: frappe.utils.background_jobs.execute_job(event=None, is_async=True, job_name='frappe.core.doctype.scheduled_job_type.scheduled_job_type.run_scheduled_jo..., kwargs={'job_type': 'frappe.email.doctype.notification.notification.trigger_offset..., method='frappe.core.doctype.scheduled_job_type.scheduled_job_type.run_scheduled_jo..., site='dev.localhost', user='Administrator') (dev.localhost::scheduled_job::gh07vsicua)
2025-02-06 02:40:01,960 workspace-frappe-bench:default: Job OK (dev.localhost::scheduled_job::gh07vsicua)
2025-02-06 02:40:01,960 Result is kept for 600 seconds
2025-02-06 02:40:01,967 workspace-frappe-bench:long: frappe.utils.background_jobs.execute_job(event=None, is_async=True, job_name='frappe.core.doctype.scheduled_job_type.scheduled_job_type.run_scheduled_jo..., kwargs={'job_type': 'erpnext.utilities.bulk_transaction.retry', 'scheduled_job_typ..., method='frappe.core.doctype.scheduled_job_type.scheduled_job_type.run_scheduled_jo..., site='dev.localhost', user='Administrator') (dev.localhost::scheduled_job::h8d0asgua1)
2025-02-06 02:40:02,304 workspace-frappe-bench:long: Job OK (dev.localhost::scheduled_job::h8d0asgua1)
2025-02-06 02:40:02,304 Result is kept for 600 seconds
2025-02-06 02:44:00,431 workspace-frappe-bench:default: frappe.utils.background_jobs.execute_job(event=None, is_async=True, job_name='frappe.core.doctype.scheduled_job_type.scheduled_job_type.run_scheduled_jo..., kwargs={'job_type': 'frappe.monitor.flush', 'scheduled_job_type': 'gh0aujdlkv'}, method='frappe.core.doctype.scheduled_job_type.scheduled_job_type.run_scheduled_jo..., site='dev.localhost', user='Administrator') (dev.localhost::scheduled_job::gh0aujdlkv)
2025-02-06 02:44:00,790 workspace-frappe-bench:default: Job OK (dev.localhost::scheduled_job::gh0aujdlkv)
2025-02-06 02:44:00,790 Result is kept for 600 seconds
2025-02-06 02:44:00,796 Cleaning registries for queue: workspace-frappe-bench:short
2025-02-06 02:44:00,798 Cleaning registries for queue: workspace-frappe-bench:default
2025-02-06 02:44:00,799 Cleaning registries for queue: workspace-frappe-bench:long
2025-02-06 02:44:00,801 workspace-frappe-bench:default: frappe.utils.background_jobs.execute_job(event=None, is_async=True, job_name='frappe.core.doctype.scheduled_job_type.scheduled_job_type.run_scheduled_jo..., kwargs={'job_type': 'frappe.email.queue.flush', 'scheduled_job_type': 'gh00mvce03'..., method='frappe.core.doctype.scheduled_job_type.scheduled_job_type.run_scheduled_jo..., site='dev.localhost', user='Administrator') (dev.localhost::scheduled_job::gh00mvce03)
2025-02-06 02:44:01,426 workspace-frappe-bench:default: Job OK (dev.localhost::scheduled_job::gh00mvce03)
2025-02-06 02:44:01,426 Result is kept for 600 seconds
2025-02-06 02:44:01,436 workspace-frappe-bench:default: frappe.utils.background_jobs.execute_job(event=None, is_async=True, job_name='frappe.core.doctype.scheduled_job_type.scheduled_job_type.run_scheduled_jo..., kwargs={'job_type': 'create_custom_schedule_all', 'scheduled_job_type': '3kme7dd2u..., method='frappe.core.doctype.scheduled_job_type.scheduled_job_type.run_scheduled_jo..., site='dev.localhost', user='Administrator') (dev.localhost::scheduled_job::3kme7dd2ul)
2025-02-06 02:44:01,683 workspace-frappe-bench:default: Job OK (dev.localhost::scheduled_job::3kme7dd2ul)
2025-02-06 02:44:01,683 Result is kept for 600 seconds
2025-02-06 02:44:27,264 workspace-frappe-bench:default: frappe.utils.background_jobs.execute_job(event=None, is_async=True, job_name='frappe.model.delete_doc.delete_dynamic_links', kwargs={'doctype': 'Client Script', 'name': 'Employee List Settings'}, method='frappe.model.delete_doc.delete_dynamic_links', site='dev.localhost', user='Administrator') (dev.localhost::5299f5fc-85ce-4c73-b3e3-f41bad875a17)
2025-02-06 02:44:27,312 workspace-frappe-bench:default: Job OK (dev.localhost::5299f5fc-85ce-4c73-b3e3-f41bad875a17)
2025-02-06 02:44:27,312 Result is kept for 600 seconds
2025-02-06 02:48:00,646 workspace-frappe-bench:default: frappe.utils.background_jobs.execute_job(event=None, is_async=True, job_name='frappe.core.doctype.scheduled_job_type.scheduled_job_type.run_scheduled_jo..., kwargs={'job_type': 'frappe.website.doctype.web_page.web_page.check_publish_status..., method='frappe.core.doctype.scheduled_job_type.scheduled_job_type.run_scheduled_jo..., site='dev.localhost', user='Administrator') (dev.localhost::scheduled_job::gh0f8so08k)
2025-02-06 02:48:01,070 workspace-frappe-bench:default: Job OK (dev.localhost::scheduled_job::gh0f8so08k)
2025-02-06 02:48:01,070 Result is kept for 600 seconds
2025-02-06 02:48:01,079 workspace-frappe-bench:default: frappe.utils.background_jobs.execute_job(event=None, is_async=True, job_name='frappe.core.doctype.scheduled_job_type.scheduled_job_type.run_scheduled_jo..., kwargs={'job_type': 'frappe.deferred_insert.save_to_db', 'scheduled_job_type': 'gh..., method='frappe.core.doctype.scheduled_job_type.scheduled_job_type.run_scheduled_jo..., site='dev.localhost', user='Administrator') (dev.localhost::scheduled_job::gh0bgqksqs)
2025-02-06 02:48:01,546 workspace-frappe-bench:default: Job OK (dev.localhost::scheduled_job::gh0bgqksqs)
2025-02-06 02:48:01,546 Result is kept for 600 seconds
2025-02-06 02:48:01,555 workspace-frappe-bench:default: frappe.utils.background_jobs.execute_job(event=None, is_async=True, job_name='frappe.core.doctype.scheduled_job_type.scheduled_job_type.run_scheduled_jo..., kwargs={'job_type': 'erpnext.manufacturing.doctype.bom_update_log.bom_update_log.r..., method='frappe.core.doctype.scheduled_job_type.scheduled_job_type.run_scheduled_jo..., site='dev.localhost', user='Administrator') (dev.localhost::scheduled_job::h8ag45pu0p)
2025-02-06 02:48:01,884 workspace-frappe-bench:default: Job OK (dev.localhost::scheduled_job::h8ag45pu0p)
2025-02-06 02:48:01,884 Result is kept for 600 seconds
2025-02-06 02:48:01,891 workspace-frappe-bench:default: frappe.utils.background_jobs.execute_job(event=None, is_async=True, job_name='frappe.core.doctype.scheduled_job_type.scheduled_job_type.run_scheduled_jo..., kwargs={'job_type': 'frappe.oauth.delete_oauth2_data', 'scheduled_job_type': 'gh0c..., method='frappe.core.doctype.scheduled_job_type.scheduled_job_type.run_scheduled_jo..., site='dev.localhost', user='Administrator') (dev.localhost::scheduled_job::gh0cqqi3u8)
2025-02-06 02:48:02,140 workspace-frappe-bench:default: Job OK (dev.localhost::scheduled_job::gh0cqqi3u8)
2025-02-06 02:48:02,140 Result is kept for 600 seconds
2025-02-06 02:48:02,147 workspace-frappe-bench:default: frappe.utils.background_jobs.execute_job(event=None, is_async=True, job_name='frappe.core.doctype.scheduled_job_type.scheduled_job_type.run_scheduled_jo..., kwargs={'job_type': 'frappe.email.doctype.email_account.email_account.notify_unrep..., method='frappe.core.doctype.scheduled_job_type.scheduled_job_type.run_scheduled_jo..., site='dev.localhost', user='Administrator') (dev.localhost::scheduled_job::gh0mg9dg3j)
2025-02-06 02:48:02,393 workspace-frappe-bench:default: Job OK (dev.localhost::scheduled_job::gh0mg9dg3j)
2025-02-06 02:48:02,393 Result is kept for 600 seconds
2025-02-06 02:48:02,400 workspace-frappe-bench:default: frappe.utils.background_jobs.execute_job(event=None, is_async=True, job_name='frappe.core.doctype.scheduled_job_type.scheduled_job_type.run_scheduled_jo..., kwargs={'job_type': 'frappe.email.queue.flush', 'scheduled_job_type': 'gh00mvce03'..., method='frappe.core.doctype.scheduled_job_type.scheduled_job_type.run_scheduled_jo..., site='dev.localhost', user='Administrator') (dev.localhost::scheduled_job::gh00mvce03)
2025-02-06 02:48:02,706 workspace-frappe-bench:default: Job OK (dev.localhost::scheduled_job::gh00mvce03)
2025-02-06 02:48:02,706 Result is kept for 600 seconds
2025-02-06 02:48:02,714 workspace-frappe-bench:default: frappe.utils.background_jobs.execute_job(event=None, is_async=True, job_name='frappe.core.doctype.scheduled_job_type.scheduled_job_type.run_scheduled_jo..., kwargs={'job_type': 'frappe.utils.global_search.sync_global_search', 'scheduled_jo..., method='frappe.core.doctype.scheduled_job_type.scheduled_job_type.run_scheduled_jo..., site='dev.localhost', user='Administrator') (dev.localhost::scheduled_job::gh0729h6vd)
2025-02-06 02:48:03,058 workspace-frappe-bench:default: Job OK (dev.localhost::scheduled_job::gh0729h6vd)
2025-02-06 02:48:03,058 Result is kept for 600 seconds
2025-02-06 02:48:03,068 workspace-frappe-bench:default: frappe.utils.background_jobs.execute_job(event=None, is_async=True, job_name='frappe.core.doctype.scheduled_job_type.scheduled_job_type.run_scheduled_jo..., kwargs={'job_type': 'create_custom_schedule_all', 'scheduled_job_type': '3kme7dd2u..., method='frappe.core.doctype.scheduled_job_type.scheduled_job_type.run_scheduled_jo..., site='dev.localhost', user='Administrator') (dev.localhost::scheduled_job::3kme7dd2ul)
2025-02-06 02:48:03,317 workspace-frappe-bench:default: Job OK (dev.localhost::scheduled_job::3kme7dd2ul)
2025-02-06 02:48:03,317 Result is kept for 600 seconds
2025-02-06 02:48:03,323 workspace-frappe-bench:default: frappe.utils.background_jobs.execute_job(event=None, is_async=True, job_name='frappe.core.doctype.scheduled_job_type.scheduled_job_type.run_scheduled_jo..., kwargs={'job_type': 'frappe.automation.doctype.reminder.reminder.send_reminders', ..., method='frappe.core.doctype.scheduled_job_type.scheduled_job_type.run_scheduled_jo..., site='dev.localhost', user='Administrator') (dev.localhost::scheduled_job::gh040jcecd)
2025-02-06 02:48:03,560 workspace-frappe-bench:default: Job OK (dev.localhost::scheduled_job::gh040jcecd)
2025-02-06 02:48:03,560 Result is kept for 600 seconds
2025-02-06 02:48:03,567 workspace-frappe-bench:default: frappe.utils.background_jobs.execute_job(event=None, is_async=True, job_name='frappe.core.doctype.scheduled_job_type.scheduled_job_type.run_scheduled_jo..., kwargs={'job_type': 'frappe.monitor.flush', 'scheduled_job_type': 'gh0aujdlkv'}, method='frappe.core.doctype.scheduled_job_type.scheduled_job_type.run_scheduled_jo..., site='dev.localhost', user='Administrator') (dev.localhost::scheduled_job::gh0aujdlkv)
2025-02-06 02:48:03,799 workspace-frappe-bench:default: Job OK (dev.localhost::scheduled_job::gh0aujdlkv)
2025-02-06 02:48:03,800 Result is kept for 600 seconds
2025-02-06 02:48:03,807 workspace-frappe-bench:default: frappe.utils.background_jobs.execute_job(event=None, is_async=True, job_name='frappe.core.doctype.scheduled_job_type.scheduled_job_type.run_scheduled_jo..., kwargs={'job_type': 'frappe.twofactor.delete_all_barcodes_for_users', 'scheduled_j..., method='frappe.core.doctype.scheduled_job_type.scheduled_job_type.run_scheduled_jo..., site='dev.localhost', user='Administrator') (dev.localhost::scheduled_job::gh028ljaof)
2025-02-06 02:48:04,141 workspace-frappe-bench:default: Job OK (dev.localhost::scheduled_job::gh028ljaof)
2025-02-06 02:48:04,141 Result is kept for 600 seconds
2025-02-06 02:48:04,147 workspace-frappe-bench:default: frappe.utils.background_jobs.execute_job(event=None, is_async=True, job_name='frappe.core.doctype.scheduled_job_type.scheduled_job_type.run_scheduled_jo..., kwargs={'job_type': 'frappe.email.doctype.notification.notification.trigger_offset..., method='frappe.core.doctype.scheduled_job_type.scheduled_job_type.run_scheduled_jo..., site='dev.localhost', user='Administrator') (dev.localhost::scheduled_job::gh07vsicua)
2025-02-06 02:48:04,383 workspace-frappe-bench:default: Job OK (dev.localhost::scheduled_job::gh07vsicua)
2025-02-06 02:48:04,383 Result is kept for 600 seconds
2025-02-06 02:52:00,915 workspace-frappe-bench:default: frappe.utils.background_jobs.execute_job(event=None, is_async=True, job_name='frappe.core.doctype.scheduled_job_type.scheduled_job_type.run_scheduled_jo..., kwargs={'job_type': 'create_custom_schedule_all', 'scheduled_job_type': '3kme7dd2u..., method='frappe.core.doctype.scheduled_job_type.scheduled_job_type.run_scheduled_jo..., site='dev.localhost', user='Administrator') (dev.localhost::scheduled_job::3kme7dd2ul)
2025-02-06 02:52:01,311 workspace-frappe-bench:default: Job OK (dev.localhost::scheduled_job::3kme7dd2ul)
2025-02-06 02:52:01,312 Result is kept for 600 seconds
2025-02-06 02:52:01,320 workspace-frappe-bench:default: frappe.utils.background_jobs.execute_job(event=None, is_async=True, job_name='frappe.core.doctype.scheduled_job_type.scheduled_job_type.run_scheduled_jo..., kwargs={'job_type': 'frappe.email.doctype.notification.notification.trigger_offset..., method='frappe.core.doctype.scheduled_job_type.scheduled_job_type.run_scheduled_jo..., site='dev.localhost', user='Administrator') (dev.localhost::scheduled_job::gh07vsicua)
2025-02-06 02:52:01,592 workspace-frappe-bench:default: Job OK (dev.localhost::scheduled_job::gh07vsicua)
2025-02-06 02:52:01,592 Result is kept for 600 seconds
2025-02-06 02:52:01,599 workspace-frappe-bench:default: frappe.utils.background_jobs.execute_job(event=None, is_async=True, job_name='frappe.core.doctype.scheduled_job_type.scheduled_job_type.run_scheduled_jo..., kwargs={'job_type': 'frappe.monitor.flush', 'scheduled_job_type': 'gh0aujdlkv'}, method='frappe.core.doctype.scheduled_job_type.scheduled_job_type.run_scheduled_jo..., site='dev.localhost', user='Administrator') (dev.localhost::scheduled_job::gh0aujdlkv)
2025-02-06 02:52:01,893 workspace-frappe-bench:default: Job OK (dev.localhost::scheduled_job::gh0aujdlkv)
2025-02-06 02:52:01,893 Result is kept for 600 seconds
2025-02-06 02:52:01,900 workspace-frappe-bench:default: frappe.utils.background_jobs.execute_job(event=None, is_async=True, job_name='frappe.core.doctype.scheduled_job_type.scheduled_job_type.run_scheduled_jo..., kwargs={'job_type': 'frappe.email.queue.flush', 'scheduled_job_type': 'gh00mvce03'..., method='frappe.core.doctype.scheduled_job_type.scheduled_job_type.run_scheduled_jo..., site='dev.localhost', user='Administrator') (dev.localhost::scheduled_job::gh00mvce03)
2025-02-06 02:52:02,207 workspace-frappe-bench:default: Job OK (dev.localhost::scheduled_job::gh00mvce03)
2025-02-06 02:52:02,207 Result is kept for 600 seconds
2025-02-06 02:52:02,214 workspace-frappe-bench:default: frappe.utils.background_jobs.execute_job(event=None, is_async=True, job_name='frappe.core.doctype.scheduled_job_type.scheduled_job_type.run_scheduled_jo..., kwargs={'job_type': 'frappe.email.doctype.email_account.email_account.pull', 'sche..., method='frappe.core.doctype.scheduled_job_type.scheduled_job_type.run_scheduled_jo..., site='dev.localhost', user='Administrator') (dev.localhost::scheduled_job::gh0658vc7i)
2025-02-06 02:52:02,567 workspace-frappe-bench:default: Job OK (dev.localhost::scheduled_job::gh0658vc7i)
2025-02-06 02:52:02,567 Result is kept for 600 seconds
2025-02-06 02:56:00,143 workspace-frappe-bench:default: frappe.utils.background_jobs.execute_job(event=None, is_async=True, job_name='frappe.core.doctype.scheduled_job_type.scheduled_job_type.run_scheduled_jo..., kwargs={'job_type': 'create_custom_schedule_all', 'scheduled_job_type': '3kme7dd2u..., method='frappe.core.doctype.scheduled_job_type.scheduled_job_type.run_scheduled_jo..., site='dev.localhost', user='Administrator') (dev.localhost::scheduled_job::3kme7dd2ul)
2025-02-06 02:56:00,425 workspace-frappe-bench:default: Job OK (dev.localhost::scheduled_job::3kme7dd2ul)
2025-02-06 02:56:00,425 Result is kept for 600 seconds
2025-02-06 02:56:00,432 Cleaning registries for queue: workspace-frappe-bench:short
2025-02-06 02:56:00,433 Cleaning registries for queue: workspace-frappe-bench:default
2025-02-06 02:56:00,434 Cleaning registries for queue: workspace-frappe-bench:long
2025-02-06 02:56:00,436 workspace-frappe-bench:default: frappe.utils.background_jobs.execute_job(event=None, is_async=True, job_name='frappe.core.doctype.scheduled_job_type.scheduled_job_type.run_scheduled_jo..., kwargs={'job_type': 'frappe.monitor.flush', 'scheduled_job_type': 'gh0aujdlkv'}, method='frappe.core.doctype.scheduled_job_type.scheduled_job_type.run_scheduled_jo..., site='dev.localhost', user='Administrator') (dev.localhost::scheduled_job::gh0aujdlkv)
2025-02-06 02:56:00,685 workspace-frappe-bench:default: Job OK (dev.localhost::scheduled_job::gh0aujdlkv)
2025-02-06 02:56:00,685 Result is kept for 600 seconds
2025-02-06 02:56:00,699 workspace-frappe-bench:default: frappe.utils.background_jobs.execute_job(event=None, is_async=True, job_name='frappe.core.doctype.scheduled_job_type.scheduled_job_type.run_scheduled_jo..., kwargs={'job_type': 'frappe.email.queue.flush', 'scheduled_job_type': 'gh00mvce03'..., method='frappe.core.doctype.scheduled_job_type.scheduled_job_type.run_scheduled_jo..., site='dev.localhost', user='Administrator') (dev.localhost::scheduled_job::gh00mvce03)
2025-02-06 02:56:01,047 workspace-frappe-bench:default: Job OK (dev.localhost::scheduled_job::gh00mvce03)
2025-02-06 02:56:01,047 Result is kept for 600 seconds
2025-02-06 02:56:01,054 workspace-frappe-bench:default: frappe.utils.background_jobs.execute_job(event=None, is_async=True, job_name='frappe.core.doctype.scheduled_job_type.scheduled_job_type.run_scheduled_jo..., kwargs={'job_type': 'frappe.email.doctype.notification.notification.trigger_offset..., method='frappe.core.doctype.scheduled_job_type.scheduled_job_type.run_scheduled_jo..., site='dev.localhost', user='Administrator') (dev.localhost::scheduled_job::gh07vsicua)
2025-02-06 02:56:01,297 workspace-frappe-bench:default: Job OK (dev.localhost::scheduled_job::gh07vsicua)
2025-02-06 02:56:01,297 Result is kept for 600 seconds
2025-02-06 03:00:00,287 workspace-frappe-bench:default: frappe.utils.background_jobs.execute_job(event=None, is_async=True, job_name='frappe.core.doctype.scheduled_job_type.scheduled_job_type.run_scheduled_jo..., kwargs={'job_type': 'frappe.utils.global_search.sync_global_search', 'scheduled_jo..., method='frappe.core.doctype.scheduled_job_type.scheduled_job_type.run_scheduled_jo..., site='dev.localhost', user='Administrator') (dev.localhost::scheduled_job::gh0729h6vd)
2025-02-06 03:00:00,632 workspace-frappe-bench:default: Job OK (dev.localhost::scheduled_job::gh0729h6vd)
2025-02-06 03:00:00,632 Result is kept for 600 seconds
2025-02-06 03:00:00,641 workspace-frappe-bench:default: frappe.utils.background_jobs.execute_job(event=None, is_async=True, job_name='frappe.core.doctype.scheduled_job_type.scheduled_job_type.run_scheduled_jo..., kwargs={'job_type': 'frappe.email.doctype.notification.notification.trigger_offset..., method='frappe.core.doctype.scheduled_job_type.scheduled_job_type.run_scheduled_jo..., site='dev.localhost', user='Administrator') (dev.localhost::scheduled_job::gh07vsicua)
2025-02-06 03:00:01,011 workspace-frappe-bench:default: Job OK (dev.localhost::scheduled_job::gh07vsicua)
2025-02-06 03:00:01,012 Result is kept for 600 seconds
2025-02-06 03:00:01,018 workspace-frappe-bench:default: frappe.utils.background_jobs.execute_job(event=None, is_async=True, job_name='frappe.core.doctype.scheduled_job_type.scheduled_job_type.run_scheduled_jo..., kwargs={'job_type': 'frappe.email.doctype.email_account.email_account.pull', 'sche..., method='frappe.core.doctype.scheduled_job_type.scheduled_job_type.run_scheduled_jo..., site='dev.localhost', user='Administrator') (dev.localhost::scheduled_job::gh0658vc7i)
2025-02-06 03:00:01,272 workspace-frappe-bench:default: Job OK (dev.localhost::scheduled_job::gh0658vc7i)
2025-02-06 03:00:01,272 Result is kept for 600 seconds
2025-02-06 03:00:01,279 workspace-frappe-bench:default: frappe.utils.background_jobs.execute_job(event=None, is_async=True, job_name='frappe.core.doctype.scheduled_job_type.scheduled_job_type.run_scheduled_jo..., kwargs={'job_type': 'erpnext.utilities.doctype.video.video.update_youtube_data', '..., method='frappe.core.doctype.scheduled_job_type.scheduled_job_type.run_scheduled_jo..., site='dev.localhost', user='Administrator') (dev.localhost::scheduled_job::h8bn927msj)
2025-02-06 03:00:01,783 workspace-frappe-bench:default: Job OK (dev.localhost::scheduled_job::h8bn927msj)
2025-02-06 03:00:01,783 Result is kept for 600 seconds
2025-02-06 03:00:01,791 workspace-frappe-bench:default: frappe.utils.background_jobs.execute_job(event=None, is_async=True, job_name='frappe.core.doctype.scheduled_job_type.scheduled_job_type.run_scheduled_jo..., kwargs={'job_type': 'frappe.core.doctype.prepared_report.prepared_report.expire_st..., method='frappe.core.doctype.scheduled_job_type.scheduled_job_type.run_scheduled_jo..., site='dev.localhost', user='Administrator') (dev.localhost::scheduled_job::gh0ot36haq)
2025-02-06 03:00:02,090 workspace-frappe-bench:default: Job OK (dev.localhost::scheduled_job::gh0ot36haq)
2025-02-06 03:00:02,090 Result is kept for 600 seconds
2025-02-06 03:00:02,097 workspace-frappe-bench:default: frappe.utils.background_jobs.execute_job(event=None, is_async=True, job_name='frappe.core.doctype.scheduled_job_type.scheduled_job_type.run_scheduled_jo..., kwargs={'job_type': 'erpnext.manufacturing.doctype.bom_update_log.bom_update_log.r..., method='frappe.core.doctype.scheduled_job_type.scheduled_job_type.run_scheduled_jo..., site='dev.localhost', user='Administrator') (dev.localhost::scheduled_job::h8ag45pu0p)
2025-02-06 03:00:02,328 workspace-frappe-bench:default: Job OK (dev.localhost::scheduled_job::h8ag45pu0p)
2025-02-06 03:00:02,328 Result is kept for 600 seconds
2025-02-06 03:00:02,337 workspace-frappe-bench:default: frappe.utils.background_jobs.execute_job(event=None, is_async=True, job_name='frappe.core.doctype.scheduled_job_type.scheduled_job_type.run_scheduled_jo..., kwargs={'job_type': 'erpnext.accounts.doctype.gl_entry.gl_entry.rename_gle_sle_doc..., method='frappe.core.doctype.scheduled_job_type.scheduled_job_type.run_scheduled_jo..., site='dev.localhost', user='Administrator') (dev.localhost::scheduled_job::h8av4bmen8)
2025-02-06 03:00:02,659 workspace-frappe-bench:default: Job OK (dev.localhost::scheduled_job::h8av4bmen8)
2025-02-06 03:00:02,660 Result is kept for 600 seconds
2025-02-06 03:00:02,667 workspace-frappe-bench:default: frappe.utils.background_jobs.execute_job(event=None, is_async=True, job_name='frappe.core.doctype.scheduled_job_type.scheduled_job_type.run_scheduled_jo..., kwargs={'job_type': 'frappe.deferred_insert.save_to_db', 'scheduled_job_type': 'gh..., method='frappe.core.doctype.scheduled_job_type.scheduled_job_type.run_scheduled_jo..., site='dev.localhost', user='Administrator') (dev.localhost::scheduled_job::gh0bgqksqs)
2025-02-06 03:00:02,960 workspace-frappe-bench:default: Job OK (dev.localhost::scheduled_job::gh0bgqksqs)
2025-02-06 03:00:02,960 Result is kept for 600 seconds
2025-02-06 03:00:02,966 workspace-frappe-bench:default: frappe.utils.background_jobs.execute_job(event=None, is_async=True, job_name='frappe.core.doctype.scheduled_job_type.scheduled_job_type.run_scheduled_jo..., kwargs={'job_type': 'frappe.monitor.flush', 'scheduled_job_type': 'gh0aujdlkv'}, method='frappe.core.doctype.scheduled_job_type.scheduled_job_type.run_scheduled_jo..., site='dev.localhost', user='Administrator') (dev.localhost::scheduled_job::gh0aujdlkv)
2025-02-06 03:00:03,298 workspace-frappe-bench:default: Job OK (dev.localhost::scheduled_job::gh0aujdlkv)
2025-02-06 03:00:03,298 Result is kept for 600 seconds
2025-02-06 03:00:03,305 workspace-frappe-bench:default: frappe.utils.background_jobs.execute_job(event=None, is_async=True, job_name='frappe.core.doctype.scheduled_job_type.scheduled_job_type.run_scheduled_jo..., kwargs={'job_type': 'frappe.email.queue.flush', 'scheduled_job_type': 'gh00mvce03'..., method='frappe.core.doctype.scheduled_job_type.scheduled_job_type.run_scheduled_jo..., site='dev.localhost', user='Administrator') (dev.localhost::scheduled_job::gh00mvce03)
2025-02-06 03:00:03,657 workspace-frappe-bench:default: Job OK (dev.localhost::scheduled_job::gh00mvce03)
2025-02-06 03:00:03,657 Result is kept for 600 seconds
2025-02-06 03:00:03,665 workspace-frappe-bench:default: frappe.utils.background_jobs.execute_job(event=None, is_async=True, job_name='frappe.core.doctype.scheduled_job_type.scheduled_job_type.run_scheduled_jo..., kwargs={'job_type': 'frappe.automation.doctype.reminder.reminder.send_reminders', ..., method='frappe.core.doctype.scheduled_job_type.scheduled_job_type.run_scheduled_jo..., site='dev.localhost', user='Administrator') (dev.localhost::scheduled_job::gh040jcecd)
2025-02-06 03:00:03,904 workspace-frappe-bench:default: Job OK (dev.localhost::scheduled_job::gh040jcecd)
2025-02-06 03:00:03,904 Result is kept for 600 seconds
2025-02-06 03:00:03,910 workspace-frappe-bench:default: frappe.utils.background_jobs.execute_job(event=None, is_async=True, job_name='frappe.core.doctype.scheduled_job_type.scheduled_job_type.run_scheduled_jo..., kwargs={'job_type': 'create_custom_schedule_all', 'scheduled_job_type': '3kme7dd2u..., method='frappe.core.doctype.scheduled_job_type.scheduled_job_type.run_scheduled_jo..., site='dev.localhost', user='Administrator') (dev.localhost::scheduled_job::3kme7dd2ul)
2025-02-06 03:00:04,133 workspace-frappe-bench:default: Job OK (dev.localhost::scheduled_job::3kme7dd2ul)
2025-02-06 03:00:04,133 Result is kept for 600 seconds
2025-02-06 03:00:04,141 workspace-frappe-bench:default: frappe.utils.background_jobs.execute_job(event=None, is_async=True, job_name='frappe.core.doctype.scheduled_job_type.scheduled_job_type.run_scheduled_jo..., kwargs={'job_type': 'frappe.website.doctype.web_page.web_page.check_publish_status..., method='frappe.core.doctype.scheduled_job_type.scheduled_job_type.run_scheduled_jo..., site='dev.localhost', user='Administrator') (dev.localhost::scheduled_job::gh0f8so08k)
2025-02-06 03:00:04,524 workspace-frappe-bench:default: Job OK (dev.localhost::scheduled_job::gh0f8so08k)
2025-02-06 03:00:04,524 Result is kept for 600 seconds
2025-02-06 03:00:04,531 workspace-frappe-bench:default: frappe.utils.background_jobs.execute_job(event=None, is_async=True, job_name='frappe.core.doctype.scheduled_job_type.scheduled_job_type.run_scheduled_jo..., kwargs={'job_type': 'frappe.oauth.delete_oauth2_data', 'scheduled_job_type': 'gh0c..., method='frappe.core.doctype.scheduled_job_type.scheduled_job_type.run_scheduled_jo..., site='dev.localhost', user='Administrator') (dev.localhost::scheduled_job::gh0cqqi3u8)
2025-02-06 03:00:04,775 workspace-frappe-bench:default: Job OK (dev.localhost::scheduled_job::gh0cqqi3u8)
2025-02-06 03:00:04,775 Result is kept for 600 seconds
2025-02-06 03:00:04,781 workspace-frappe-bench:default: frappe.utils.background_jobs.execute_job(event=None, is_async=True, job_name='frappe.core.doctype.scheduled_job_type.scheduled_job_type.run_scheduled_jo..., kwargs={'job_type': 'frappe.email.doctype.email_account.email_account.notify_unrep..., method='frappe.core.doctype.scheduled_job_type.scheduled_job_type.run_scheduled_jo..., site='dev.localhost', user='Administrator') (dev.localhost::scheduled_job::gh0mg9dg3j)
2025-02-06 03:00:05,029 workspace-frappe-bench:default: Job OK (dev.localhost::scheduled_job::gh0mg9dg3j)
2025-02-06 03:00:05,029 Result is kept for 600 seconds
2025-02-06 03:00:05,036 workspace-frappe-bench:default: frappe.utils.background_jobs.execute_job(event=None, is_async=True, job_name='frappe.core.doctype.scheduled_job_type.scheduled_job_type.run_scheduled_jo..., kwargs={'job_type': 'frappe.twofactor.delete_all_barcodes_for_users', 'scheduled_j..., method='frappe.core.doctype.scheduled_job_type.scheduled_job_type.run_scheduled_jo..., site='dev.localhost', user='Administrator') (dev.localhost::scheduled_job::gh028ljaof)
2025-02-06 03:00:05,281 workspace-frappe-bench:default: Job OK (dev.localhost::scheduled_job::gh028ljaof)
2025-02-06 03:00:05,281 Result is kept for 600 seconds
2025-02-06 03:00:15,599 Worker f1001231fa784be0afe022aad5f4b2f5 [PID 33708]: warm shut down requested
2025-02-06 03:00:15,613 Unsubscribing from channel rq:pubsub:f1001231fa784be0afe022aad5f4b2f5
2025-02-06 03:11:48,204 Worker rq:worker:186d876c6d8840bb82a4ca795ef0c47b started with PID 62221, version 1.16.2
2025-02-06 03:11:48,213 Subscribing to channel rq:pubsub:186d876c6d8840bb82a4ca795ef0c47b
2025-02-06 03:11:48,266 *** Listening on workspace-frappe-bench:short, workspace-frappe-bench:default, workspace-frappe-bench:long...
2025-02-06 03:11:48,273 Cleaning registries for queue: workspace-frappe-bench:short
2025-02-06 03:11:48,296 Cleaning registries for queue: workspace-frappe-bench:default
2025-02-06 03:11:48,316 Cleaning registries for queue: workspace-frappe-bench:long
2025-02-06 03:12:00,849 workspace-frappe-bench:default: frappe.utils.background_jobs.execute_job(event=None, is_async=True, job_name='frappe.core.doctype.scheduled_job_type.scheduled_job_type.run_scheduled_jo..., kwargs={'job_type': 'frappe.email.doctype.email_account.email_account.pull', 'sche..., method='frappe.core.doctype.scheduled_job_type.scheduled_job_type.run_scheduled_jo..., site='dev.localhost', user='Administrator') (dev.localhost::scheduled_job::gh0658vc7i)
2025-02-06 03:12:01,402 workspace-frappe-bench:default: Job OK (dev.localhost::scheduled_job::gh0658vc7i)
2025-02-06 03:12:01,403 Result is kept for 600 seconds
2025-02-06 03:12:01,413 workspace-frappe-bench:default: frappe.utils.background_jobs.execute_job(event=None, is_async=True, job_name='frappe.core.doctype.scheduled_job_type.scheduled_job_type.run_scheduled_jo..., kwargs={'job_type': 'frappe.email.queue.flush', 'scheduled_job_type': 'gh00mvce03'..., method='frappe.core.doctype.scheduled_job_type.scheduled_job_type.run_scheduled_jo..., site='dev.localhost', user='Administrator') (dev.localhost::scheduled_job::gh00mvce03)
2025-02-06 03:12:01,968 workspace-frappe-bench:default: Job OK (dev.localhost::scheduled_job::gh00mvce03)
2025-02-06 03:12:01,968 Result is kept for 600 seconds
2025-02-06 03:12:01,982 workspace-frappe-bench:default: frappe.utils.background_jobs.execute_job(event=None, is_async=True, job_name='frappe.core.doctype.scheduled_job_type.scheduled_job_type.run_scheduled_jo..., kwargs={'job_type': 'create_custom_schedule_all', 'scheduled_job_type': '3kme7dd2u..., method='frappe.core.doctype.scheduled_job_type.scheduled_job_type.run_scheduled_jo..., site='dev.localhost', user='Administrator') (dev.localhost::scheduled_job::3kme7dd2ul)
2025-02-06 03:12:02,392 workspace-frappe-bench:default: Job OK (dev.localhost::scheduled_job::3kme7dd2ul)
2025-02-06 03:12:02,392 Result is kept for 600 seconds
2025-02-06 03:12:02,402 workspace-frappe-bench:default: frappe.utils.background_jobs.execute_job(event=None, is_async=True, job_name='frappe.core.doctype.scheduled_job_type.scheduled_job_type.run_scheduled_jo..., kwargs={'job_type': 'frappe.email.doctype.notification.notification.trigger_offset..., method='frappe.core.doctype.scheduled_job_type.scheduled_job_type.run_scheduled_jo..., site='dev.localhost', user='Administrator') (dev.localhost::scheduled_job::gh07vsicua)
2025-02-06 03:12:02,825 workspace-frappe-bench:default: Job OK (dev.localhost::scheduled_job::gh07vsicua)
2025-02-06 03:12:02,825 Result is kept for 600 seconds
2025-02-06 03:12:02,837 workspace-frappe-bench:default: frappe.utils.background_jobs.execute_job(event=None, is_async=True, job_name='frappe.core.doctype.scheduled_job_type.scheduled_job_type.run_scheduled_jo..., kwargs={'job_type': 'frappe.monitor.flush', 'scheduled_job_type': 'gh0aujdlkv'}, method='frappe.core.doctype.scheduled_job_type.scheduled_job_type.run_scheduled_jo..., site='dev.localhost', user='Administrator') (dev.localhost::scheduled_job::gh0aujdlkv)
2025-02-06 03:12:03,181 workspace-frappe-bench:default: Job OK (dev.localhost::scheduled_job::gh0aujdlkv)
2025-02-06 03:12:03,182 Result is kept for 600 seconds
2025-02-06 03:16:00,098 workspace-frappe-bench:default: frappe.utils.background_jobs.execute_job(event=None, is_async=True, job_name='frappe.core.doctype.scheduled_job_type.scheduled_job_type.run_scheduled_jo..., kwargs={'job_type': 'frappe.deferred_insert.save_to_db', 'scheduled_job_type': 'gh..., method='frappe.core.doctype.scheduled_job_type.scheduled_job_type.run_scheduled_jo..., site='dev.localhost', user='Administrator') (dev.localhost::scheduled_job::gh0bgqksqs)
2025-02-06 03:16:00,437 workspace-frappe-bench:default: Job OK (dev.localhost::scheduled_job::gh0bgqksqs)
2025-02-06 03:16:00,437 Result is kept for 600 seconds
2025-02-06 03:16:00,443 workspace-frappe-bench:default: frappe.utils.background_jobs.execute_job(event=None, is_async=True, job_name='frappe.core.doctype.scheduled_job_type.scheduled_job_type.run_scheduled_jo..., kwargs={'job_type': 'frappe.website.doctype.web_page.web_page.check_publish_status..., method='frappe.core.doctype.scheduled_job_type.scheduled_job_type.run_scheduled_jo..., site='dev.localhost', user='Administrator') (dev.localhost::scheduled_job::gh0f8so08k)
2025-02-06 03:16:00,891 workspace-frappe-bench:default: Job OK (dev.localhost::scheduled_job::gh0f8so08k)
2025-02-06 03:16:00,891 Result is kept for 600 seconds
2025-02-06 03:16:00,898 workspace-frappe-bench:default: frappe.utils.background_jobs.execute_job(event=None, is_async=True, job_name='frappe.core.doctype.scheduled_job_type.scheduled_job_type.run_scheduled_jo..., kwargs={'job_type': 'erpnext.manufacturing.doctype.bom_update_log.bom_update_log.r..., method='frappe.core.doctype.scheduled_job_type.scheduled_job_type.run_scheduled_jo..., site='dev.localhost', user='Administrator') (dev.localhost::scheduled_job::h8ag45pu0p)
2025-02-06 03:16:01,154 workspace-frappe-bench:default: Job OK (dev.localhost::scheduled_job::h8ag45pu0p)
2025-02-06 03:16:01,154 Result is kept for 600 seconds
2025-02-06 03:16:01,161 workspace-frappe-bench:default: frappe.utils.background_jobs.execute_job(event=None, is_async=True, job_name='frappe.core.doctype.scheduled_job_type.scheduled_job_type.run_scheduled_jo..., kwargs={'job_type': 'create_custom_schedule_all', 'scheduled_job_type': '3kme7dd2u..., method='frappe.core.doctype.scheduled_job_type.scheduled_job_type.run_scheduled_jo..., site='dev.localhost', user='Administrator') (dev.localhost::scheduled_job::3kme7dd2ul)
2025-02-06 03:16:01,384 workspace-frappe-bench:default: Job OK (dev.localhost::scheduled_job::3kme7dd2ul)
2025-02-06 03:16:01,385 Result is kept for 600 seconds
2025-02-06 03:16:01,392 workspace-frappe-bench:default: frappe.utils.background_jobs.execute_job(event=None, is_async=True, job_name='frappe.core.doctype.scheduled_job_type.scheduled_job_type.run_scheduled_jo..., kwargs={'job_type': 'frappe.email.queue.flush', 'scheduled_job_type': 'gh00mvce03'..., method='frappe.core.doctype.scheduled_job_type.scheduled_job_type.run_scheduled_jo..., site='dev.localhost', user='Administrator') (dev.localhost::scheduled_job::gh00mvce03)
2025-02-06 03:16:01,765 workspace-frappe-bench:default: Job OK (dev.localhost::scheduled_job::gh00mvce03)
2025-02-06 03:16:01,765 Result is kept for 600 seconds
2025-02-06 03:16:01,795 workspace-frappe-bench:default: frappe.utils.background_jobs.execute_job(event=None, is_async=True, job_name='frappe.core.doctype.scheduled_job_type.scheduled_job_type.run_scheduled_jo..., kwargs={'job_type': 'frappe.email.doctype.email_account.email_account.notify_unrep..., method='frappe.core.doctype.scheduled_job_type.scheduled_job_type.run_scheduled_jo..., site='dev.localhost', user='Administrator') (dev.localhost::scheduled_job::gh0mg9dg3j)
2025-02-06 03:16:02,090 workspace-frappe-bench:default: Job OK (dev.localhost::scheduled_job::gh0mg9dg3j)
2025-02-06 03:16:02,090 Result is kept for 600 seconds
2025-02-06 03:16:02,097 workspace-frappe-bench:default: frappe.utils.background_jobs.execute_job(event=None, is_async=True, job_name='frappe.core.doctype.scheduled_job_type.scheduled_job_type.run_scheduled_jo..., kwargs={'job_type': 'frappe.twofactor.delete_all_barcodes_for_users', 'scheduled_j..., method='frappe.core.doctype.scheduled_job_type.scheduled_job_type.run_scheduled_jo..., site='dev.localhost', user='Administrator') (dev.localhost::scheduled_job::gh028ljaof)
2025-02-06 03:16:02,333 workspace-frappe-bench:default: Job OK (dev.localhost::scheduled_job::gh028ljaof)
2025-02-06 03:16:02,333 Result is kept for 600 seconds
2025-02-06 03:16:02,339 workspace-frappe-bench:default: frappe.utils.background_jobs.execute_job(event=None, is_async=True, job_name='frappe.core.doctype.scheduled_job_type.scheduled_job_type.run_scheduled_jo..., kwargs={'job_type': 'frappe.automation.doctype.reminder.reminder.send_reminders', ..., method='frappe.core.doctype.scheduled_job_type.scheduled_job_type.run_scheduled_jo..., site='dev.localhost', user='Administrator') (dev.localhost::scheduled_job::gh040jcecd)
2025-02-06 03:16:02,600 workspace-frappe-bench:default: Job OK (dev.localhost::scheduled_job::gh040jcecd)
2025-02-06 03:16:02,600 Result is kept for 600 seconds
2025-02-06 03:16:02,607 workspace-frappe-bench:default: frappe.utils.background_jobs.execute_job(event=None, is_async=True, job_name='frappe.core.doctype.scheduled_job_type.scheduled_job_type.run_scheduled_jo..., kwargs={'job_type': 'frappe.oauth.delete_oauth2_data', 'scheduled_job_type': 'gh0c..., method='frappe.core.doctype.scheduled_job_type.scheduled_job_type.run_scheduled_jo..., site='dev.localhost', user='Administrator') (dev.localhost::scheduled_job::gh0cqqi3u8)
2025-02-06 03:16:02,984 workspace-frappe-bench:default: Job OK (dev.localhost::scheduled_job::gh0cqqi3u8)
2025-02-06 03:16:02,984 Result is kept for 600 seconds
2025-02-06 03:16:03,008 workspace-frappe-bench:default: frappe.utils.background_jobs.execute_job(event=None, is_async=True, job_name='frappe.core.doctype.scheduled_job_type.scheduled_job_type.run_scheduled_jo..., kwargs={'job_type': 'frappe.email.doctype.notification.notification.trigger_offset..., method='frappe.core.doctype.scheduled_job_type.scheduled_job_type.run_scheduled_jo..., site='dev.localhost', user='Administrator') (dev.localhost::scheduled_job::gh07vsicua)
2025-02-06 03:16:03,303 workspace-frappe-bench:default: Job OK (dev.localhost::scheduled_job::gh07vsicua)
2025-02-06 03:16:03,303 Result is kept for 600 seconds
2025-02-06 03:16:03,309 workspace-frappe-bench:default: frappe.utils.background_jobs.execute_job(event=None, is_async=True, job_name='frappe.core.doctype.scheduled_job_type.scheduled_job_type.run_scheduled_jo..., kwargs={'job_type': 'frappe.utils.global_search.sync_global_search', 'scheduled_jo..., method='frappe.core.doctype.scheduled_job_type.scheduled_job_type.run_scheduled_jo..., site='dev.localhost', user='Administrator') (dev.localhost::scheduled_job::gh0729h6vd)
2025-02-06 03:16:03,536 workspace-frappe-bench:default: Job OK (dev.localhost::scheduled_job::gh0729h6vd)
2025-02-06 03:16:03,536 Result is kept for 600 seconds
2025-02-06 03:16:03,542 workspace-frappe-bench:default: frappe.utils.background_jobs.execute_job(event=None, is_async=True, job_name='frappe.core.doctype.scheduled_job_type.scheduled_job_type.run_scheduled_jo..., kwargs={'job_type': 'frappe.monitor.flush', 'scheduled_job_type': 'gh0aujdlkv'}, method='frappe.core.doctype.scheduled_job_type.scheduled_job_type.run_scheduled_jo..., site='dev.localhost', user='Administrator') (dev.localhost::scheduled_job::gh0aujdlkv)
2025-02-06 03:16:03,770 workspace-frappe-bench:default: Job OK (dev.localhost::scheduled_job::gh0aujdlkv)
2025-02-06 03:16:03,770 Result is kept for 600 seconds
2025-02-06 03:20:00,305 workspace-frappe-bench:default: frappe.utils.background_jobs.execute_job(event=None, is_async=True, job_name='frappe.core.doctype.scheduled_job_type.scheduled_job_type.run_scheduled_jo..., kwargs={'job_type': 'frappe.email.doctype.notification.notification.trigger_offset..., method='frappe.core.doctype.scheduled_job_type.scheduled_job_type.run_scheduled_jo..., site='dev.localhost', user='Administrator') (dev.localhost::scheduled_job::gh07vsicua)
2025-02-06 03:20:00,595 workspace-frappe-bench:default: Job OK (dev.localhost::scheduled_job::gh07vsicua)
2025-02-06 03:20:00,595 Result is kept for 600 seconds
2025-02-06 03:20:00,602 workspace-frappe-bench:default: frappe.utils.background_jobs.execute_job(event=None, is_async=True, job_name='frappe.core.doctype.scheduled_job_type.scheduled_job_type.run_scheduled_jo..., kwargs={'job_type': 'frappe.monitor.flush', 'scheduled_job_type': 'gh0aujdlkv'}, method='frappe.core.doctype.scheduled_job_type.scheduled_job_type.run_scheduled_jo..., site='dev.localhost', user='Administrator') (dev.localhost::scheduled_job::gh0aujdlkv)
2025-02-06 03:20:01,012 workspace-frappe-bench:default: Job OK (dev.localhost::scheduled_job::gh0aujdlkv)
2025-02-06 03:20:01,012 Result is kept for 600 seconds
2025-02-06 03:20:01,076 workspace-frappe-bench:default: frappe.utils.background_jobs.execute_job(event=None, is_async=True, job_name='frappe.core.doctype.scheduled_job_type.scheduled_job_type.run_scheduled_jo..., kwargs={'job_type': 'create_custom_schedule_all', 'scheduled_job_type': '3kme7dd2u..., method='frappe.core.doctype.scheduled_job_type.scheduled_job_type.run_scheduled_jo..., site='dev.localhost', user='Administrator') (dev.localhost::scheduled_job::3kme7dd2ul)
2025-02-06 03:20:01,415 workspace-frappe-bench:default: Job OK (dev.localhost::scheduled_job::3kme7dd2ul)
2025-02-06 03:20:01,415 Result is kept for 600 seconds
2025-02-06 03:20:01,422 workspace-frappe-bench:default: frappe.utils.background_jobs.execute_job(event=None, is_async=True, job_name='frappe.core.doctype.scheduled_job_type.scheduled_job_type.run_scheduled_jo..., kwargs={'job_type': 'frappe.email.queue.flush', 'scheduled_job_type': 'gh00mvce03'..., method='frappe.core.doctype.scheduled_job_type.scheduled_job_type.run_scheduled_jo..., site='dev.localhost', user='Administrator') (dev.localhost::scheduled_job::gh00mvce03)
2025-02-06 03:20:01,739 workspace-frappe-bench:default: Job OK (dev.localhost::scheduled_job::gh00mvce03)
2025-02-06 03:20:01,739 Result is kept for 600 seconds
2025-02-06 03:20:01,746 workspace-frappe-bench:default: frappe.utils.background_jobs.execute_job(event=None, is_async=True, job_name='frappe.core.doctype.scheduled_job_type.scheduled_job_type.run_scheduled_jo..., kwargs={'job_type': 'frappe.email.doctype.email_account.email_account.pull', 'sche..., method='frappe.core.doctype.scheduled_job_type.scheduled_job_type.run_scheduled_jo..., site='dev.localhost', user='Administrator') (dev.localhost::scheduled_job::gh0658vc7i)
2025-02-06 03:20:01,991 workspace-frappe-bench:default: Job OK (dev.localhost::scheduled_job::gh0658vc7i)
2025-02-06 03:20:01,991 Result is kept for 600 seconds
2025-02-06 03:24:00,533 workspace-frappe-bench:default: frappe.utils.background_jobs.execute_job(event=None, is_async=True, job_name='frappe.core.doctype.scheduled_job_type.scheduled_job_type.run_scheduled_jo..., kwargs={'job_type': 'create_custom_schedule_all', 'scheduled_job_type': '3kme7dd2u..., method='frappe.core.doctype.scheduled_job_type.scheduled_job_type.run_scheduled_jo..., site='dev.localhost', user='Administrator') (dev.localhost::scheduled_job::3kme7dd2ul)
2025-02-06 03:24:00,853 workspace-frappe-bench:default: Job OK (dev.localhost::scheduled_job::3kme7dd2ul)
2025-02-06 03:24:00,853 Result is kept for 600 seconds
2025-02-06 03:24:00,858 Cleaning registries for queue: workspace-frappe-bench:short
2025-02-06 03:24:00,860 Cleaning registries for queue: workspace-frappe-bench:default
2025-02-06 03:24:00,861 Cleaning registries for queue: workspace-frappe-bench:long
2025-02-06 03:24:00,863 workspace-frappe-bench:default: frappe.utils.background_jobs.execute_job(event=None, is_async=True, job_name='frappe.core.doctype.scheduled_job_type.scheduled_job_type.run_scheduled_jo..., kwargs={'job_type': 'frappe.monitor.flush', 'scheduled_job_type': 'gh0aujdlkv'}, method='frappe.core.doctype.scheduled_job_type.scheduled_job_type.run_scheduled_jo..., site='dev.localhost', user='Administrator') (dev.localhost::scheduled_job::gh0aujdlkv)
2025-02-06 03:24:01,089 workspace-frappe-bench:default: Job OK (dev.localhost::scheduled_job::gh0aujdlkv)
2025-02-06 03:24:01,089 Result is kept for 600 seconds
2025-02-06 03:24:01,095 workspace-frappe-bench:default: frappe.utils.background_jobs.execute_job(event=None, is_async=True, job_name='frappe.core.doctype.scheduled_job_type.scheduled_job_type.run_scheduled_jo..., kwargs={'job_type': 'frappe.email.queue.flush', 'scheduled_job_type': 'gh00mvce03'..., method='frappe.core.doctype.scheduled_job_type.scheduled_job_type.run_scheduled_jo..., site='dev.localhost', user='Administrator') (dev.localhost::scheduled_job::gh00mvce03)
2025-02-06 03:24:01,472 workspace-frappe-bench:default: Job OK (dev.localhost::scheduled_job::gh00mvce03)
2025-02-06 03:24:01,473 Result is kept for 600 seconds
2025-02-06 03:28:00,756 workspace-frappe-bench:default: frappe.utils.background_jobs.execute_job(event=None, is_async=True, job_name='frappe.core.doctype.scheduled_job_type.scheduled_job_type.run_scheduled_jo..., kwargs={'job_type': 'create_custom_schedule_all', 'scheduled_job_type': '3kme7dd2u..., method='frappe.core.doctype.scheduled_job_type.scheduled_job_type.run_scheduled_jo..., site='dev.localhost', user='Administrator') (dev.localhost::scheduled_job::3kme7dd2ul)
2025-02-06 03:28:01,115 workspace-frappe-bench:default: Job OK (dev.localhost::scheduled_job::3kme7dd2ul)
2025-02-06 03:28:01,115 Result is kept for 600 seconds
2025-02-06 03:28:01,122 workspace-frappe-bench:default: frappe.utils.background_jobs.execute_job(event=None, is_async=True, job_name='frappe.core.doctype.scheduled_job_type.scheduled_job_type.run_scheduled_jo..., kwargs={'job_type': 'frappe.monitor.flush', 'scheduled_job_type': 'gh0aujdlkv'}, method='frappe.core.doctype.scheduled_job_type.scheduled_job_type.run_scheduled_jo..., site='dev.localhost', user='Administrator') (dev.localhost::scheduled_job::gh0aujdlkv)
2025-02-06 03:28:01,379 workspace-frappe-bench:default: Job OK (dev.localhost::scheduled_job::gh0aujdlkv)
2025-02-06 03:28:01,379 Result is kept for 600 seconds
2025-02-06 03:28:01,387 workspace-frappe-bench:default: frappe.utils.background_jobs.execute_job(event=None, is_async=True, job_name='frappe.core.doctype.scheduled_job_type.scheduled_job_type.run_scheduled_jo..., kwargs={'job_type': 'frappe.email.doctype.notification.notification.trigger_offset..., method='frappe.core.doctype.scheduled_job_type.scheduled_job_type.run_scheduled_jo..., site='dev.localhost', user='Administrator') (dev.localhost::scheduled_job::gh07vsicua)
2025-02-06 03:28:01,680 workspace-frappe-bench:default: Job OK (dev.localhost::scheduled_job::gh07vsicua)
2025-02-06 03:28:01,680 Result is kept for 600 seconds
2025-02-06 03:28:01,686 workspace-frappe-bench:default: frappe.utils.background_jobs.execute_job(event=None, is_async=True, job_name='frappe.core.doctype.scheduled_job_type.scheduled_job_type.run_scheduled_jo..., kwargs={'job_type': 'frappe.email.queue.flush', 'scheduled_job_type': 'gh00mvce03'..., method='frappe.core.doctype.scheduled_job_type.scheduled_job_type.run_scheduled_jo..., site='dev.localhost', user='Administrator') (dev.localhost::scheduled_job::gh00mvce03)
2025-02-06 03:28:02,025 workspace-frappe-bench:default: Job OK (dev.localhost::scheduled_job::gh00mvce03)
2025-02-06 03:28:02,025 Result is kept for 600 seconds
2025-02-06 03:32:00,996 workspace-frappe-bench:default: frappe.utils.background_jobs.execute_job(event=None, is_async=True, job_name='frappe.core.doctype.scheduled_job_type.scheduled_job_type.run_scheduled_jo..., kwargs={'job_type': 'frappe.email.doctype.notification.notification.trigger_offset..., method='frappe.core.doctype.scheduled_job_type.scheduled_job_type.run_scheduled_jo..., site='dev.localhost', user='Administrator') (dev.localhost::scheduled_job::gh07vsicua)
2025-02-06 03:32:01,322 workspace-frappe-bench:default: Job OK (dev.localhost::scheduled_job::gh07vsicua)
2025-02-06 03:32:01,322 Result is kept for 600 seconds
2025-02-06 03:32:01,329 workspace-frappe-bench:default: frappe.utils.background_jobs.execute_job(event=None, is_async=True, job_name='frappe.core.doctype.scheduled_job_type.scheduled_job_type.run_scheduled_jo..., kwargs={'job_type': 'frappe.email.doctype.newsletter.newsletter.send_scheduled_ema..., method='frappe.core.doctype.scheduled_job_type.scheduled_job_type.run_scheduled_jo..., site='dev.localhost', user='Administrator') (dev.localhost::scheduled_job::gh06jvuf2j)
2025-02-06 03:32:01,632 workspace-frappe-bench:default: Job OK (dev.localhost::scheduled_job::gh06jvuf2j)
2025-02-06 03:32:01,632 Result is kept for 600 seconds
2025-02-06 03:32:01,639 workspace-frappe-bench:default: frappe.utils.background_jobs.execute_job(event=None, is_async=True, job_name='frappe.core.doctype.scheduled_job_type.scheduled_job_type.run_scheduled_jo..., kwargs={'job_type': 'frappe.website.doctype.web_page.web_page.check_publish_status..., method='frappe.core.doctype.scheduled_job_type.scheduled_job_type.run_scheduled_jo..., site='dev.localhost', user='Administrator') (dev.localhost::scheduled_job::gh0f8so08k)
2025-02-06 03:32:01,982 workspace-frappe-bench:default: Job OK (dev.localhost::scheduled_job::gh0f8so08k)
2025-02-06 03:32:01,982 Result is kept for 600 seconds
2025-02-06 03:32:01,989 workspace-frappe-bench:default: frappe.utils.background_jobs.execute_job(event=None, is_async=True, job_name='frappe.core.doctype.scheduled_job_type.scheduled_job_type.run_scheduled_jo..., kwargs={'job_type': 'create_custom_schedule_all', 'scheduled_job_type': '3kme7dd2u..., method='frappe.core.doctype.scheduled_job_type.scheduled_job_type.run_scheduled_jo..., site='dev.localhost', user='Administrator') (dev.localhost::scheduled_job::3kme7dd2ul)
2025-02-06 03:32:02,295 workspace-frappe-bench:default: Job OK (dev.localhost::scheduled_job::3kme7dd2ul)
2025-02-06 03:32:02,295 Result is kept for 600 seconds
2025-02-06 03:32:02,302 workspace-frappe-bench:default: frappe.utils.background_jobs.execute_job(event=None, is_async=True, job_name='frappe.core.doctype.scheduled_job_type.scheduled_job_type.run_scheduled_jo..., kwargs={'job_type': 'frappe.monitor.flush', 'scheduled_job_type': 'gh0aujdlkv'}, method='frappe.core.doctype.scheduled_job_type.scheduled_job_type.run_scheduled_jo..., site='dev.localhost', user='Administrator') (dev.localhost::scheduled_job::gh0aujdlkv)
2025-02-06 03:32:02,530 workspace-frappe-bench:default: Job OK (dev.localhost::scheduled_job::gh0aujdlkv)
2025-02-06 03:32:02,530 Result is kept for 600 seconds
2025-02-06 03:32:02,537 workspace-frappe-bench:default: frappe.utils.background_jobs.execute_job(event=None, is_async=True, job_name='frappe.core.doctype.scheduled_job_type.scheduled_job_type.run_scheduled_jo..., kwargs={'job_type': 'frappe.model.utils.user_settings.sync_user_settings', 'schedu..., method='frappe.core.doctype.scheduled_job_type.scheduled_job_type.run_scheduled_jo..., site='dev.localhost', user='Administrator') (dev.localhost::scheduled_job::gh0u188jge)
2025-02-06 03:32:02,810 workspace-frappe-bench:default: Job OK (dev.localhost::scheduled_job::gh0u188jge)
2025-02-06 03:32:02,810 Result is kept for 600 seconds
2025-02-06 03:32:02,817 workspace-frappe-bench:default: frappe.utils.background_jobs.execute_job(event=None, is_async=True, job_name='frappe.core.doctype.scheduled_job_type.scheduled_job_type.run_scheduled_jo..., kwargs={'job_type': 'erpnext.projects.doctype.project.project.project_status_updat..., method='frappe.core.doctype.scheduled_job_type.scheduled_job_type.run_scheduled_jo..., site='dev.localhost', user='Administrator') (dev.localhost::scheduled_job::h8b1mfe1is)
2025-02-06 03:32:03,163 workspace-frappe-bench:default: Job OK (dev.localhost::scheduled_job::h8b1mfe1is)
2025-02-06 03:32:03,163 Result is kept for 600 seconds
2025-02-06 03:32:03,169 workspace-frappe-bench:default: frappe.utils.background_jobs.execute_job(event=None, is_async=True, job_name='frappe.core.doctype.scheduled_job_type.scheduled_job_type.run_scheduled_jo..., kwargs={'job_type': 'frappe.desk.form.document_follow.send_hourly_updates', 'sched..., method='frappe.core.doctype.scheduled_job_type.scheduled_job_type.run_scheduled_jo..., site='dev.localhost', user='Administrator') (dev.localhost::scheduled_job::gh0j4hkguk)
2025-02-06 03:32:03,423 workspace-frappe-bench:default: Job OK (dev.localhost::scheduled_job::gh0j4hkguk)
2025-02-06 03:32:03,423 Result is kept for 600 seconds
2025-02-06 03:32:03,430 workspace-frappe-bench:default: frappe.utils.background_jobs.execute_job(event=None, is_async=True, job_name='frappe.core.doctype.scheduled_job_type.scheduled_job_type.run_scheduled_jo..., kwargs={'job_type': 'frappe.oauth.delete_oauth2_data', 'scheduled_job_type': 'gh0c..., method='frappe.core.doctype.scheduled_job_type.scheduled_job_type.run_scheduled_jo..., site='dev.localhost', user='Administrator') (dev.localhost::scheduled_job::gh0cqqi3u8)
2025-02-06 03:32:03,674 workspace-frappe-bench:default: Job OK (dev.localhost::scheduled_job::gh0cqqi3u8)
2025-02-06 03:32:03,674 Result is kept for 600 seconds
2025-02-06 03:32:03,682 workspace-frappe-bench:default: frappe.utils.background_jobs.execute_job(event=None, is_async=True, job_name='frappe.core.doctype.scheduled_job_type.scheduled_job_type.run_scheduled_jo..., kwargs={'job_type': 'frappe.website.doctype.personal_data_deletion_request.persona..., method='frappe.core.doctype.scheduled_job_type.scheduled_job_type.run_scheduled_jo..., site='dev.localhost', user='Administrator') (dev.localhost::scheduled_job::gh0avp4j2n)
2025-02-06 03:32:03,944 workspace-frappe-bench:default: Job OK (dev.localhost::scheduled_job::gh0avp4j2n)
2025-02-06 03:32:03,944 Result is kept for 600 seconds
2025-02-06 03:32:03,953 workspace-frappe-bench:default: frappe.utils.background_jobs.execute_job(event=None, is_async=True, job_name='frappe.core.doctype.scheduled_job_type.scheduled_job_type.run_scheduled_jo..., kwargs={'job_type': 'erpnext.erpnext_integrations.doctype.plaid_settings.plaid_set..., method='frappe.core.doctype.scheduled_job_type.scheduled_job_type.run_scheduled_jo..., site='dev.localhost', user='Administrator') (dev.localhost::scheduled_job::h8b151fufq)
2025-02-06 03:32:04,279 workspace-frappe-bench:default: Job OK (dev.localhost::scheduled_job::h8b151fufq)
2025-02-06 03:32:04,281 Result is kept for 600 seconds
2025-02-06 03:32:04,324 workspace-frappe-bench:default: frappe.utils.background_jobs.execute_job(event=None, is_async=True, job_name='frappe.core.doctype.scheduled_job_type.scheduled_job_type.run_scheduled_jo..., kwargs={'job_type': 'frappe.email.doctype.email_account.email_account.pull', 'sche..., method='frappe.core.doctype.scheduled_job_type.scheduled_job_type.run_scheduled_jo..., site='dev.localhost', user='Administrator') (dev.localhost::scheduled_job::gh0658vc7i)
2025-02-06 03:32:04,645 workspace-frappe-bench:default: Job OK (dev.localhost::scheduled_job::gh0658vc7i)
2025-02-06 03:32:04,645 Result is kept for 600 seconds
2025-02-06 03:32:04,652 workspace-frappe-bench:default: frappe.utils.background_jobs.execute_job(event=None, is_async=True, job_name='frappe.core.doctype.scheduled_job_type.scheduled_job_type.run_scheduled_jo..., kwargs={'job_type': 'erpnext.manufacturing.doctype.bom_update_log.bom_update_log.r..., method='frappe.core.doctype.scheduled_job_type.scheduled_job_type.run_scheduled_jo..., site='dev.localhost', user='Administrator') (dev.localhost::scheduled_job::h8ag45pu0p)
2025-02-06 03:32:04,942 workspace-frappe-bench:default: Job OK (dev.localhost::scheduled_job::h8ag45pu0p)
2025-02-06 03:32:04,943 Result is kept for 600 seconds
2025-02-06 03:32:04,951 workspace-frappe-bench:default: frappe.utils.background_jobs.execute_job(event=None, is_async=True, job_name='frappe.core.doctype.scheduled_job_type.scheduled_job_type.run_scheduled_jo..., kwargs={'job_type': 'erpnext.projects.doctype.project.project.collect_project_stat..., method='frappe.core.doctype.scheduled_job_type.scheduled_job_type.run_scheduled_jo..., site='dev.localhost', user='Administrator') (dev.localhost::scheduled_job::h8booulqbu)
2025-02-06 03:32:05,260 workspace-frappe-bench:default: Job OK (dev.localhost::scheduled_job::h8booulqbu)
2025-02-06 03:32:05,260 Result is kept for 600 seconds
2025-02-06 03:32:05,267 workspace-frappe-bench:default: frappe.utils.background_jobs.execute_job(event=None, is_async=True, job_name='frappe.core.doctype.scheduled_job_type.scheduled_job_type.run_scheduled_jo..., kwargs={'job_type': 'frappe.email.doctype.email_account.email_account.notify_unrep..., method='frappe.core.doctype.scheduled_job_type.scheduled_job_type.run_scheduled_jo..., site='dev.localhost', user='Administrator') (dev.localhost::scheduled_job::gh0mg9dg3j)
2025-02-06 03:32:05,572 workspace-frappe-bench:default: Job OK (dev.localhost::scheduled_job::gh0mg9dg3j)
2025-02-06 03:32:05,572 Result is kept for 600 seconds
2025-02-06 03:32:05,578 workspace-frappe-bench:default: frappe.utils.background_jobs.execute_job(event=None, is_async=True, job_name='frappe.core.doctype.scheduled_job_type.scheduled_job_type.run_scheduled_jo..., kwargs={'job_type': 'frappe.email.queue.flush', 'scheduled_job_type': 'gh00mvce03'..., method='frappe.core.doctype.scheduled_job_type.scheduled_job_type.run_scheduled_jo..., site='dev.localhost', user='Administrator') (dev.localhost::scheduled_job::gh00mvce03)
2025-02-06 03:32:05,884 workspace-frappe-bench:default: Job OK (dev.localhost::scheduled_job::gh00mvce03)
2025-02-06 03:32:05,884 Result is kept for 600 seconds
2025-02-06 03:32:05,892 workspace-frappe-bench:default: frappe.utils.background_jobs.execute_job(event=None, is_async=True, job_name='frappe.core.doctype.scheduled_job_type.scheduled_job_type.run_scheduled_jo..., kwargs={'job_type': 'frappe.desk.page.backups.backups.delete_downloadable_backups'..., method='frappe.core.doctype.scheduled_job_type.scheduled_job_type.run_scheduled_jo..., site='dev.localhost', user='Administrator') (dev.localhost::scheduled_job::gh0ng053v2)
2025-02-06 03:32:06,154 workspace-frappe-bench:default: Job OK (dev.localhost::scheduled_job::gh0ng053v2)
2025-02-06 03:32:06,155 Result is kept for 600 seconds
2025-02-06 03:32:06,161 workspace-frappe-bench:default: frappe.utils.background_jobs.execute_job(event=None, is_async=True, job_name='frappe.core.doctype.scheduled_job_type.scheduled_job_type.run_scheduled_jo..., kwargs={'job_type': 'frappe.twofactor.delete_all_barcodes_for_users', 'scheduled_j..., method='frappe.core.doctype.scheduled_job_type.scheduled_job_type.run_scheduled_jo..., site='dev.localhost', user='Administrator') (dev.localhost::scheduled_job::gh028ljaof)
2025-02-06 03:32:06,414 workspace-frappe-bench:default: Job OK (dev.localhost::scheduled_job::gh028ljaof)
2025-02-06 03:32:06,414 Result is kept for 600 seconds
2025-02-06 03:32:06,424 workspace-frappe-bench:default: frappe.utils.background_jobs.execute_job(event=None, is_async=True, job_name='frappe.core.doctype.scheduled_job_type.scheduled_job_type.run_scheduled_jo..., kwargs={'job_type': 'frappe.integrations.doctype.google_calendar.google_calendar.s..., method='frappe.core.doctype.scheduled_job_type.scheduled_job_type.run_scheduled_jo..., site='dev.localhost', user='Administrator') (dev.localhost::scheduled_job::gh03v1fbt6)
2025-02-06 03:32:06,899 workspace-frappe-bench:default: Job OK (dev.localhost::scheduled_job::gh03v1fbt6)
2025-02-06 03:32:06,900 Result is kept for 600 seconds
2025-02-06 03:32:06,911 workspace-frappe-bench:default: frappe.utils.background_jobs.execute_job(event=None, is_async=True, job_name='frappe.core.doctype.scheduled_job_type.scheduled_job_type.run_scheduled_jo..., kwargs={'job_type': 'frappe.automation.doctype.reminder.reminder.send_reminders', ..., method='frappe.core.doctype.scheduled_job_type.scheduled_job_type.run_scheduled_jo..., site='dev.localhost', user='Administrator') (dev.localhost::scheduled_job::gh040jcecd)
2025-02-06 03:32:07,150 workspace-frappe-bench:default: Job OK (dev.localhost::scheduled_job::gh040jcecd)
2025-02-06 03:32:07,150 Result is kept for 600 seconds
2025-02-06 03:32:07,157 workspace-frappe-bench:default: frappe.utils.background_jobs.execute_job(event=None, is_async=True, job_name='frappe.core.doctype.scheduled_job_type.scheduled_job_type.run_scheduled_jo..., kwargs={'job_type': 'frappe.deferred_insert.save_to_db', 'scheduled_job_type': 'gh..., method='frappe.core.doctype.scheduled_job_type.scheduled_job_type.run_scheduled_jo..., site='dev.localhost', user='Administrator') (dev.localhost::scheduled_job::gh0bgqksqs)
2025-02-06 03:32:07,493 workspace-frappe-bench:default: Job OK (dev.localhost::scheduled_job::gh0bgqksqs)
2025-02-06 03:32:07,493 Result is kept for 600 seconds
2025-02-06 03:32:07,500 workspace-frappe-bench:default: frappe.utils.background_jobs.execute_job(event=None, is_async=True, job_name='frappe.core.doctype.scheduled_job_type.scheduled_job_type.run_scheduled_jo..., kwargs={'job_type': 'erpnext.utilities.doctype.video.video.update_youtube_data', '..., method='frappe.core.doctype.scheduled_job_type.scheduled_job_type.run_scheduled_jo..., site='dev.localhost', user='Administrator') (dev.localhost::scheduled_job::h8bn927msj)
2025-02-06 03:32:08,022 workspace-frappe-bench:default: Job OK (dev.localhost::scheduled_job::h8bn927msj)
2025-02-06 03:32:08,022 Result is kept for 600 seconds
2025-02-06 03:32:08,029 workspace-frappe-bench:default: frappe.utils.background_jobs.execute_job(event=None, is_async=True, job_name='frappe.core.doctype.scheduled_job_type.scheduled_job_type.run_scheduled_jo..., kwargs={'job_type': 'erpnext.projects.doctype.project.project.hourly_reminder', 's..., method='frappe.core.doctype.scheduled_job_type.scheduled_job_type.run_scheduled_jo..., site='dev.localhost', user='Administrator') (dev.localhost::scheduled_job::h8bv7nrbkn)
2025-02-06 03:32:08,307 workspace-frappe-bench:default: Job OK (dev.localhost::scheduled_job::h8bv7nrbkn)
2025-02-06 03:32:08,307 Result is kept for 600 seconds
2025-02-06 03:32:08,314 workspace-frappe-bench:default: frappe.utils.background_jobs.execute_job(event=None, is_async=True, job_name='frappe.core.doctype.scheduled_job_type.scheduled_job_type.run_scheduled_jo..., kwargs={'job_type': 'frappe.utils.global_search.sync_global_search', 'scheduled_jo..., method='frappe.core.doctype.scheduled_job_type.scheduled_job_type.run_scheduled_jo..., site='dev.localhost', user='Administrator') (dev.localhost::scheduled_job::gh0729h6vd)
2025-02-06 03:32:08,572 workspace-frappe-bench:default: Job OK (dev.localhost::scheduled_job::gh0729h6vd)
2025-02-06 03:32:08,572 Result is kept for 600 seconds
2025-02-06 03:32:08,578 workspace-frappe-bench:default: frappe.utils.background_jobs.execute_job(event=None, is_async=True, job_name='frappe.core.doctype.scheduled_job_type.scheduled_job_type.run_scheduled_jo..., kwargs={'job_type': 'frappe.model.utils.link_count.update_link_count', 'scheduled_..., method='frappe.core.doctype.scheduled_job_type.scheduled_job_type.run_scheduled_jo..., site='dev.localhost', user='Administrator') (dev.localhost::scheduled_job::gh0qg95qk3)
2025-02-06 03:32:08,852 workspace-frappe-bench:default: Job OK (dev.localhost::scheduled_job::gh0qg95qk3)
2025-02-06 03:32:08,852 Result is kept for 600 seconds
2025-02-06 03:32:08,860 workspace-frappe-bench:long: frappe.utils.background_jobs.execute_job(event=None, is_async=True, job_name='frappe.core.doctype.scheduled_job_type.scheduled_job_type.run_scheduled_jo..., kwargs={'job_type': 'erpnext.stock.doctype.repost_item_valuation.repost_item_valua..., method='frappe.core.doctype.scheduled_job_type.scheduled_job_type.run_scheduled_jo..., site='dev.localhost', user='Administrator') (dev.localhost::scheduled_job::h8dta323bp)
2025-02-06 03:32:09,255 workspace-frappe-bench:long: Job OK (dev.localhost::scheduled_job::h8dta323bp)
2025-02-06 03:32:09,256 Result is kept for 600 seconds
2025-02-06 03:33:51,651 Worker 186d876c6d8840bb82a4ca795ef0c47b [PID 62221]: warm shut down requested
2025-02-06 03:33:51,667 Unsubscribing from channel rq:pubsub:186d876c6d8840bb82a4ca795ef0c47b
