2025-02-04 18:29:00,464 Could not connect to Redis instance: Connection closed by server. Retrying in 1 seconds...
Exception in thread Thread-2:
Traceback (most recent call last):
  File "/home/frappe/.pyenv/versions/3.11.6/lib/python3.11/threading.py", line 1045, in _bootstrap_inner
    self.run()
  File "/workspace/frappe-bench/env/lib/python3.11/site-packages/redis/client.py", line 1192, in run
    pubsub.get_message(ignore_subscribe_messages=True, timeout=sleep_time)
  File "/workspace/frappe-bench/env/lib/python3.11/site-packages/redis/client.py", line 1054, in get_message
    response = self.parse_response(block=(timeout is None), timeout=timeout)
               ^^^^^^^^^^^^^^^^^^^^^^^^^^^^^^^^^^^^^^^^^^^^^^^^^^^^^^^^^^^^^
  File "/workspace/frappe-bench/env/lib/python3.11/site-packages/redis/client.py", line 865, in parse_response
    response = self._execute(conn, try_read)
               ^^^^^^^^^^^^^^^^^^^^^^^^^^^^^
  File "/workspace/frappe-bench/env/lib/python3.11/site-packages/redis/client.py", line 841, in _execute
    return conn.retry.call_with_retry(
           ^^^^^^^^^^^^^^^^^^^^^^^^^^^
  File "/workspace/frappe-bench/env/lib/python3.11/site-packages/redis/retry.py", line 65, in call_with_retry
    fail(error)
  File "/workspace/frappe-bench/env/lib/python3.11/site-packages/redis/client.py", line 843, in <lambda>
    lambda error: self._disconnect_raise_connect(conn, error),
                  ^^^^^^^^^^^^^^^^^^^^^^^^^^^^^^^^^^^^^^^^^^^
  File "/workspace/frappe-bench/env/lib/python3.11/site-packages/redis/client.py", line 830, in _disconnect_raise_connect
    raise error
  File "/workspace/frappe-bench/env/lib/python3.11/site-packages/redis/retry.py", line 62, in call_with_retry
    return do()
           ^^^^
  File "/workspace/frappe-bench/env/lib/python3.11/site-packages/redis/client.py", line 842, in <lambda>
    lambda: command(*args, **kwargs),
            ^^^^^^^^^^^^^^^^^^^^^^^^
  File "/workspace/frappe-bench/env/lib/python3.11/site-packages/redis/client.py", line 859, in try_read
    if not conn.can_read(timeout=timeout):
           ^^^^^^^^^^^^^^^^^^^^^^^^^^^^^^
  File "/workspace/frappe-bench/env/lib/python3.11/site-packages/redis/connection.py", line 570, in can_read
    return self._parser.can_read(timeout)
           ^^^^^^^^^^^^^^^^^^^^^^^^^^^^^^
  File "/workspace/frappe-bench/env/lib/python3.11/site-packages/redis/_parsers/hiredis.py", line 79, in can_read
    return self.read_from_socket(timeout=timeout, raise_on_timeout=False)
           ^^^^^^^^^^^^^^^^^^^^^^^^^^^^^^^^^^^^^^^^^^^^^^^^^^^^^^^^^^^^^^
  File "/workspace/frappe-bench/env/lib/python3.11/site-packages/redis/_parsers/hiredis.py", line 90, in read_from_socket
    raise ConnectionError(SERVER_CLOSED_CONNECTION_ERROR)
redis.exceptions.ConnectionError: Connection closed by server.
2025-02-04 18:29:01,535 Could not connect to Redis instance: Error -2 connecting to redis-queue:6379. Name or service not known. Retrying in 2 seconds...
2025-02-04 18:29:03,660 Could not connect to Redis instance: Error -2 connecting to redis-queue:6379. Name or service not known. Retrying in 4 seconds...
2025-02-04 18:29:07,686 Could not connect to Redis instance: Error -2 connecting to redis-queue:6379. Name or service not known. Retrying in 8 seconds...
Exception in thread Thread-1:
Traceback (most recent call last):
  File "/workspace/frappe-bench/env/lib/python3.11/site-packages/redis/connection.py", line 357, in connect
    sock = self.retry.call_with_retry(
           ^^^^^^^^^^^^^^^^^^^^^^^^^^^
  File "/workspace/frappe-bench/env/lib/python3.11/site-packages/redis/retry.py", line 62, in call_with_retry
    return do()
           ^^^^
  File "/workspace/frappe-bench/env/lib/python3.11/site-packages/redis/connection.py", line 358, in <lambda>
    lambda: self._connect(), lambda error: self.disconnect(error)
            ^^^^^^^^^^^^^^^
  File "/workspace/frappe-bench/env/lib/python3.11/site-packages/redis/connection.py", line 698, in _connect
    for res in socket.getaddrinfo(
               ^^^^^^^^^^^^^^^^^^^
  File "/home/frappe/.pyenv/versions/3.11.6/lib/python3.11/socket.py", line 962, in getaddrinfo
    for res in _socket.getaddrinfo(host, port, family, type, proto, flags):
               ^^^^^^^^^^^^^^^^^^^^^^^^^^^^^^^^^^^^^^^^^^^^^^^^^^^^^^^^^^^
socket.gaierror: [Errno -2] Name or service not known

During handling of the above exception, another exception occurred:

Traceback (most recent call last):
  File "/home/frappe/.pyenv/versions/3.11.6/lib/python3.11/threading.py", line 1045, in _bootstrap_inner
    self.run()
  File "/workspace/frappe-bench/env/lib/python3.11/site-packages/redis/client.py", line 1196, in run
    self.exception_handler(e, pubsub, self)
  File "/workspace/frappe-bench/env/lib/python3.11/site-packages/redis/client.py", line 1192, in run
    pubsub.get_message(ignore_subscribe_messages=True, timeout=sleep_time)
  File "/workspace/frappe-bench/env/lib/python3.11/site-packages/redis/client.py", line 1054, in get_message
    response = self.parse_response(block=(timeout is None), timeout=timeout)
               ^^^^^^^^^^^^^^^^^^^^^^^^^^^^^^^^^^^^^^^^^^^^^^^^^^^^^^^^^^^^^
  File "/workspace/frappe-bench/env/lib/python3.11/site-packages/redis/client.py", line 865, in parse_response
    response = self._execute(conn, try_read)
               ^^^^^^^^^^^^^^^^^^^^^^^^^^^^^
  File "/workspace/frappe-bench/env/lib/python3.11/site-packages/redis/client.py", line 841, in _execute
    return conn.retry.call_with_retry(
           ^^^^^^^^^^^^^^^^^^^^^^^^^^^
  File "/workspace/frappe-bench/env/lib/python3.11/site-packages/redis/retry.py", line 65, in call_with_retry
    fail(error)
  File "/workspace/frappe-bench/env/lib/python3.11/site-packages/redis/client.py", line 843, in <lambda>
    lambda error: self._disconnect_raise_connect(conn, error),
                  ^^^^^^^^^^^^^^^^^^^^^^^^^^^^^^^^^^^^^^^^^^^
  File "/workspace/frappe-bench/env/lib/python3.11/site-packages/redis/client.py", line 830, in _disconnect_raise_connect
    raise error
  File "/workspace/frappe-bench/env/lib/python3.11/site-packages/redis/retry.py", line 62, in call_with_retry
    return do()
           ^^^^
  File "/workspace/frappe-bench/env/lib/python3.11/site-packages/redis/client.py", line 842, in <lambda>
    lambda: command(*args, **kwargs),
            ^^^^^^^^^^^^^^^^^^^^^^^^
  File "/workspace/frappe-bench/env/lib/python3.11/site-packages/redis/client.py", line 862, in try_read
    conn.connect()
  File "/workspace/frappe-bench/env/lib/python3.11/site-packages/redis/connection.py", line 363, in connect
    raise ConnectionError(self._error_message(e))
redis.exceptions.ConnectionError: Error -2 connecting to redis-cache:6379. Name or service not known.
/workspace/frappe-bench/env/lib/python3.11/site-packages/rq/connections.py:58: DeprecationWarning: The `push_connection` function is deprecated. Pass the `connection` explicitly instead.
  warnings.warn(
/workspace/frappe-bench/env/lib/python3.11/site-packages/passlib/utils/__init__.py:854: DeprecationWarning: 'crypt' is deprecated and slated for removal in Python 3.13
  from crypt import crypt as _crypt
/workspace/frappe-bench/env/lib/python3.11/site-packages/rq/connections.py:72: DeprecationWarning: The `pop_connection` function is deprecated. Pass the `connection` explicitly instead.
  warnings.warn(
/workspace/frappe-bench/env/lib/python3.11/site-packages/rq/connections.py:58: DeprecationWarning: The `push_connection` function is deprecated. Pass the `connection` explicitly instead.
  warnings.warn(
/workspace/frappe-bench/env/lib/python3.11/site-packages/passlib/utils/__init__.py:854: DeprecationWarning: 'crypt' is deprecated and slated for removal in Python 3.13
  from crypt import crypt as _crypt
/workspace/frappe-bench/env/lib/python3.11/site-packages/rq/connections.py:72: DeprecationWarning: The `pop_connection` function is deprecated. Pass the `connection` explicitly instead.
  warnings.warn(
/workspace/frappe-bench/env/lib/python3.11/site-packages/rq/connections.py:58: DeprecationWarning: The `push_connection` function is deprecated. Pass the `connection` explicitly instead.
  warnings.warn(
/workspace/frappe-bench/env/lib/python3.11/site-packages/passlib/utils/__init__.py:854: DeprecationWarning: 'crypt' is deprecated and slated for removal in Python 3.13
  from crypt import crypt as _crypt
/workspace/frappe-bench/env/lib/python3.11/site-packages/rq/connections.py:72: DeprecationWarning: The `pop_connection` function is deprecated. Pass the `connection` explicitly instead.
  warnings.warn(
/workspace/frappe-bench/env/lib/python3.11/site-packages/rq/connections.py:58: DeprecationWarning: The `push_connection` function is deprecated. Pass the `connection` explicitly instead.
  warnings.warn(
/workspace/frappe-bench/env/lib/python3.11/site-packages/passlib/utils/__init__.py:854: DeprecationWarning: 'crypt' is deprecated and slated for removal in Python 3.13
  from crypt import crypt as _crypt
/workspace/frappe-bench/env/lib/python3.11/site-packages/rq/connections.py:72: DeprecationWarning: The `pop_connection` function is deprecated. Pass the `connection` explicitly instead.
  warnings.warn(
/workspace/frappe-bench/env/lib/python3.11/site-packages/rq/connections.py:58: DeprecationWarning: The `push_connection` function is deprecated. Pass the `connection` explicitly instead.
  warnings.warn(
/workspace/frappe-bench/env/lib/python3.11/site-packages/passlib/utils/__init__.py:854: DeprecationWarning: 'crypt' is deprecated and slated for removal in Python 3.13
  from crypt import crypt as _crypt
/workspace/frappe-bench/env/lib/python3.11/site-packages/rq/connections.py:72: DeprecationWarning: The `pop_connection` function is deprecated. Pass the `connection` explicitly instead.
  warnings.warn(
/workspace/frappe-bench/env/lib/python3.11/site-packages/rq/connections.py:58: DeprecationWarning: The `push_connection` function is deprecated. Pass the `connection` explicitly instead.
  warnings.warn(
/workspace/frappe-bench/env/lib/python3.11/site-packages/passlib/utils/__init__.py:854: DeprecationWarning: 'crypt' is deprecated and slated for removal in Python 3.13
  from crypt import crypt as _crypt
/workspace/frappe-bench/env/lib/python3.11/site-packages/rq/connections.py:72: DeprecationWarning: The `pop_connection` function is deprecated. Pass the `connection` explicitly instead.
  warnings.warn(
/workspace/frappe-bench/env/lib/python3.11/site-packages/rq/connections.py:58: DeprecationWarning: The `push_connection` function is deprecated. Pass the `connection` explicitly instead.
  warnings.warn(
/workspace/frappe-bench/env/lib/python3.11/site-packages/passlib/utils/__init__.py:854: DeprecationWarning: 'crypt' is deprecated and slated for removal in Python 3.13
  from crypt import crypt as _crypt
/workspace/frappe-bench/env/lib/python3.11/site-packages/rq/connections.py:72: DeprecationWarning: The `pop_connection` function is deprecated. Pass the `connection` explicitly instead.
  warnings.warn(
/workspace/frappe-bench/env/lib/python3.11/site-packages/rq/connections.py:58: DeprecationWarning: The `push_connection` function is deprecated. Pass the `connection` explicitly instead.
  warnings.warn(
/workspace/frappe-bench/env/lib/python3.11/site-packages/passlib/utils/__init__.py:854: DeprecationWarning: 'crypt' is deprecated and slated for removal in Python 3.13
  from crypt import crypt as _crypt
/workspace/frappe-bench/env/lib/python3.11/site-packages/rq/connections.py:72: DeprecationWarning: The `pop_connection` function is deprecated. Pass the `connection` explicitly instead.
  warnings.warn(
/workspace/frappe-bench/env/lib/python3.11/site-packages/rq/connections.py:58: DeprecationWarning: The `push_connection` function is deprecated. Pass the `connection` explicitly instead.
  warnings.warn(
/workspace/frappe-bench/env/lib/python3.11/site-packages/passlib/utils/__init__.py:854: DeprecationWarning: 'crypt' is deprecated and slated for removal in Python 3.13
  from crypt import crypt as _crypt
/workspace/frappe-bench/env/lib/python3.11/site-packages/rq/connections.py:72: DeprecationWarning: The `pop_connection` function is deprecated. Pass the `connection` explicitly instead.
  warnings.warn(
/workspace/frappe-bench/env/lib/python3.11/site-packages/rq/connections.py:58: DeprecationWarning: The `push_connection` function is deprecated. Pass the `connection` explicitly instead.
  warnings.warn(
/workspace/frappe-bench/env/lib/python3.11/site-packages/passlib/utils/__init__.py:854: DeprecationWarning: 'crypt' is deprecated and slated for removal in Python 3.13
  from crypt import crypt as _crypt
/workspace/frappe-bench/env/lib/python3.11/site-packages/rq/connections.py:72: DeprecationWarning: The `pop_connection` function is deprecated. Pass the `connection` explicitly instead.
  warnings.warn(
/workspace/frappe-bench/env/lib/python3.11/site-packages/rq/connections.py:58: DeprecationWarning: The `push_connection` function is deprecated. Pass the `connection` explicitly instead.
  warnings.warn(
/workspace/frappe-bench/env/lib/python3.11/site-packages/passlib/utils/__init__.py:854: DeprecationWarning: 'crypt' is deprecated and slated for removal in Python 3.13
  from crypt import crypt as _crypt
/workspace/frappe-bench/env/lib/python3.11/site-packages/rq/connections.py:72: DeprecationWarning: The `pop_connection` function is deprecated. Pass the `connection` explicitly instead.
  warnings.warn(
/workspace/frappe-bench/env/lib/python3.11/site-packages/rq/connections.py:58: DeprecationWarning: The `push_connection` function is deprecated. Pass the `connection` explicitly instead.
  warnings.warn(
/workspace/frappe-bench/env/lib/python3.11/site-packages/passlib/utils/__init__.py:854: DeprecationWarning: 'crypt' is deprecated and slated for removal in Python 3.13
  from crypt import crypt as _crypt
/workspace/frappe-bench/env/lib/python3.11/site-packages/rq/connections.py:72: DeprecationWarning: The `pop_connection` function is deprecated. Pass the `connection` explicitly instead.
  warnings.warn(
/workspace/frappe-bench/env/lib/python3.11/site-packages/rq/connections.py:58: DeprecationWarning: The `push_connection` function is deprecated. Pass the `connection` explicitly instead.
  warnings.warn(
/workspace/frappe-bench/env/lib/python3.11/site-packages/passlib/utils/__init__.py:854: DeprecationWarning: 'crypt' is deprecated and slated for removal in Python 3.13
  from crypt import crypt as _crypt
/workspace/frappe-bench/env/lib/python3.11/site-packages/rq/connections.py:72: DeprecationWarning: The `pop_connection` function is deprecated. Pass the `connection` explicitly instead.
  warnings.warn(
/workspace/frappe-bench/env/lib/python3.11/site-packages/rq/connections.py:58: DeprecationWarning: The `push_connection` function is deprecated. Pass the `connection` explicitly instead.
  warnings.warn(
/workspace/frappe-bench/env/lib/python3.11/site-packages/passlib/utils/__init__.py:854: DeprecationWarning: 'crypt' is deprecated and slated for removal in Python 3.13
  from crypt import crypt as _crypt
/workspace/frappe-bench/env/lib/python3.11/site-packages/rq/connections.py:72: DeprecationWarning: The `pop_connection` function is deprecated. Pass the `connection` explicitly instead.
  warnings.warn(
/workspace/frappe-bench/env/lib/python3.11/site-packages/rq/connections.py:58: DeprecationWarning: The `push_connection` function is deprecated. Pass the `connection` explicitly instead.
  warnings.warn(
/workspace/frappe-bench/env/lib/python3.11/site-packages/passlib/utils/__init__.py:854: DeprecationWarning: 'crypt' is deprecated and slated for removal in Python 3.13
  from crypt import crypt as _crypt
/workspace/frappe-bench/env/lib/python3.11/site-packages/rq/connections.py:72: DeprecationWarning: The `pop_connection` function is deprecated. Pass the `connection` explicitly instead.
  warnings.warn(
/workspace/frappe-bench/env/lib/python3.11/site-packages/rq/connections.py:58: DeprecationWarning: The `push_connection` function is deprecated. Pass the `connection` explicitly instead.
  warnings.warn(
/workspace/frappe-bench/env/lib/python3.11/site-packages/passlib/utils/__init__.py:854: DeprecationWarning: 'crypt' is deprecated and slated for removal in Python 3.13
  from crypt import crypt as _crypt
/workspace/frappe-bench/env/lib/python3.11/site-packages/rq/connections.py:72: DeprecationWarning: The `pop_connection` function is deprecated. Pass the `connection` explicitly instead.
  warnings.warn(
/workspace/frappe-bench/env/lib/python3.11/site-packages/rq/connections.py:58: DeprecationWarning: The `push_connection` function is deprecated. Pass the `connection` explicitly instead.
  warnings.warn(
/workspace/frappe-bench/env/lib/python3.11/site-packages/passlib/utils/__init__.py:854: DeprecationWarning: 'crypt' is deprecated and slated for removal in Python 3.13
  from crypt import crypt as _crypt
/workspace/frappe-bench/env/lib/python3.11/site-packages/rq/connections.py:72: DeprecationWarning: The `pop_connection` function is deprecated. Pass the `connection` explicitly instead.
  warnings.warn(
/workspace/frappe-bench/env/lib/python3.11/site-packages/rq/connections.py:58: DeprecationWarning: The `push_connection` function is deprecated. Pass the `connection` explicitly instead.
  warnings.warn(
/workspace/frappe-bench/env/lib/python3.11/site-packages/passlib/utils/__init__.py:854: DeprecationWarning: 'crypt' is deprecated and slated for removal in Python 3.13
  from crypt import crypt as _crypt
/workspace/frappe-bench/env/lib/python3.11/site-packages/rq/connections.py:72: DeprecationWarning: The `pop_connection` function is deprecated. Pass the `connection` explicitly instead.
  warnings.warn(
/workspace/frappe-bench/env/lib/python3.11/site-packages/rq/connections.py:58: DeprecationWarning: The `push_connection` function is deprecated. Pass the `connection` explicitly instead.
  warnings.warn(
/workspace/frappe-bench/env/lib/python3.11/site-packages/passlib/utils/__init__.py:854: DeprecationWarning: 'crypt' is deprecated and slated for removal in Python 3.13
  from crypt import crypt as _crypt
/workspace/frappe-bench/env/lib/python3.11/site-packages/rq/connections.py:72: DeprecationWarning: The `pop_connection` function is deprecated. Pass the `connection` explicitly instead.
  warnings.warn(
/workspace/frappe-bench/env/lib/python3.11/site-packages/rq/connections.py:58: DeprecationWarning: The `push_connection` function is deprecated. Pass the `connection` explicitly instead.
  warnings.warn(
/workspace/frappe-bench/env/lib/python3.11/site-packages/passlib/utils/__init__.py:854: DeprecationWarning: 'crypt' is deprecated and slated for removal in Python 3.13
  from crypt import crypt as _crypt
/workspace/frappe-bench/env/lib/python3.11/site-packages/rq/connections.py:72: DeprecationWarning: The `pop_connection` function is deprecated. Pass the `connection` explicitly instead.
  warnings.warn(
/workspace/frappe-bench/env/lib/python3.11/site-packages/rq/connections.py:58: DeprecationWarning: The `push_connection` function is deprecated. Pass the `connection` explicitly instead.
  warnings.warn(
/workspace/frappe-bench/env/lib/python3.11/site-packages/passlib/utils/__init__.py:854: DeprecationWarning: 'crypt' is deprecated and slated for removal in Python 3.13
  from crypt import crypt as _crypt
/workspace/frappe-bench/env/lib/python3.11/site-packages/rq/connections.py:72: DeprecationWarning: The `pop_connection` function is deprecated. Pass the `connection` explicitly instead.
  warnings.warn(
/workspace/frappe-bench/env/lib/python3.11/site-packages/rq/connections.py:58: DeprecationWarning: The `push_connection` function is deprecated. Pass the `connection` explicitly instead.
  warnings.warn(
/workspace/frappe-bench/env/lib/python3.11/site-packages/passlib/utils/__init__.py:854: DeprecationWarning: 'crypt' is deprecated and slated for removal in Python 3.13
  from crypt import crypt as _crypt
/workspace/frappe-bench/env/lib/python3.11/site-packages/rq/connections.py:72: DeprecationWarning: The `pop_connection` function is deprecated. Pass the `connection` explicitly instead.
  warnings.warn(
/workspace/frappe-bench/env/lib/python3.11/site-packages/rq/connections.py:58: DeprecationWarning: The `push_connection` function is deprecated. Pass the `connection` explicitly instead.
  warnings.warn(
/workspace/frappe-bench/env/lib/python3.11/site-packages/passlib/utils/__init__.py:854: DeprecationWarning: 'crypt' is deprecated and slated for removal in Python 3.13
  from crypt import crypt as _crypt
/workspace/frappe-bench/apps/erpnext/erpnext/accounts/utils.py:1112: V16FrappeDeprecationWarning: frappe.utils.data.get_number_format_info is deprecated.
It was marked on unknown for removal from v16 with note: Use `NumberFormat.from_string()` from `frappe.utils.number_format` instead
  precision = get_number_format_info(number_format)[2]
/workspace/frappe-bench/env/lib/python3.11/site-packages/rq/connections.py:72: DeprecationWarning: The `pop_connection` function is deprecated. Pass the `connection` explicitly instead.
  warnings.warn(
/workspace/frappe-bench/env/lib/python3.11/site-packages/rq/connections.py:58: DeprecationWarning: The `push_connection` function is deprecated. Pass the `connection` explicitly instead.
  warnings.warn(
/workspace/frappe-bench/env/lib/python3.11/site-packages/passlib/utils/__init__.py:854: DeprecationWarning: 'crypt' is deprecated and slated for removal in Python 3.13
  from crypt import crypt as _crypt
/workspace/frappe-bench/env/lib/python3.11/site-packages/rq/connections.py:72: DeprecationWarning: The `pop_connection` function is deprecated. Pass the `connection` explicitly instead.
  warnings.warn(
/workspace/frappe-bench/env/lib/python3.11/site-packages/rq/connections.py:58: DeprecationWarning: The `push_connection` function is deprecated. Pass the `connection` explicitly instead.
  warnings.warn(
/workspace/frappe-bench/env/lib/python3.11/site-packages/passlib/utils/__init__.py:854: DeprecationWarning: 'crypt' is deprecated and slated for removal in Python 3.13
  from crypt import crypt as _crypt
/workspace/frappe-bench/env/lib/python3.11/site-packages/rq/connections.py:72: DeprecationWarning: The `pop_connection` function is deprecated. Pass the `connection` explicitly instead.
  warnings.warn(
/workspace/frappe-bench/env/lib/python3.11/site-packages/rq/connections.py:58: DeprecationWarning: The `push_connection` function is deprecated. Pass the `connection` explicitly instead.
  warnings.warn(
/workspace/frappe-bench/env/lib/python3.11/site-packages/passlib/utils/__init__.py:854: DeprecationWarning: 'crypt' is deprecated and slated for removal in Python 3.13
  from crypt import crypt as _crypt
/workspace/frappe-bench/env/lib/python3.11/site-packages/rq/connections.py:72: DeprecationWarning: The `pop_connection` function is deprecated. Pass the `connection` explicitly instead.
  warnings.warn(
/workspace/frappe-bench/env/lib/python3.11/site-packages/rq/connections.py:58: DeprecationWarning: The `push_connection` function is deprecated. Pass the `connection` explicitly instead.
  warnings.warn(
/workspace/frappe-bench/env/lib/python3.11/site-packages/passlib/utils/__init__.py:854: DeprecationWarning: 'crypt' is deprecated and slated for removal in Python 3.13
  from crypt import crypt as _crypt
/workspace/frappe-bench/env/lib/python3.11/site-packages/rq/connections.py:72: DeprecationWarning: The `pop_connection` function is deprecated. Pass the `connection` explicitly instead.
  warnings.warn(
/workspace/frappe-bench/env/lib/python3.11/site-packages/rq/connections.py:58: DeprecationWarning: The `push_connection` function is deprecated. Pass the `connection` explicitly instead.
  warnings.warn(
/workspace/frappe-bench/env/lib/python3.11/site-packages/passlib/utils/__init__.py:854: DeprecationWarning: 'crypt' is deprecated and slated for removal in Python 3.13
  from crypt import crypt as _crypt
/workspace/frappe-bench/env/lib/python3.11/site-packages/rq/connections.py:72: DeprecationWarning: The `pop_connection` function is deprecated. Pass the `connection` explicitly instead.
  warnings.warn(
/workspace/frappe-bench/env/lib/python3.11/site-packages/rq/connections.py:58: DeprecationWarning: The `push_connection` function is deprecated. Pass the `connection` explicitly instead.
  warnings.warn(
/workspace/frappe-bench/env/lib/python3.11/site-packages/passlib/utils/__init__.py:854: DeprecationWarning: 'crypt' is deprecated and slated for removal in Python 3.13
  from crypt import crypt as _crypt
/workspace/frappe-bench/env/lib/python3.11/site-packages/rq/connections.py:72: DeprecationWarning: The `pop_connection` function is deprecated. Pass the `connection` explicitly instead.
  warnings.warn(
/workspace/frappe-bench/env/lib/python3.11/site-packages/rq/connections.py:58: DeprecationWarning: The `push_connection` function is deprecated. Pass the `connection` explicitly instead.
  warnings.warn(
/workspace/frappe-bench/env/lib/python3.11/site-packages/passlib/utils/__init__.py:854: DeprecationWarning: 'crypt' is deprecated and slated for removal in Python 3.13
  from crypt import crypt as _crypt
/workspace/frappe-bench/env/lib/python3.11/site-packages/rq/connections.py:72: DeprecationWarning: The `pop_connection` function is deprecated. Pass the `connection` explicitly instead.
  warnings.warn(
/workspace/frappe-bench/env/lib/python3.11/site-packages/rq/connections.py:58: DeprecationWarning: The `push_connection` function is deprecated. Pass the `connection` explicitly instead.
  warnings.warn(
/workspace/frappe-bench/env/lib/python3.11/site-packages/passlib/utils/__init__.py:854: DeprecationWarning: 'crypt' is deprecated and slated for removal in Python 3.13
  from crypt import crypt as _crypt
/workspace/frappe-bench/env/lib/python3.11/site-packages/rq/connections.py:72: DeprecationWarning: The `pop_connection` function is deprecated. Pass the `connection` explicitly instead.
  warnings.warn(
/workspace/frappe-bench/env/lib/python3.11/site-packages/rq/connections.py:58: DeprecationWarning: The `push_connection` function is deprecated. Pass the `connection` explicitly instead.
  warnings.warn(
/workspace/frappe-bench/env/lib/python3.11/site-packages/passlib/utils/__init__.py:854: DeprecationWarning: 'crypt' is deprecated and slated for removal in Python 3.13
  from crypt import crypt as _crypt
/workspace/frappe-bench/env/lib/python3.11/site-packages/rq/connections.py:72: DeprecationWarning: The `pop_connection` function is deprecated. Pass the `connection` explicitly instead.
  warnings.warn(
/workspace/frappe-bench/env/lib/python3.11/site-packages/rq/connections.py:58: DeprecationWarning: The `push_connection` function is deprecated. Pass the `connection` explicitly instead.
  warnings.warn(
/workspace/frappe-bench/env/lib/python3.11/site-packages/passlib/utils/__init__.py:854: DeprecationWarning: 'crypt' is deprecated and slated for removal in Python 3.13
  from crypt import crypt as _crypt
/workspace/frappe-bench/env/lib/python3.11/site-packages/rq/connections.py:72: DeprecationWarning: The `pop_connection` function is deprecated. Pass the `connection` explicitly instead.
  warnings.warn(
/workspace/frappe-bench/env/lib/python3.11/site-packages/rq/connections.py:58: DeprecationWarning: The `push_connection` function is deprecated. Pass the `connection` explicitly instead.
  warnings.warn(
/workspace/frappe-bench/env/lib/python3.11/site-packages/passlib/utils/__init__.py:854: DeprecationWarning: 'crypt' is deprecated and slated for removal in Python 3.13
  from crypt import crypt as _crypt
/workspace/frappe-bench/env/lib/python3.11/site-packages/rq/connections.py:72: DeprecationWarning: The `pop_connection` function is deprecated. Pass the `connection` explicitly instead.
  warnings.warn(
/workspace/frappe-bench/env/lib/python3.11/site-packages/rq/connections.py:58: DeprecationWarning: The `push_connection` function is deprecated. Pass the `connection` explicitly instead.
  warnings.warn(
/workspace/frappe-bench/env/lib/python3.11/site-packages/passlib/utils/__init__.py:854: DeprecationWarning: 'crypt' is deprecated and slated for removal in Python 3.13
  from crypt import crypt as _crypt
/workspace/frappe-bench/env/lib/python3.11/site-packages/rq/connections.py:72: DeprecationWarning: The `pop_connection` function is deprecated. Pass the `connection` explicitly instead.
  warnings.warn(
/workspace/frappe-bench/env/lib/python3.11/site-packages/rq/connections.py:58: DeprecationWarning: The `push_connection` function is deprecated. Pass the `connection` explicitly instead.
  warnings.warn(
/workspace/frappe-bench/env/lib/python3.11/site-packages/passlib/utils/__init__.py:854: DeprecationWarning: 'crypt' is deprecated and slated for removal in Python 3.13
  from crypt import crypt as _crypt
/workspace/frappe-bench/env/lib/python3.11/site-packages/rq/connections.py:72: DeprecationWarning: The `pop_connection` function is deprecated. Pass the `connection` explicitly instead.
  warnings.warn(
/workspace/frappe-bench/env/lib/python3.11/site-packages/rq/connections.py:58: DeprecationWarning: The `push_connection` function is deprecated. Pass the `connection` explicitly instead.
  warnings.warn(
/workspace/frappe-bench/env/lib/python3.11/site-packages/passlib/utils/__init__.py:854: DeprecationWarning: 'crypt' is deprecated and slated for removal in Python 3.13
  from crypt import crypt as _crypt
/workspace/frappe-bench/env/lib/python3.11/site-packages/rq/connections.py:72: DeprecationWarning: The `pop_connection` function is deprecated. Pass the `connection` explicitly instead.
  warnings.warn(
/workspace/frappe-bench/env/lib/python3.11/site-packages/rq/connections.py:58: DeprecationWarning: The `push_connection` function is deprecated. Pass the `connection` explicitly instead.
  warnings.warn(
/workspace/frappe-bench/env/lib/python3.11/site-packages/passlib/utils/__init__.py:854: DeprecationWarning: 'crypt' is deprecated and slated for removal in Python 3.13
  from crypt import crypt as _crypt
/workspace/frappe-bench/env/lib/python3.11/site-packages/rq/connections.py:72: DeprecationWarning: The `pop_connection` function is deprecated. Pass the `connection` explicitly instead.
  warnings.warn(
/workspace/frappe-bench/env/lib/python3.11/site-packages/rq/connections.py:58: DeprecationWarning: The `push_connection` function is deprecated. Pass the `connection` explicitly instead.
  warnings.warn(
/workspace/frappe-bench/env/lib/python3.11/site-packages/passlib/utils/__init__.py:854: DeprecationWarning: 'crypt' is deprecated and slated for removal in Python 3.13
  from crypt import crypt as _crypt
/workspace/frappe-bench/env/lib/python3.11/site-packages/rq/connections.py:72: DeprecationWarning: The `pop_connection` function is deprecated. Pass the `connection` explicitly instead.
  warnings.warn(
/workspace/frappe-bench/env/lib/python3.11/site-packages/rq/connections.py:58: DeprecationWarning: The `push_connection` function is deprecated. Pass the `connection` explicitly instead.
  warnings.warn(
/workspace/frappe-bench/env/lib/python3.11/site-packages/passlib/utils/__init__.py:854: DeprecationWarning: 'crypt' is deprecated and slated for removal in Python 3.13
  from crypt import crypt as _crypt
/workspace/frappe-bench/env/lib/python3.11/site-packages/rq/connections.py:72: DeprecationWarning: The `pop_connection` function is deprecated. Pass the `connection` explicitly instead.
  warnings.warn(
/workspace/frappe-bench/env/lib/python3.11/site-packages/rq/connections.py:58: DeprecationWarning: The `push_connection` function is deprecated. Pass the `connection` explicitly instead.
  warnings.warn(
/workspace/frappe-bench/env/lib/python3.11/site-packages/passlib/utils/__init__.py:854: DeprecationWarning: 'crypt' is deprecated and slated for removal in Python 3.13
  from crypt import crypt as _crypt
/workspace/frappe-bench/env/lib/python3.11/site-packages/rq/connections.py:72: DeprecationWarning: The `pop_connection` function is deprecated. Pass the `connection` explicitly instead.
  warnings.warn(
/workspace/frappe-bench/env/lib/python3.11/site-packages/rq/connections.py:58: DeprecationWarning: The `push_connection` function is deprecated. Pass the `connection` explicitly instead.
  warnings.warn(
/workspace/frappe-bench/env/lib/python3.11/site-packages/passlib/utils/__init__.py:854: DeprecationWarning: 'crypt' is deprecated and slated for removal in Python 3.13
  from crypt import crypt as _crypt
/workspace/frappe-bench/env/lib/python3.11/site-packages/rq/connections.py:72: DeprecationWarning: The `pop_connection` function is deprecated. Pass the `connection` explicitly instead.
  warnings.warn(
/workspace/frappe-bench/env/lib/python3.11/site-packages/rq/connections.py:58: DeprecationWarning: The `push_connection` function is deprecated. Pass the `connection` explicitly instead.
  warnings.warn(
/workspace/frappe-bench/env/lib/python3.11/site-packages/passlib/utils/__init__.py:854: DeprecationWarning: 'crypt' is deprecated and slated for removal in Python 3.13
  from crypt import crypt as _crypt
/workspace/frappe-bench/env/lib/python3.11/site-packages/rq/connections.py:72: DeprecationWarning: The `pop_connection` function is deprecated. Pass the `connection` explicitly instead.
  warnings.warn(
/workspace/frappe-bench/env/lib/python3.11/site-packages/rq/connections.py:58: DeprecationWarning: The `push_connection` function is deprecated. Pass the `connection` explicitly instead.
  warnings.warn(
/workspace/frappe-bench/env/lib/python3.11/site-packages/passlib/utils/__init__.py:854: DeprecationWarning: 'crypt' is deprecated and slated for removal in Python 3.13
  from crypt import crypt as _crypt
/workspace/frappe-bench/env/lib/python3.11/site-packages/rq/connections.py:72: DeprecationWarning: The `pop_connection` function is deprecated. Pass the `connection` explicitly instead.
  warnings.warn(
/workspace/frappe-bench/env/lib/python3.11/site-packages/rq/connections.py:58: DeprecationWarning: The `push_connection` function is deprecated. Pass the `connection` explicitly instead.
  warnings.warn(
/workspace/frappe-bench/env/lib/python3.11/site-packages/passlib/utils/__init__.py:854: DeprecationWarning: 'crypt' is deprecated and slated for removal in Python 3.13
  from crypt import crypt as _crypt
/workspace/frappe-bench/env/lib/python3.11/site-packages/rq/connections.py:72: DeprecationWarning: The `pop_connection` function is deprecated. Pass the `connection` explicitly instead.
  warnings.warn(
/workspace/frappe-bench/env/lib/python3.11/site-packages/rq/connections.py:58: DeprecationWarning: The `push_connection` function is deprecated. Pass the `connection` explicitly instead.
  warnings.warn(
/workspace/frappe-bench/env/lib/python3.11/site-packages/passlib/utils/__init__.py:854: DeprecationWarning: 'crypt' is deprecated and slated for removal in Python 3.13
  from crypt import crypt as _crypt
/workspace/frappe-bench/env/lib/python3.11/site-packages/rq/connections.py:72: DeprecationWarning: The `pop_connection` function is deprecated. Pass the `connection` explicitly instead.
  warnings.warn(
/workspace/frappe-bench/env/lib/python3.11/site-packages/rq/connections.py:58: DeprecationWarning: The `push_connection` function is deprecated. Pass the `connection` explicitly instead.
  warnings.warn(
/workspace/frappe-bench/env/lib/python3.11/site-packages/passlib/utils/__init__.py:854: DeprecationWarning: 'crypt' is deprecated and slated for removal in Python 3.13
  from crypt import crypt as _crypt
/workspace/frappe-bench/env/lib/python3.11/site-packages/rq/connections.py:72: DeprecationWarning: The `pop_connection` function is deprecated. Pass the `connection` explicitly instead.
  warnings.warn(
/workspace/frappe-bench/env/lib/python3.11/site-packages/rq/connections.py:58: DeprecationWarning: The `push_connection` function is deprecated. Pass the `connection` explicitly instead.
  warnings.warn(
/workspace/frappe-bench/env/lib/python3.11/site-packages/passlib/utils/__init__.py:854: DeprecationWarning: 'crypt' is deprecated and slated for removal in Python 3.13
  from crypt import crypt as _crypt
/workspace/frappe-bench/env/lib/python3.11/site-packages/rq/connections.py:72: DeprecationWarning: The `pop_connection` function is deprecated. Pass the `connection` explicitly instead.
  warnings.warn(
/workspace/frappe-bench/env/lib/python3.11/site-packages/rq/connections.py:58: DeprecationWarning: The `push_connection` function is deprecated. Pass the `connection` explicitly instead.
  warnings.warn(
/workspace/frappe-bench/env/lib/python3.11/site-packages/passlib/utils/__init__.py:854: DeprecationWarning: 'crypt' is deprecated and slated for removal in Python 3.13
  from crypt import crypt as _crypt
/workspace/frappe-bench/env/lib/python3.11/site-packages/rq/connections.py:72: DeprecationWarning: The `pop_connection` function is deprecated. Pass the `connection` explicitly instead.
  warnings.warn(
/workspace/frappe-bench/env/lib/python3.11/site-packages/rq/connections.py:58: DeprecationWarning: The `push_connection` function is deprecated. Pass the `connection` explicitly instead.
  warnings.warn(
/workspace/frappe-bench/env/lib/python3.11/site-packages/passlib/utils/__init__.py:854: DeprecationWarning: 'crypt' is deprecated and slated for removal in Python 3.13
  from crypt import crypt as _crypt
/workspace/frappe-bench/env/lib/python3.11/site-packages/rq/connections.py:72: DeprecationWarning: The `pop_connection` function is deprecated. Pass the `connection` explicitly instead.
  warnings.warn(
/workspace/frappe-bench/env/lib/python3.11/site-packages/rq/connections.py:58: DeprecationWarning: The `push_connection` function is deprecated. Pass the `connection` explicitly instead.
  warnings.warn(
/workspace/frappe-bench/env/lib/python3.11/site-packages/passlib/utils/__init__.py:854: DeprecationWarning: 'crypt' is deprecated and slated for removal in Python 3.13
  from crypt import crypt as _crypt
/workspace/frappe-bench/env/lib/python3.11/site-packages/rq/connections.py:72: DeprecationWarning: The `pop_connection` function is deprecated. Pass the `connection` explicitly instead.
  warnings.warn(
/workspace/frappe-bench/env/lib/python3.11/site-packages/rq/connections.py:58: DeprecationWarning: The `push_connection` function is deprecated. Pass the `connection` explicitly instead.
  warnings.warn(
/workspace/frappe-bench/env/lib/python3.11/site-packages/passlib/utils/__init__.py:854: DeprecationWarning: 'crypt' is deprecated and slated for removal in Python 3.13
  from crypt import crypt as _crypt
/workspace/frappe-bench/env/lib/python3.11/site-packages/rq/connections.py:72: DeprecationWarning: The `pop_connection` function is deprecated. Pass the `connection` explicitly instead.
  warnings.warn(
/workspace/frappe-bench/env/lib/python3.11/site-packages/rq/connections.py:58: DeprecationWarning: The `push_connection` function is deprecated. Pass the `connection` explicitly instead.
  warnings.warn(
/workspace/frappe-bench/env/lib/python3.11/site-packages/passlib/utils/__init__.py:854: DeprecationWarning: 'crypt' is deprecated and slated for removal in Python 3.13
  from crypt import crypt as _crypt
/workspace/frappe-bench/env/lib/python3.11/site-packages/rq/connections.py:72: DeprecationWarning: The `pop_connection` function is deprecated. Pass the `connection` explicitly instead.
  warnings.warn(
/workspace/frappe-bench/env/lib/python3.11/site-packages/rq/connections.py:58: DeprecationWarning: The `push_connection` function is deprecated. Pass the `connection` explicitly instead.
  warnings.warn(
/workspace/frappe-bench/env/lib/python3.11/site-packages/passlib/utils/__init__.py:854: DeprecationWarning: 'crypt' is deprecated and slated for removal in Python 3.13
  from crypt import crypt as _crypt
/workspace/frappe-bench/env/lib/python3.11/site-packages/rq/connections.py:72: DeprecationWarning: The `pop_connection` function is deprecated. Pass the `connection` explicitly instead.
  warnings.warn(
/workspace/frappe-bench/env/lib/python3.11/site-packages/rq/connections.py:58: DeprecationWarning: The `push_connection` function is deprecated. Pass the `connection` explicitly instead.
  warnings.warn(
/workspace/frappe-bench/env/lib/python3.11/site-packages/passlib/utils/__init__.py:854: DeprecationWarning: 'crypt' is deprecated and slated for removal in Python 3.13
  from crypt import crypt as _crypt
/workspace/frappe-bench/env/lib/python3.11/site-packages/rq/connections.py:72: DeprecationWarning: The `pop_connection` function is deprecated. Pass the `connection` explicitly instead.
  warnings.warn(
/workspace/frappe-bench/env/lib/python3.11/site-packages/rq/connections.py:58: DeprecationWarning: The `push_connection` function is deprecated. Pass the `connection` explicitly instead.
  warnings.warn(
/workspace/frappe-bench/env/lib/python3.11/site-packages/passlib/utils/__init__.py:854: DeprecationWarning: 'crypt' is deprecated and slated for removal in Python 3.13
  from crypt import crypt as _crypt
/workspace/frappe-bench/env/lib/python3.11/site-packages/rq/connections.py:72: DeprecationWarning: The `pop_connection` function is deprecated. Pass the `connection` explicitly instead.
  warnings.warn(
/workspace/frappe-bench/env/lib/python3.11/site-packages/rq/connections.py:58: DeprecationWarning: The `push_connection` function is deprecated. Pass the `connection` explicitly instead.
  warnings.warn(
/workspace/frappe-bench/env/lib/python3.11/site-packages/passlib/utils/__init__.py:854: DeprecationWarning: 'crypt' is deprecated and slated for removal in Python 3.13
  from crypt import crypt as _crypt
/workspace/frappe-bench/env/lib/python3.11/site-packages/rq/connections.py:72: DeprecationWarning: The `pop_connection` function is deprecated. Pass the `connection` explicitly instead.
  warnings.warn(
/workspace/frappe-bench/env/lib/python3.11/site-packages/rq/connections.py:58: DeprecationWarning: The `push_connection` function is deprecated. Pass the `connection` explicitly instead.
  warnings.warn(
/workspace/frappe-bench/env/lib/python3.11/site-packages/passlib/utils/__init__.py:854: DeprecationWarning: 'crypt' is deprecated and slated for removal in Python 3.13
  from crypt import crypt as _crypt
/workspace/frappe-bench/env/lib/python3.11/site-packages/rq/connections.py:72: DeprecationWarning: The `pop_connection` function is deprecated. Pass the `connection` explicitly instead.
  warnings.warn(
/workspace/frappe-bench/env/lib/python3.11/site-packages/rq/connections.py:58: DeprecationWarning: The `push_connection` function is deprecated. Pass the `connection` explicitly instead.
  warnings.warn(
/workspace/frappe-bench/env/lib/python3.11/site-packages/passlib/utils/__init__.py:854: DeprecationWarning: 'crypt' is deprecated and slated for removal in Python 3.13
  from crypt import crypt as _crypt
/workspace/frappe-bench/env/lib/python3.11/site-packages/rq/connections.py:72: DeprecationWarning: The `pop_connection` function is deprecated. Pass the `connection` explicitly instead.
  warnings.warn(
/workspace/frappe-bench/env/lib/python3.11/site-packages/rq/connections.py:58: DeprecationWarning: The `push_connection` function is deprecated. Pass the `connection` explicitly instead.
  warnings.warn(
/workspace/frappe-bench/env/lib/python3.11/site-packages/passlib/utils/__init__.py:854: DeprecationWarning: 'crypt' is deprecated and slated for removal in Python 3.13
  from crypt import crypt as _crypt
/workspace/frappe-bench/env/lib/python3.11/site-packages/rq/connections.py:72: DeprecationWarning: The `pop_connection` function is deprecated. Pass the `connection` explicitly instead.
  warnings.warn(
/workspace/frappe-bench/env/lib/python3.11/site-packages/rq/connections.py:58: DeprecationWarning: The `push_connection` function is deprecated. Pass the `connection` explicitly instead.
  warnings.warn(
/workspace/frappe-bench/env/lib/python3.11/site-packages/passlib/utils/__init__.py:854: DeprecationWarning: 'crypt' is deprecated and slated for removal in Python 3.13
  from crypt import crypt as _crypt
/workspace/frappe-bench/env/lib/python3.11/site-packages/rq/connections.py:72: DeprecationWarning: The `pop_connection` function is deprecated. Pass the `connection` explicitly instead.
  warnings.warn(
/workspace/frappe-bench/env/lib/python3.11/site-packages/rq/connections.py:58: DeprecationWarning: The `push_connection` function is deprecated. Pass the `connection` explicitly instead.
  warnings.warn(
/workspace/frappe-bench/env/lib/python3.11/site-packages/passlib/utils/__init__.py:854: DeprecationWarning: 'crypt' is deprecated and slated for removal in Python 3.13
  from crypt import crypt as _crypt
/workspace/frappe-bench/env/lib/python3.11/site-packages/rq/connections.py:72: DeprecationWarning: The `pop_connection` function is deprecated. Pass the `connection` explicitly instead.
  warnings.warn(
/workspace/frappe-bench/env/lib/python3.11/site-packages/rq/connections.py:58: DeprecationWarning: The `push_connection` function is deprecated. Pass the `connection` explicitly instead.
  warnings.warn(
/workspace/frappe-bench/env/lib/python3.11/site-packages/passlib/utils/__init__.py:854: DeprecationWarning: 'crypt' is deprecated and slated for removal in Python 3.13
  from crypt import crypt as _crypt
/workspace/frappe-bench/env/lib/python3.11/site-packages/rq/connections.py:72: DeprecationWarning: The `pop_connection` function is deprecated. Pass the `connection` explicitly instead.
  warnings.warn(
/workspace/frappe-bench/env/lib/python3.11/site-packages/rq/connections.py:58: DeprecationWarning: The `push_connection` function is deprecated. Pass the `connection` explicitly instead.
  warnings.warn(
/workspace/frappe-bench/env/lib/python3.11/site-packages/passlib/utils/__init__.py:854: DeprecationWarning: 'crypt' is deprecated and slated for removal in Python 3.13
  from crypt import crypt as _crypt
/workspace/frappe-bench/env/lib/python3.11/site-packages/rq/connections.py:72: DeprecationWarning: The `pop_connection` function is deprecated. Pass the `connection` explicitly instead.
  warnings.warn(
/workspace/frappe-bench/env/lib/python3.11/site-packages/rq/connections.py:58: DeprecationWarning: The `push_connection` function is deprecated. Pass the `connection` explicitly instead.
  warnings.warn(
/workspace/frappe-bench/env/lib/python3.11/site-packages/passlib/utils/__init__.py:854: DeprecationWarning: 'crypt' is deprecated and slated for removal in Python 3.13
  from crypt import crypt as _crypt
/workspace/frappe-bench/env/lib/python3.11/site-packages/rq/connections.py:72: DeprecationWarning: The `pop_connection` function is deprecated. Pass the `connection` explicitly instead.
  warnings.warn(
/workspace/frappe-bench/env/lib/python3.11/site-packages/rq/connections.py:58: DeprecationWarning: The `push_connection` function is deprecated. Pass the `connection` explicitly instead.
  warnings.warn(
/workspace/frappe-bench/env/lib/python3.11/site-packages/passlib/utils/__init__.py:854: DeprecationWarning: 'crypt' is deprecated and slated for removal in Python 3.13
  from crypt import crypt as _crypt
/workspace/frappe-bench/env/lib/python3.11/site-packages/rq/connections.py:72: DeprecationWarning: The `pop_connection` function is deprecated. Pass the `connection` explicitly instead.
  warnings.warn(
/workspace/frappe-bench/env/lib/python3.11/site-packages/rq/connections.py:58: DeprecationWarning: The `push_connection` function is deprecated. Pass the `connection` explicitly instead.
  warnings.warn(
/workspace/frappe-bench/env/lib/python3.11/site-packages/passlib/utils/__init__.py:854: DeprecationWarning: 'crypt' is deprecated and slated for removal in Python 3.13
  from crypt import crypt as _crypt
/workspace/frappe-bench/env/lib/python3.11/site-packages/rq/connections.py:72: DeprecationWarning: The `pop_connection` function is deprecated. Pass the `connection` explicitly instead.
  warnings.warn(
/workspace/frappe-bench/env/lib/python3.11/site-packages/rq/connections.py:58: DeprecationWarning: The `push_connection` function is deprecated. Pass the `connection` explicitly instead.
  warnings.warn(
/workspace/frappe-bench/env/lib/python3.11/site-packages/passlib/utils/__init__.py:854: DeprecationWarning: 'crypt' is deprecated and slated for removal in Python 3.13
  from crypt import crypt as _crypt
/workspace/frappe-bench/env/lib/python3.11/site-packages/rq/connections.py:72: DeprecationWarning: The `pop_connection` function is deprecated. Pass the `connection` explicitly instead.
  warnings.warn(
/workspace/frappe-bench/env/lib/python3.11/site-packages/rq/connections.py:58: DeprecationWarning: The `push_connection` function is deprecated. Pass the `connection` explicitly instead.
  warnings.warn(
/workspace/frappe-bench/env/lib/python3.11/site-packages/passlib/utils/__init__.py:854: DeprecationWarning: 'crypt' is deprecated and slated for removal in Python 3.13
  from crypt import crypt as _crypt
/workspace/frappe-bench/env/lib/python3.11/site-packages/rq/connections.py:72: DeprecationWarning: The `pop_connection` function is deprecated. Pass the `connection` explicitly instead.
  warnings.warn(
/workspace/frappe-bench/env/lib/python3.11/site-packages/rq/connections.py:58: DeprecationWarning: The `push_connection` function is deprecated. Pass the `connection` explicitly instead.
  warnings.warn(
/workspace/frappe-bench/env/lib/python3.11/site-packages/passlib/utils/__init__.py:854: DeprecationWarning: 'crypt' is deprecated and slated for removal in Python 3.13
  from crypt import crypt as _crypt
/workspace/frappe-bench/env/lib/python3.11/site-packages/rq/connections.py:72: DeprecationWarning: The `pop_connection` function is deprecated. Pass the `connection` explicitly instead.
  warnings.warn(
/workspace/frappe-bench/env/lib/python3.11/site-packages/rq/connections.py:58: DeprecationWarning: The `push_connection` function is deprecated. Pass the `connection` explicitly instead.
  warnings.warn(
/workspace/frappe-bench/env/lib/python3.11/site-packages/passlib/utils/__init__.py:854: DeprecationWarning: 'crypt' is deprecated and slated for removal in Python 3.13
  from crypt import crypt as _crypt
/workspace/frappe-bench/env/lib/python3.11/site-packages/rq/connections.py:72: DeprecationWarning: The `pop_connection` function is deprecated. Pass the `connection` explicitly instead.
  warnings.warn(
/workspace/frappe-bench/env/lib/python3.11/site-packages/rq/connections.py:58: DeprecationWarning: The `push_connection` function is deprecated. Pass the `connection` explicitly instead.
  warnings.warn(
/workspace/frappe-bench/env/lib/python3.11/site-packages/passlib/utils/__init__.py:854: DeprecationWarning: 'crypt' is deprecated and slated for removal in Python 3.13
  from crypt import crypt as _crypt
/workspace/frappe-bench/env/lib/python3.11/site-packages/rq/connections.py:72: DeprecationWarning: The `pop_connection` function is deprecated. Pass the `connection` explicitly instead.
  warnings.warn(
/workspace/frappe-bench/env/lib/python3.11/site-packages/rq/connections.py:58: DeprecationWarning: The `push_connection` function is deprecated. Pass the `connection` explicitly instead.
  warnings.warn(
/workspace/frappe-bench/env/lib/python3.11/site-packages/passlib/utils/__init__.py:854: DeprecationWarning: 'crypt' is deprecated and slated for removal in Python 3.13
  from crypt import crypt as _crypt
/workspace/frappe-bench/env/lib/python3.11/site-packages/rq/connections.py:72: DeprecationWarning: The `pop_connection` function is deprecated. Pass the `connection` explicitly instead.
  warnings.warn(
/workspace/frappe-bench/env/lib/python3.11/site-packages/rq/connections.py:58: DeprecationWarning: The `push_connection` function is deprecated. Pass the `connection` explicitly instead.
  warnings.warn(
/workspace/frappe-bench/env/lib/python3.11/site-packages/passlib/utils/__init__.py:854: DeprecationWarning: 'crypt' is deprecated and slated for removal in Python 3.13
  from crypt import crypt as _crypt
/workspace/frappe-bench/env/lib/python3.11/site-packages/rq/connections.py:72: DeprecationWarning: The `pop_connection` function is deprecated. Pass the `connection` explicitly instead.
  warnings.warn(
/workspace/frappe-bench/env/lib/python3.11/site-packages/rq/connections.py:58: DeprecationWarning: The `push_connection` function is deprecated. Pass the `connection` explicitly instead.
  warnings.warn(
/workspace/frappe-bench/env/lib/python3.11/site-packages/passlib/utils/__init__.py:854: DeprecationWarning: 'crypt' is deprecated and slated for removal in Python 3.13
  from crypt import crypt as _crypt
/workspace/frappe-bench/env/lib/python3.11/site-packages/rq/connections.py:72: DeprecationWarning: The `pop_connection` function is deprecated. Pass the `connection` explicitly instead.
  warnings.warn(
/workspace/frappe-bench/env/lib/python3.11/site-packages/rq/connections.py:58: DeprecationWarning: The `push_connection` function is deprecated. Pass the `connection` explicitly instead.
  warnings.warn(
/workspace/frappe-bench/env/lib/python3.11/site-packages/passlib/utils/__init__.py:854: DeprecationWarning: 'crypt' is deprecated and slated for removal in Python 3.13
  from crypt import crypt as _crypt
/workspace/frappe-bench/env/lib/python3.11/site-packages/rq/connections.py:72: DeprecationWarning: The `pop_connection` function is deprecated. Pass the `connection` explicitly instead.
  warnings.warn(
/workspace/frappe-bench/env/lib/python3.11/site-packages/rq/connections.py:58: DeprecationWarning: The `push_connection` function is deprecated. Pass the `connection` explicitly instead.
  warnings.warn(
/workspace/frappe-bench/env/lib/python3.11/site-packages/passlib/utils/__init__.py:854: DeprecationWarning: 'crypt' is deprecated and slated for removal in Python 3.13
  from crypt import crypt as _crypt
/workspace/frappe-bench/env/lib/python3.11/site-packages/rq/connections.py:72: DeprecationWarning: The `pop_connection` function is deprecated. Pass the `connection` explicitly instead.
  warnings.warn(
/workspace/frappe-bench/env/lib/python3.11/site-packages/rq/connections.py:58: DeprecationWarning: The `push_connection` function is deprecated. Pass the `connection` explicitly instead.
  warnings.warn(
/workspace/frappe-bench/env/lib/python3.11/site-packages/passlib/utils/__init__.py:854: DeprecationWarning: 'crypt' is deprecated and slated for removal in Python 3.13
  from crypt import crypt as _crypt
/workspace/frappe-bench/env/lib/python3.11/site-packages/rq/connections.py:72: DeprecationWarning: The `pop_connection` function is deprecated. Pass the `connection` explicitly instead.
  warnings.warn(
/workspace/frappe-bench/env/lib/python3.11/site-packages/rq/connections.py:58: DeprecationWarning: The `push_connection` function is deprecated. Pass the `connection` explicitly instead.
  warnings.warn(
/workspace/frappe-bench/env/lib/python3.11/site-packages/passlib/utils/__init__.py:854: DeprecationWarning: 'crypt' is deprecated and slated for removal in Python 3.13
  from crypt import crypt as _crypt
/workspace/frappe-bench/env/lib/python3.11/site-packages/rq/connections.py:72: DeprecationWarning: The `pop_connection` function is deprecated. Pass the `connection` explicitly instead.
  warnings.warn(
/workspace/frappe-bench/env/lib/python3.11/site-packages/rq/connections.py:58: DeprecationWarning: The `push_connection` function is deprecated. Pass the `connection` explicitly instead.
  warnings.warn(
/workspace/frappe-bench/env/lib/python3.11/site-packages/passlib/utils/__init__.py:854: DeprecationWarning: 'crypt' is deprecated and slated for removal in Python 3.13
  from crypt import crypt as _crypt
/workspace/frappe-bench/env/lib/python3.11/site-packages/rq/connections.py:72: DeprecationWarning: The `pop_connection` function is deprecated. Pass the `connection` explicitly instead.
  warnings.warn(
/workspace/frappe-bench/env/lib/python3.11/site-packages/rq/connections.py:58: DeprecationWarning: The `push_connection` function is deprecated. Pass the `connection` explicitly instead.
  warnings.warn(
/workspace/frappe-bench/env/lib/python3.11/site-packages/passlib/utils/__init__.py:854: DeprecationWarning: 'crypt' is deprecated and slated for removal in Python 3.13
  from crypt import crypt as _crypt
/workspace/frappe-bench/env/lib/python3.11/site-packages/rq/connections.py:72: DeprecationWarning: The `pop_connection` function is deprecated. Pass the `connection` explicitly instead.
  warnings.warn(
/workspace/frappe-bench/env/lib/python3.11/site-packages/rq/connections.py:58: DeprecationWarning: The `push_connection` function is deprecated. Pass the `connection` explicitly instead.
  warnings.warn(
/workspace/frappe-bench/env/lib/python3.11/site-packages/passlib/utils/__init__.py:854: DeprecationWarning: 'crypt' is deprecated and slated for removal in Python 3.13
  from crypt import crypt as _crypt
/workspace/frappe-bench/env/lib/python3.11/site-packages/rq/connections.py:72: DeprecationWarning: The `pop_connection` function is deprecated. Pass the `connection` explicitly instead.
  warnings.warn(
/workspace/frappe-bench/env/lib/python3.11/site-packages/rq/connections.py:58: DeprecationWarning: The `push_connection` function is deprecated. Pass the `connection` explicitly instead.
  warnings.warn(
/workspace/frappe-bench/env/lib/python3.11/site-packages/passlib/utils/__init__.py:854: DeprecationWarning: 'crypt' is deprecated and slated for removal in Python 3.13
  from crypt import crypt as _crypt
/workspace/frappe-bench/env/lib/python3.11/site-packages/rq/connections.py:72: DeprecationWarning: The `pop_connection` function is deprecated. Pass the `connection` explicitly instead.
  warnings.warn(
/workspace/frappe-bench/env/lib/python3.11/site-packages/rq/connections.py:58: DeprecationWarning: The `push_connection` function is deprecated. Pass the `connection` explicitly instead.
  warnings.warn(
/workspace/frappe-bench/env/lib/python3.11/site-packages/passlib/utils/__init__.py:854: DeprecationWarning: 'crypt' is deprecated and slated for removal in Python 3.13
  from crypt import crypt as _crypt
/workspace/frappe-bench/env/lib/python3.11/site-packages/rq/connections.py:72: DeprecationWarning: The `pop_connection` function is deprecated. Pass the `connection` explicitly instead.
  warnings.warn(
/workspace/frappe-bench/env/lib/python3.11/site-packages/rq/connections.py:58: DeprecationWarning: The `push_connection` function is deprecated. Pass the `connection` explicitly instead.
  warnings.warn(
/workspace/frappe-bench/env/lib/python3.11/site-packages/passlib/utils/__init__.py:854: DeprecationWarning: 'crypt' is deprecated and slated for removal in Python 3.13
  from crypt import crypt as _crypt
/workspace/frappe-bench/env/lib/python3.11/site-packages/rq/connections.py:72: DeprecationWarning: The `pop_connection` function is deprecated. Pass the `connection` explicitly instead.
  warnings.warn(
/workspace/frappe-bench/env/lib/python3.11/site-packages/rq/connections.py:58: DeprecationWarning: The `push_connection` function is deprecated. Pass the `connection` explicitly instead.
  warnings.warn(
/workspace/frappe-bench/env/lib/python3.11/site-packages/passlib/utils/__init__.py:854: DeprecationWarning: 'crypt' is deprecated and slated for removal in Python 3.13
  from crypt import crypt as _crypt
/workspace/frappe-bench/env/lib/python3.11/site-packages/rq/connections.py:72: DeprecationWarning: The `pop_connection` function is deprecated. Pass the `connection` explicitly instead.
  warnings.warn(
/workspace/frappe-bench/env/lib/python3.11/site-packages/rq/connections.py:58: DeprecationWarning: The `push_connection` function is deprecated. Pass the `connection` explicitly instead.
  warnings.warn(
/workspace/frappe-bench/env/lib/python3.11/site-packages/passlib/utils/__init__.py:854: DeprecationWarning: 'crypt' is deprecated and slated for removal in Python 3.13
  from crypt import crypt as _crypt
/workspace/frappe-bench/env/lib/python3.11/site-packages/rq/connections.py:72: DeprecationWarning: The `pop_connection` function is deprecated. Pass the `connection` explicitly instead.
  warnings.warn(
/workspace/frappe-bench/env/lib/python3.11/site-packages/rq/connections.py:58: DeprecationWarning: The `push_connection` function is deprecated. Pass the `connection` explicitly instead.
  warnings.warn(
/workspace/frappe-bench/env/lib/python3.11/site-packages/passlib/utils/__init__.py:854: DeprecationWarning: 'crypt' is deprecated and slated for removal in Python 3.13
  from crypt import crypt as _crypt
/workspace/frappe-bench/env/lib/python3.11/site-packages/rq/connections.py:72: DeprecationWarning: The `pop_connection` function is deprecated. Pass the `connection` explicitly instead.
  warnings.warn(
/workspace/frappe-bench/env/lib/python3.11/site-packages/rq/connections.py:58: DeprecationWarning: The `push_connection` function is deprecated. Pass the `connection` explicitly instead.
  warnings.warn(
/workspace/frappe-bench/env/lib/python3.11/site-packages/passlib/utils/__init__.py:854: DeprecationWarning: 'crypt' is deprecated and slated for removal in Python 3.13
  from crypt import crypt as _crypt
/workspace/frappe-bench/env/lib/python3.11/site-packages/rq/connections.py:72: DeprecationWarning: The `pop_connection` function is deprecated. Pass the `connection` explicitly instead.
  warnings.warn(
/workspace/frappe-bench/env/lib/python3.11/site-packages/rq/connections.py:58: DeprecationWarning: The `push_connection` function is deprecated. Pass the `connection` explicitly instead.
  warnings.warn(
/workspace/frappe-bench/env/lib/python3.11/site-packages/passlib/utils/__init__.py:854: DeprecationWarning: 'crypt' is deprecated and slated for removal in Python 3.13
  from crypt import crypt as _crypt
/workspace/frappe-bench/env/lib/python3.11/site-packages/rq/connections.py:72: DeprecationWarning: The `pop_connection` function is deprecated. Pass the `connection` explicitly instead.
  warnings.warn(
/workspace/frappe-bench/env/lib/python3.11/site-packages/rq/connections.py:58: DeprecationWarning: The `push_connection` function is deprecated. Pass the `connection` explicitly instead.
  warnings.warn(
/workspace/frappe-bench/env/lib/python3.11/site-packages/passlib/utils/__init__.py:854: DeprecationWarning: 'crypt' is deprecated and slated for removal in Python 3.13
  from crypt import crypt as _crypt
/workspace/frappe-bench/env/lib/python3.11/site-packages/rq/connections.py:72: DeprecationWarning: The `pop_connection` function is deprecated. Pass the `connection` explicitly instead.
  warnings.warn(
/workspace/frappe-bench/env/lib/python3.11/site-packages/rq/connections.py:58: DeprecationWarning: The `push_connection` function is deprecated. Pass the `connection` explicitly instead.
  warnings.warn(
/workspace/frappe-bench/env/lib/python3.11/site-packages/passlib/utils/__init__.py:854: DeprecationWarning: 'crypt' is deprecated and slated for removal in Python 3.13
  from crypt import crypt as _crypt
/workspace/frappe-bench/env/lib/python3.11/site-packages/rq/connections.py:72: DeprecationWarning: The `pop_connection` function is deprecated. Pass the `connection` explicitly instead.
  warnings.warn(
/workspace/frappe-bench/env/lib/python3.11/site-packages/rq/connections.py:58: DeprecationWarning: The `push_connection` function is deprecated. Pass the `connection` explicitly instead.
  warnings.warn(
/workspace/frappe-bench/env/lib/python3.11/site-packages/passlib/utils/__init__.py:854: DeprecationWarning: 'crypt' is deprecated and slated for removal in Python 3.13
  from crypt import crypt as _crypt
/workspace/frappe-bench/env/lib/python3.11/site-packages/rq/connections.py:72: DeprecationWarning: The `pop_connection` function is deprecated. Pass the `connection` explicitly instead.
  warnings.warn(
/workspace/frappe-bench/env/lib/python3.11/site-packages/rq/connections.py:58: DeprecationWarning: The `push_connection` function is deprecated. Pass the `connection` explicitly instead.
  warnings.warn(
/workspace/frappe-bench/env/lib/python3.11/site-packages/passlib/utils/__init__.py:854: DeprecationWarning: 'crypt' is deprecated and slated for removal in Python 3.13
  from crypt import crypt as _crypt
/workspace/frappe-bench/env/lib/python3.11/site-packages/rq/connections.py:72: DeprecationWarning: The `pop_connection` function is deprecated. Pass the `connection` explicitly instead.
  warnings.warn(
/workspace/frappe-bench/env/lib/python3.11/site-packages/rq/connections.py:58: DeprecationWarning: The `push_connection` function is deprecated. Pass the `connection` explicitly instead.
  warnings.warn(
/workspace/frappe-bench/env/lib/python3.11/site-packages/passlib/utils/__init__.py:854: DeprecationWarning: 'crypt' is deprecated and slated for removal in Python 3.13
  from crypt import crypt as _crypt
/workspace/frappe-bench/env/lib/python3.11/site-packages/rq/connections.py:72: DeprecationWarning: The `pop_connection` function is deprecated. Pass the `connection` explicitly instead.
  warnings.warn(
/workspace/frappe-bench/env/lib/python3.11/site-packages/rq/connections.py:58: DeprecationWarning: The `push_connection` function is deprecated. Pass the `connection` explicitly instead.
  warnings.warn(
/workspace/frappe-bench/env/lib/python3.11/site-packages/passlib/utils/__init__.py:854: DeprecationWarning: 'crypt' is deprecated and slated for removal in Python 3.13
  from crypt import crypt as _crypt
/workspace/frappe-bench/env/lib/python3.11/site-packages/rq/connections.py:72: DeprecationWarning: The `pop_connection` function is deprecated. Pass the `connection` explicitly instead.
  warnings.warn(
/workspace/frappe-bench/env/lib/python3.11/site-packages/rq/connections.py:58: DeprecationWarning: The `push_connection` function is deprecated. Pass the `connection` explicitly instead.
  warnings.warn(
/workspace/frappe-bench/env/lib/python3.11/site-packages/passlib/utils/__init__.py:854: DeprecationWarning: 'crypt' is deprecated and slated for removal in Python 3.13
  from crypt import crypt as _crypt
/workspace/frappe-bench/env/lib/python3.11/site-packages/rq/connections.py:72: DeprecationWarning: The `pop_connection` function is deprecated. Pass the `connection` explicitly instead.
  warnings.warn(
/workspace/frappe-bench/env/lib/python3.11/site-packages/rq/connections.py:58: DeprecationWarning: The `push_connection` function is deprecated. Pass the `connection` explicitly instead.
  warnings.warn(
/workspace/frappe-bench/env/lib/python3.11/site-packages/passlib/utils/__init__.py:854: DeprecationWarning: 'crypt' is deprecated and slated for removal in Python 3.13
  from crypt import crypt as _crypt
/workspace/frappe-bench/env/lib/python3.11/site-packages/rq/connections.py:72: DeprecationWarning: The `pop_connection` function is deprecated. Pass the `connection` explicitly instead.
  warnings.warn(
/workspace/frappe-bench/env/lib/python3.11/site-packages/rq/connections.py:58: DeprecationWarning: The `push_connection` function is deprecated. Pass the `connection` explicitly instead.
  warnings.warn(
/workspace/frappe-bench/env/lib/python3.11/site-packages/passlib/utils/__init__.py:854: DeprecationWarning: 'crypt' is deprecated and slated for removal in Python 3.13
  from crypt import crypt as _crypt
/workspace/frappe-bench/env/lib/python3.11/site-packages/rq/connections.py:72: DeprecationWarning: The `pop_connection` function is deprecated. Pass the `connection` explicitly instead.
  warnings.warn(
/workspace/frappe-bench/env/lib/python3.11/site-packages/rq/connections.py:58: DeprecationWarning: The `push_connection` function is deprecated. Pass the `connection` explicitly instead.
  warnings.warn(
/workspace/frappe-bench/env/lib/python3.11/site-packages/passlib/utils/__init__.py:854: DeprecationWarning: 'crypt' is deprecated and slated for removal in Python 3.13
  from crypt import crypt as _crypt
/workspace/frappe-bench/env/lib/python3.11/site-packages/rq/connections.py:72: DeprecationWarning: The `pop_connection` function is deprecated. Pass the `connection` explicitly instead.
  warnings.warn(
/workspace/frappe-bench/env/lib/python3.11/site-packages/rq/connections.py:58: DeprecationWarning: The `push_connection` function is deprecated. Pass the `connection` explicitly instead.
  warnings.warn(
/workspace/frappe-bench/env/lib/python3.11/site-packages/passlib/utils/__init__.py:854: DeprecationWarning: 'crypt' is deprecated and slated for removal in Python 3.13
  from crypt import crypt as _crypt
/workspace/frappe-bench/env/lib/python3.11/site-packages/rq/connections.py:72: DeprecationWarning: The `pop_connection` function is deprecated. Pass the `connection` explicitly instead.
  warnings.warn(
/workspace/frappe-bench/env/lib/python3.11/site-packages/rq/connections.py:58: DeprecationWarning: The `push_connection` function is deprecated. Pass the `connection` explicitly instead.
  warnings.warn(
/workspace/frappe-bench/env/lib/python3.11/site-packages/passlib/utils/__init__.py:854: DeprecationWarning: 'crypt' is deprecated and slated for removal in Python 3.13
  from crypt import crypt as _crypt
/workspace/frappe-bench/env/lib/python3.11/site-packages/rq/connections.py:72: DeprecationWarning: The `pop_connection` function is deprecated. Pass the `connection` explicitly instead.
  warnings.warn(
/workspace/frappe-bench/env/lib/python3.11/site-packages/rq/connections.py:58: DeprecationWarning: The `push_connection` function is deprecated. Pass the `connection` explicitly instead.
  warnings.warn(
/workspace/frappe-bench/env/lib/python3.11/site-packages/passlib/utils/__init__.py:854: DeprecationWarning: 'crypt' is deprecated and slated for removal in Python 3.13
  from crypt import crypt as _crypt
/workspace/frappe-bench/env/lib/python3.11/site-packages/rq/connections.py:72: DeprecationWarning: The `pop_connection` function is deprecated. Pass the `connection` explicitly instead.
  warnings.warn(
/workspace/frappe-bench/env/lib/python3.11/site-packages/rq/connections.py:58: DeprecationWarning: The `push_connection` function is deprecated. Pass the `connection` explicitly instead.
  warnings.warn(
/workspace/frappe-bench/env/lib/python3.11/site-packages/passlib/utils/__init__.py:854: DeprecationWarning: 'crypt' is deprecated and slated for removal in Python 3.13
  from crypt import crypt as _crypt
/workspace/frappe-bench/env/lib/python3.11/site-packages/rq/connections.py:72: DeprecationWarning: The `pop_connection` function is deprecated. Pass the `connection` explicitly instead.
  warnings.warn(
/workspace/frappe-bench/env/lib/python3.11/site-packages/rq/connections.py:58: DeprecationWarning: The `push_connection` function is deprecated. Pass the `connection` explicitly instead.
  warnings.warn(
/workspace/frappe-bench/env/lib/python3.11/site-packages/passlib/utils/__init__.py:854: DeprecationWarning: 'crypt' is deprecated and slated for removal in Python 3.13
  from crypt import crypt as _crypt
/workspace/frappe-bench/env/lib/python3.11/site-packages/rq/connections.py:72: DeprecationWarning: The `pop_connection` function is deprecated. Pass the `connection` explicitly instead.
  warnings.warn(
/workspace/frappe-bench/env/lib/python3.11/site-packages/rq/connections.py:58: DeprecationWarning: The `push_connection` function is deprecated. Pass the `connection` explicitly instead.
  warnings.warn(
/workspace/frappe-bench/env/lib/python3.11/site-packages/passlib/utils/__init__.py:854: DeprecationWarning: 'crypt' is deprecated and slated for removal in Python 3.13
  from crypt import crypt as _crypt
/workspace/frappe-bench/env/lib/python3.11/site-packages/rq/connections.py:72: DeprecationWarning: The `pop_connection` function is deprecated. Pass the `connection` explicitly instead.
  warnings.warn(
/workspace/frappe-bench/env/lib/python3.11/site-packages/rq/connections.py:58: DeprecationWarning: The `push_connection` function is deprecated. Pass the `connection` explicitly instead.
  warnings.warn(
/workspace/frappe-bench/env/lib/python3.11/site-packages/passlib/utils/__init__.py:854: DeprecationWarning: 'crypt' is deprecated and slated for removal in Python 3.13
  from crypt import crypt as _crypt
/workspace/frappe-bench/env/lib/python3.11/site-packages/rq/connections.py:72: DeprecationWarning: The `pop_connection` function is deprecated. Pass the `connection` explicitly instead.
  warnings.warn(
/workspace/frappe-bench/env/lib/python3.11/site-packages/rq/connections.py:58: DeprecationWarning: The `push_connection` function is deprecated. Pass the `connection` explicitly instead.
  warnings.warn(
/workspace/frappe-bench/env/lib/python3.11/site-packages/passlib/utils/__init__.py:854: DeprecationWarning: 'crypt' is deprecated and slated for removal in Python 3.13
  from crypt import crypt as _crypt
/workspace/frappe-bench/env/lib/python3.11/site-packages/rq/connections.py:72: DeprecationWarning: The `pop_connection` function is deprecated. Pass the `connection` explicitly instead.
  warnings.warn(
/workspace/frappe-bench/env/lib/python3.11/site-packages/rq/connections.py:58: DeprecationWarning: The `push_connection` function is deprecated. Pass the `connection` explicitly instead.
  warnings.warn(
/workspace/frappe-bench/env/lib/python3.11/site-packages/passlib/utils/__init__.py:854: DeprecationWarning: 'crypt' is deprecated and slated for removal in Python 3.13
  from crypt import crypt as _crypt
/workspace/frappe-bench/env/lib/python3.11/site-packages/rq/connections.py:72: DeprecationWarning: The `pop_connection` function is deprecated. Pass the `connection` explicitly instead.
  warnings.warn(
/workspace/frappe-bench/env/lib/python3.11/site-packages/rq/connections.py:58: DeprecationWarning: The `push_connection` function is deprecated. Pass the `connection` explicitly instead.
  warnings.warn(
/workspace/frappe-bench/env/lib/python3.11/site-packages/passlib/utils/__init__.py:854: DeprecationWarning: 'crypt' is deprecated and slated for removal in Python 3.13
  from crypt import crypt as _crypt
/workspace/frappe-bench/env/lib/python3.11/site-packages/rq/connections.py:72: DeprecationWarning: The `pop_connection` function is deprecated. Pass the `connection` explicitly instead.
  warnings.warn(
/workspace/frappe-bench/env/lib/python3.11/site-packages/rq/connections.py:58: DeprecationWarning: The `push_connection` function is deprecated. Pass the `connection` explicitly instead.
  warnings.warn(
/workspace/frappe-bench/env/lib/python3.11/site-packages/passlib/utils/__init__.py:854: DeprecationWarning: 'crypt' is deprecated and slated for removal in Python 3.13
  from crypt import crypt as _crypt
/workspace/frappe-bench/env/lib/python3.11/site-packages/rq/connections.py:72: DeprecationWarning: The `pop_connection` function is deprecated. Pass the `connection` explicitly instead.
  warnings.warn(
/workspace/frappe-bench/env/lib/python3.11/site-packages/rq/connections.py:58: DeprecationWarning: The `push_connection` function is deprecated. Pass the `connection` explicitly instead.
  warnings.warn(
/workspace/frappe-bench/env/lib/python3.11/site-packages/passlib/utils/__init__.py:854: DeprecationWarning: 'crypt' is deprecated and slated for removal in Python 3.13
  from crypt import crypt as _crypt
/workspace/frappe-bench/env/lib/python3.11/site-packages/rq/connections.py:72: DeprecationWarning: The `pop_connection` function is deprecated. Pass the `connection` explicitly instead.
  warnings.warn(
/workspace/frappe-bench/env/lib/python3.11/site-packages/rq/connections.py:58: DeprecationWarning: The `push_connection` function is deprecated. Pass the `connection` explicitly instead.
  warnings.warn(
/workspace/frappe-bench/env/lib/python3.11/site-packages/passlib/utils/__init__.py:854: DeprecationWarning: 'crypt' is deprecated and slated for removal in Python 3.13
  from crypt import crypt as _crypt
/workspace/frappe-bench/env/lib/python3.11/site-packages/rq/connections.py:72: DeprecationWarning: The `pop_connection` function is deprecated. Pass the `connection` explicitly instead.
  warnings.warn(
/workspace/frappe-bench/env/lib/python3.11/site-packages/rq/connections.py:58: DeprecationWarning: The `push_connection` function is deprecated. Pass the `connection` explicitly instead.
  warnings.warn(
/workspace/frappe-bench/env/lib/python3.11/site-packages/passlib/utils/__init__.py:854: DeprecationWarning: 'crypt' is deprecated and slated for removal in Python 3.13
  from crypt import crypt as _crypt
/workspace/frappe-bench/env/lib/python3.11/site-packages/rq/connections.py:72: DeprecationWarning: The `pop_connection` function is deprecated. Pass the `connection` explicitly instead.
  warnings.warn(
/workspace/frappe-bench/env/lib/python3.11/site-packages/rq/connections.py:58: DeprecationWarning: The `push_connection` function is deprecated. Pass the `connection` explicitly instead.
  warnings.warn(
/workspace/frappe-bench/env/lib/python3.11/site-packages/passlib/utils/__init__.py:854: DeprecationWarning: 'crypt' is deprecated and slated for removal in Python 3.13
  from crypt import crypt as _crypt
/workspace/frappe-bench/env/lib/python3.11/site-packages/rq/connections.py:72: DeprecationWarning: The `pop_connection` function is deprecated. Pass the `connection` explicitly instead.
  warnings.warn(
/workspace/frappe-bench/env/lib/python3.11/site-packages/rq/connections.py:58: DeprecationWarning: The `push_connection` function is deprecated. Pass the `connection` explicitly instead.
  warnings.warn(
/workspace/frappe-bench/env/lib/python3.11/site-packages/passlib/utils/__init__.py:854: DeprecationWarning: 'crypt' is deprecated and slated for removal in Python 3.13
  from crypt import crypt as _crypt
/workspace/frappe-bench/env/lib/python3.11/site-packages/rq/connections.py:72: DeprecationWarning: The `pop_connection` function is deprecated. Pass the `connection` explicitly instead.
  warnings.warn(
/workspace/frappe-bench/env/lib/python3.11/site-packages/rq/connections.py:58: DeprecationWarning: The `push_connection` function is deprecated. Pass the `connection` explicitly instead.
  warnings.warn(
/workspace/frappe-bench/env/lib/python3.11/site-packages/passlib/utils/__init__.py:854: DeprecationWarning: 'crypt' is deprecated and slated for removal in Python 3.13
  from crypt import crypt as _crypt
/workspace/frappe-bench/env/lib/python3.11/site-packages/rq/connections.py:72: DeprecationWarning: The `pop_connection` function is deprecated. Pass the `connection` explicitly instead.
  warnings.warn(
/workspace/frappe-bench/env/lib/python3.11/site-packages/rq/connections.py:58: DeprecationWarning: The `push_connection` function is deprecated. Pass the `connection` explicitly instead.
  warnings.warn(
/workspace/frappe-bench/env/lib/python3.11/site-packages/passlib/utils/__init__.py:854: DeprecationWarning: 'crypt' is deprecated and slated for removal in Python 3.13
  from crypt import crypt as _crypt
/workspace/frappe-bench/env/lib/python3.11/site-packages/rq/connections.py:72: DeprecationWarning: The `pop_connection` function is deprecated. Pass the `connection` explicitly instead.
  warnings.warn(
/workspace/frappe-bench/env/lib/python3.11/site-packages/rq/connections.py:58: DeprecationWarning: The `push_connection` function is deprecated. Pass the `connection` explicitly instead.
  warnings.warn(
/workspace/frappe-bench/env/lib/python3.11/site-packages/passlib/utils/__init__.py:854: DeprecationWarning: 'crypt' is deprecated and slated for removal in Python 3.13
  from crypt import crypt as _crypt
/workspace/frappe-bench/env/lib/python3.11/site-packages/rq/connections.py:72: DeprecationWarning: The `pop_connection` function is deprecated. Pass the `connection` explicitly instead.
  warnings.warn(
/workspace/frappe-bench/env/lib/python3.11/site-packages/rq/connections.py:58: DeprecationWarning: The `push_connection` function is deprecated. Pass the `connection` explicitly instead.
  warnings.warn(
/workspace/frappe-bench/env/lib/python3.11/site-packages/passlib/utils/__init__.py:854: DeprecationWarning: 'crypt' is deprecated and slated for removal in Python 3.13
  from crypt import crypt as _crypt
/workspace/frappe-bench/env/lib/python3.11/site-packages/rq/connections.py:72: DeprecationWarning: The `pop_connection` function is deprecated. Pass the `connection` explicitly instead.
  warnings.warn(
/workspace/frappe-bench/env/lib/python3.11/site-packages/rq/connections.py:58: DeprecationWarning: The `push_connection` function is deprecated. Pass the `connection` explicitly instead.
  warnings.warn(
/workspace/frappe-bench/env/lib/python3.11/site-packages/passlib/utils/__init__.py:854: DeprecationWarning: 'crypt' is deprecated and slated for removal in Python 3.13
  from crypt import crypt as _crypt
/workspace/frappe-bench/env/lib/python3.11/site-packages/rq/connections.py:72: DeprecationWarning: The `pop_connection` function is deprecated. Pass the `connection` explicitly instead.
  warnings.warn(
/workspace/frappe-bench/env/lib/python3.11/site-packages/rq/connections.py:58: DeprecationWarning: The `push_connection` function is deprecated. Pass the `connection` explicitly instead.
  warnings.warn(
/workspace/frappe-bench/env/lib/python3.11/site-packages/passlib/utils/__init__.py:854: DeprecationWarning: 'crypt' is deprecated and slated for removal in Python 3.13
  from crypt import crypt as _crypt
/workspace/frappe-bench/env/lib/python3.11/site-packages/rq/connections.py:72: DeprecationWarning: The `pop_connection` function is deprecated. Pass the `connection` explicitly instead.
  warnings.warn(
/workspace/frappe-bench/env/lib/python3.11/site-packages/rq/connections.py:58: DeprecationWarning: The `push_connection` function is deprecated. Pass the `connection` explicitly instead.
  warnings.warn(
/workspace/frappe-bench/env/lib/python3.11/site-packages/passlib/utils/__init__.py:854: DeprecationWarning: 'crypt' is deprecated and slated for removal in Python 3.13
  from crypt import crypt as _crypt
/workspace/frappe-bench/env/lib/python3.11/site-packages/rq/connections.py:72: DeprecationWarning: The `pop_connection` function is deprecated. Pass the `connection` explicitly instead.
  warnings.warn(
/workspace/frappe-bench/env/lib/python3.11/site-packages/rq/connections.py:58: DeprecationWarning: The `push_connection` function is deprecated. Pass the `connection` explicitly instead.
  warnings.warn(
/workspace/frappe-bench/env/lib/python3.11/site-packages/passlib/utils/__init__.py:854: DeprecationWarning: 'crypt' is deprecated and slated for removal in Python 3.13
  from crypt import crypt as _crypt
/workspace/frappe-bench/env/lib/python3.11/site-packages/rq/connections.py:72: DeprecationWarning: The `pop_connection` function is deprecated. Pass the `connection` explicitly instead.
  warnings.warn(
/workspace/frappe-bench/env/lib/python3.11/site-packages/rq/connections.py:58: DeprecationWarning: The `push_connection` function is deprecated. Pass the `connection` explicitly instead.
  warnings.warn(
/workspace/frappe-bench/env/lib/python3.11/site-packages/passlib/utils/__init__.py:854: DeprecationWarning: 'crypt' is deprecated and slated for removal in Python 3.13
  from crypt import crypt as _crypt
/workspace/frappe-bench/env/lib/python3.11/site-packages/rq/connections.py:72: DeprecationWarning: The `pop_connection` function is deprecated. Pass the `connection` explicitly instead.
  warnings.warn(
/workspace/frappe-bench/env/lib/python3.11/site-packages/rq/connections.py:58: DeprecationWarning: The `push_connection` function is deprecated. Pass the `connection` explicitly instead.
  warnings.warn(
/workspace/frappe-bench/env/lib/python3.11/site-packages/passlib/utils/__init__.py:854: DeprecationWarning: 'crypt' is deprecated and slated for removal in Python 3.13
  from crypt import crypt as _crypt
/workspace/frappe-bench/env/lib/python3.11/site-packages/rq/connections.py:72: DeprecationWarning: The `pop_connection` function is deprecated. Pass the `connection` explicitly instead.
  warnings.warn(
/workspace/frappe-bench/env/lib/python3.11/site-packages/rq/connections.py:58: DeprecationWarning: The `push_connection` function is deprecated. Pass the `connection` explicitly instead.
  warnings.warn(
/workspace/frappe-bench/env/lib/python3.11/site-packages/passlib/utils/__init__.py:854: DeprecationWarning: 'crypt' is deprecated and slated for removal in Python 3.13
  from crypt import crypt as _crypt
/workspace/frappe-bench/env/lib/python3.11/site-packages/rq/connections.py:72: DeprecationWarning: The `pop_connection` function is deprecated. Pass the `connection` explicitly instead.
  warnings.warn(
/workspace/frappe-bench/env/lib/python3.11/site-packages/rq/connections.py:58: DeprecationWarning: The `push_connection` function is deprecated. Pass the `connection` explicitly instead.
  warnings.warn(
/workspace/frappe-bench/env/lib/python3.11/site-packages/passlib/utils/__init__.py:854: DeprecationWarning: 'crypt' is deprecated and slated for removal in Python 3.13
  from crypt import crypt as _crypt
/workspace/frappe-bench/env/lib/python3.11/site-packages/rq/connections.py:72: DeprecationWarning: The `pop_connection` function is deprecated. Pass the `connection` explicitly instead.
  warnings.warn(
/workspace/frappe-bench/env/lib/python3.11/site-packages/rq/connections.py:58: DeprecationWarning: The `push_connection` function is deprecated. Pass the `connection` explicitly instead.
  warnings.warn(
/workspace/frappe-bench/env/lib/python3.11/site-packages/passlib/utils/__init__.py:854: DeprecationWarning: 'crypt' is deprecated and slated for removal in Python 3.13
  from crypt import crypt as _crypt
/workspace/frappe-bench/env/lib/python3.11/site-packages/rq/connections.py:72: DeprecationWarning: The `pop_connection` function is deprecated. Pass the `connection` explicitly instead.
  warnings.warn(
/workspace/frappe-bench/env/lib/python3.11/site-packages/rq/connections.py:58: DeprecationWarning: The `push_connection` function is deprecated. Pass the `connection` explicitly instead.
  warnings.warn(
/workspace/frappe-bench/env/lib/python3.11/site-packages/passlib/utils/__init__.py:854: DeprecationWarning: 'crypt' is deprecated and slated for removal in Python 3.13
  from crypt import crypt as _crypt
/workspace/frappe-bench/env/lib/python3.11/site-packages/rq/connections.py:72: DeprecationWarning: The `pop_connection` function is deprecated. Pass the `connection` explicitly instead.
  warnings.warn(
/workspace/frappe-bench/env/lib/python3.11/site-packages/rq/connections.py:58: DeprecationWarning: The `push_connection` function is deprecated. Pass the `connection` explicitly instead.
  warnings.warn(
/workspace/frappe-bench/env/lib/python3.11/site-packages/passlib/utils/__init__.py:854: DeprecationWarning: 'crypt' is deprecated and slated for removal in Python 3.13
  from crypt import crypt as _crypt
/workspace/frappe-bench/env/lib/python3.11/site-packages/rq/connections.py:72: DeprecationWarning: The `pop_connection` function is deprecated. Pass the `connection` explicitly instead.
  warnings.warn(
/workspace/frappe-bench/env/lib/python3.11/site-packages/rq/connections.py:58: DeprecationWarning: The `push_connection` function is deprecated. Pass the `connection` explicitly instead.
  warnings.warn(
/workspace/frappe-bench/env/lib/python3.11/site-packages/passlib/utils/__init__.py:854: DeprecationWarning: 'crypt' is deprecated and slated for removal in Python 3.13
  from crypt import crypt as _crypt
/workspace/frappe-bench/env/lib/python3.11/site-packages/rq/connections.py:72: DeprecationWarning: The `pop_connection` function is deprecated. Pass the `connection` explicitly instead.
  warnings.warn(
/workspace/frappe-bench/env/lib/python3.11/site-packages/rq/connections.py:58: DeprecationWarning: The `push_connection` function is deprecated. Pass the `connection` explicitly instead.
  warnings.warn(
/workspace/frappe-bench/env/lib/python3.11/site-packages/passlib/utils/__init__.py:854: DeprecationWarning: 'crypt' is deprecated and slated for removal in Python 3.13
  from crypt import crypt as _crypt
/workspace/frappe-bench/env/lib/python3.11/site-packages/rq/connections.py:72: DeprecationWarning: The `pop_connection` function is deprecated. Pass the `connection` explicitly instead.
  warnings.warn(
/workspace/frappe-bench/env/lib/python3.11/site-packages/rq/connections.py:58: DeprecationWarning: The `push_connection` function is deprecated. Pass the `connection` explicitly instead.
  warnings.warn(
/workspace/frappe-bench/env/lib/python3.11/site-packages/passlib/utils/__init__.py:854: DeprecationWarning: 'crypt' is deprecated and slated for removal in Python 3.13
  from crypt import crypt as _crypt
/workspace/frappe-bench/env/lib/python3.11/site-packages/rq/connections.py:72: DeprecationWarning: The `pop_connection` function is deprecated. Pass the `connection` explicitly instead.
  warnings.warn(
/workspace/frappe-bench/env/lib/python3.11/site-packages/rq/connections.py:58: DeprecationWarning: The `push_connection` function is deprecated. Pass the `connection` explicitly instead.
  warnings.warn(
/workspace/frappe-bench/env/lib/python3.11/site-packages/passlib/utils/__init__.py:854: DeprecationWarning: 'crypt' is deprecated and slated for removal in Python 3.13
  from crypt import crypt as _crypt
/workspace/frappe-bench/env/lib/python3.11/site-packages/rq/connections.py:72: DeprecationWarning: The `pop_connection` function is deprecated. Pass the `connection` explicitly instead.
  warnings.warn(
/workspace/frappe-bench/env/lib/python3.11/site-packages/rq/connections.py:58: DeprecationWarning: The `push_connection` function is deprecated. Pass the `connection` explicitly instead.
  warnings.warn(
/workspace/frappe-bench/env/lib/python3.11/site-packages/passlib/utils/__init__.py:854: DeprecationWarning: 'crypt' is deprecated and slated for removal in Python 3.13
  from crypt import crypt as _crypt
/workspace/frappe-bench/env/lib/python3.11/site-packages/rq/connections.py:72: DeprecationWarning: The `pop_connection` function is deprecated. Pass the `connection` explicitly instead.
  warnings.warn(
/workspace/frappe-bench/env/lib/python3.11/site-packages/rq/connections.py:58: DeprecationWarning: The `push_connection` function is deprecated. Pass the `connection` explicitly instead.
  warnings.warn(
/workspace/frappe-bench/env/lib/python3.11/site-packages/passlib/utils/__init__.py:854: DeprecationWarning: 'crypt' is deprecated and slated for removal in Python 3.13
  from crypt import crypt as _crypt
/workspace/frappe-bench/env/lib/python3.11/site-packages/rq/connections.py:72: DeprecationWarning: The `pop_connection` function is deprecated. Pass the `connection` explicitly instead.
  warnings.warn(
/workspace/frappe-bench/env/lib/python3.11/site-packages/rq/connections.py:58: DeprecationWarning: The `push_connection` function is deprecated. Pass the `connection` explicitly instead.
  warnings.warn(
/workspace/frappe-bench/env/lib/python3.11/site-packages/passlib/utils/__init__.py:854: DeprecationWarning: 'crypt' is deprecated and slated for removal in Python 3.13
  from crypt import crypt as _crypt
/workspace/frappe-bench/env/lib/python3.11/site-packages/pypdf/_crypt_providers/_cryptography.py:32: CryptographyDeprecationWarning: ARC4 has been moved to cryptography.hazmat.decrepit.ciphers.algorithms.ARC4 and will be removed from this module in 48.0.0.
  from cryptography.hazmat.primitives.ciphers.algorithms import AES, ARC4
/workspace/frappe-bench/env/lib/python3.11/site-packages/rq/connections.py:72: DeprecationWarning: The `pop_connection` function is deprecated. Pass the `connection` explicitly instead.
  warnings.warn(
/workspace/frappe-bench/env/lib/python3.11/site-packages/rq/connections.py:58: DeprecationWarning: The `push_connection` function is deprecated. Pass the `connection` explicitly instead.
  warnings.warn(
/workspace/frappe-bench/env/lib/python3.11/site-packages/passlib/utils/__init__.py:854: DeprecationWarning: 'crypt' is deprecated and slated for removal in Python 3.13
  from crypt import crypt as _crypt
/workspace/frappe-bench/env/lib/python3.11/site-packages/rq/connections.py:72: DeprecationWarning: The `pop_connection` function is deprecated. Pass the `connection` explicitly instead.
  warnings.warn(
/workspace/frappe-bench/env/lib/python3.11/site-packages/rq/connections.py:58: DeprecationWarning: The `push_connection` function is deprecated. Pass the `connection` explicitly instead.
  warnings.warn(
/workspace/frappe-bench/env/lib/python3.11/site-packages/passlib/utils/__init__.py:854: DeprecationWarning: 'crypt' is deprecated and slated for removal in Python 3.13
  from crypt import crypt as _crypt
/workspace/frappe-bench/env/lib/python3.11/site-packages/rq/connections.py:72: DeprecationWarning: The `pop_connection` function is deprecated. Pass the `connection` explicitly instead.
  warnings.warn(
/workspace/frappe-bench/env/lib/python3.11/site-packages/rq/connections.py:58: DeprecationWarning: The `push_connection` function is deprecated. Pass the `connection` explicitly instead.
  warnings.warn(
/workspace/frappe-bench/env/lib/python3.11/site-packages/passlib/utils/__init__.py:854: DeprecationWarning: 'crypt' is deprecated and slated for removal in Python 3.13
  from crypt import crypt as _crypt
/workspace/frappe-bench/env/lib/python3.11/site-packages/rq/connections.py:72: DeprecationWarning: The `pop_connection` function is deprecated. Pass the `connection` explicitly instead.
  warnings.warn(
/workspace/frappe-bench/env/lib/python3.11/site-packages/rq/connections.py:58: DeprecationWarning: The `push_connection` function is deprecated. Pass the `connection` explicitly instead.
  warnings.warn(
/workspace/frappe-bench/env/lib/python3.11/site-packages/passlib/utils/__init__.py:854: DeprecationWarning: 'crypt' is deprecated and slated for removal in Python 3.13
  from crypt import crypt as _crypt
/workspace/frappe-bench/env/lib/python3.11/site-packages/rq/connections.py:72: DeprecationWarning: The `pop_connection` function is deprecated. Pass the `connection` explicitly instead.
  warnings.warn(
/workspace/frappe-bench/env/lib/python3.11/site-packages/rq/connections.py:58: DeprecationWarning: The `push_connection` function is deprecated. Pass the `connection` explicitly instead.
  warnings.warn(
/workspace/frappe-bench/env/lib/python3.11/site-packages/passlib/utils/__init__.py:854: DeprecationWarning: 'crypt' is deprecated and slated for removal in Python 3.13
  from crypt import crypt as _crypt
/workspace/frappe-bench/env/lib/python3.11/site-packages/rq/connections.py:72: DeprecationWarning: The `pop_connection` function is deprecated. Pass the `connection` explicitly instead.
  warnings.warn(
/workspace/frappe-bench/env/lib/python3.11/site-packages/rq/connections.py:58: DeprecationWarning: The `push_connection` function is deprecated. Pass the `connection` explicitly instead.
  warnings.warn(
/workspace/frappe-bench/env/lib/python3.11/site-packages/passlib/utils/__init__.py:854: DeprecationWarning: 'crypt' is deprecated and slated for removal in Python 3.13
  from crypt import crypt as _crypt
/workspace/frappe-bench/env/lib/python3.11/site-packages/rq/connections.py:72: DeprecationWarning: The `pop_connection` function is deprecated. Pass the `connection` explicitly instead.
  warnings.warn(
/workspace/frappe-bench/env/lib/python3.11/site-packages/rq/connections.py:58: DeprecationWarning: The `push_connection` function is deprecated. Pass the `connection` explicitly instead.
  warnings.warn(
/workspace/frappe-bench/env/lib/python3.11/site-packages/passlib/utils/__init__.py:854: DeprecationWarning: 'crypt' is deprecated and slated for removal in Python 3.13
  from crypt import crypt as _crypt
/workspace/frappe-bench/env/lib/python3.11/site-packages/rq/connections.py:72: DeprecationWarning: The `pop_connection` function is deprecated. Pass the `connection` explicitly instead.
  warnings.warn(
/workspace/frappe-bench/env/lib/python3.11/site-packages/rq/connections.py:58: DeprecationWarning: The `push_connection` function is deprecated. Pass the `connection` explicitly instead.
  warnings.warn(
/workspace/frappe-bench/env/lib/python3.11/site-packages/passlib/utils/__init__.py:854: DeprecationWarning: 'crypt' is deprecated and slated for removal in Python 3.13
  from crypt import crypt as _crypt
/workspace/frappe-bench/env/lib/python3.11/site-packages/rq/connections.py:72: DeprecationWarning: The `pop_connection` function is deprecated. Pass the `connection` explicitly instead.
  warnings.warn(
/workspace/frappe-bench/env/lib/python3.11/site-packages/rq/connections.py:58: DeprecationWarning: The `push_connection` function is deprecated. Pass the `connection` explicitly instead.
  warnings.warn(
/workspace/frappe-bench/env/lib/python3.11/site-packages/passlib/utils/__init__.py:854: DeprecationWarning: 'crypt' is deprecated and slated for removal in Python 3.13
  from crypt import crypt as _crypt
/workspace/frappe-bench/env/lib/python3.11/site-packages/rq/connections.py:72: DeprecationWarning: The `pop_connection` function is deprecated. Pass the `connection` explicitly instead.
  warnings.warn(
/workspace/frappe-bench/env/lib/python3.11/site-packages/rq/connections.py:58: DeprecationWarning: The `push_connection` function is deprecated. Pass the `connection` explicitly instead.
  warnings.warn(
/workspace/frappe-bench/env/lib/python3.11/site-packages/passlib/utils/__init__.py:854: DeprecationWarning: 'crypt' is deprecated and slated for removal in Python 3.13
  from crypt import crypt as _crypt
/workspace/frappe-bench/env/lib/python3.11/site-packages/pypdf/_crypt_providers/_cryptography.py:32: CryptographyDeprecationWarning: ARC4 has been moved to cryptography.hazmat.decrepit.ciphers.algorithms.ARC4 and will be removed from this module in 48.0.0.
  from cryptography.hazmat.primitives.ciphers.algorithms import AES, ARC4
/workspace/frappe-bench/env/lib/python3.11/site-packages/rq/connections.py:72: DeprecationWarning: The `pop_connection` function is deprecated. Pass the `connection` explicitly instead.
  warnings.warn(
/workspace/frappe-bench/env/lib/python3.11/site-packages/rq/connections.py:58: DeprecationWarning: The `push_connection` function is deprecated. Pass the `connection` explicitly instead.
  warnings.warn(
/workspace/frappe-bench/env/lib/python3.11/site-packages/passlib/utils/__init__.py:854: DeprecationWarning: 'crypt' is deprecated and slated for removal in Python 3.13
  from crypt import crypt as _crypt
/workspace/frappe-bench/env/lib/python3.11/site-packages/rq/connections.py:72: DeprecationWarning: The `pop_connection` function is deprecated. Pass the `connection` explicitly instead.
  warnings.warn(
/workspace/frappe-bench/env/lib/python3.11/site-packages/rq/connections.py:58: DeprecationWarning: The `push_connection` function is deprecated. Pass the `connection` explicitly instead.
  warnings.warn(
/workspace/frappe-bench/env/lib/python3.11/site-packages/passlib/utils/__init__.py:854: DeprecationWarning: 'crypt' is deprecated and slated for removal in Python 3.13
  from crypt import crypt as _crypt
/workspace/frappe-bench/env/lib/python3.11/site-packages/rq/connections.py:72: DeprecationWarning: The `pop_connection` function is deprecated. Pass the `connection` explicitly instead.
  warnings.warn(
/workspace/frappe-bench/env/lib/python3.11/site-packages/rq/connections.py:58: DeprecationWarning: The `push_connection` function is deprecated. Pass the `connection` explicitly instead.
  warnings.warn(
/workspace/frappe-bench/env/lib/python3.11/site-packages/passlib/utils/__init__.py:854: DeprecationWarning: 'crypt' is deprecated and slated for removal in Python 3.13
  from crypt import crypt as _crypt
/workspace/frappe-bench/env/lib/python3.11/site-packages/rq/connections.py:72: DeprecationWarning: The `pop_connection` function is deprecated. Pass the `connection` explicitly instead.
  warnings.warn(
/workspace/frappe-bench/env/lib/python3.11/site-packages/rq/connections.py:58: DeprecationWarning: The `push_connection` function is deprecated. Pass the `connection` explicitly instead.
  warnings.warn(
/workspace/frappe-bench/env/lib/python3.11/site-packages/passlib/utils/__init__.py:854: DeprecationWarning: 'crypt' is deprecated and slated for removal in Python 3.13
  from crypt import crypt as _crypt
/workspace/frappe-bench/env/lib/python3.11/site-packages/rq/connections.py:72: DeprecationWarning: The `pop_connection` function is deprecated. Pass the `connection` explicitly instead.
  warnings.warn(
/workspace/frappe-bench/env/lib/python3.11/site-packages/rq/connections.py:58: DeprecationWarning: The `push_connection` function is deprecated. Pass the `connection` explicitly instead.
  warnings.warn(
/workspace/frappe-bench/env/lib/python3.11/site-packages/passlib/utils/__init__.py:854: DeprecationWarning: 'crypt' is deprecated and slated for removal in Python 3.13
  from crypt import crypt as _crypt
/workspace/frappe-bench/env/lib/python3.11/site-packages/rq/connections.py:72: DeprecationWarning: The `pop_connection` function is deprecated. Pass the `connection` explicitly instead.
  warnings.warn(
/workspace/frappe-bench/env/lib/python3.11/site-packages/rq/connections.py:58: DeprecationWarning: The `push_connection` function is deprecated. Pass the `connection` explicitly instead.
  warnings.warn(
/workspace/frappe-bench/env/lib/python3.11/site-packages/passlib/utils/__init__.py:854: DeprecationWarning: 'crypt' is deprecated and slated for removal in Python 3.13
  from crypt import crypt as _crypt
/workspace/frappe-bench/env/lib/python3.11/site-packages/rq/connections.py:72: DeprecationWarning: The `pop_connection` function is deprecated. Pass the `connection` explicitly instead.
  warnings.warn(
/workspace/frappe-bench/env/lib/python3.11/site-packages/rq/connections.py:58: DeprecationWarning: The `push_connection` function is deprecated. Pass the `connection` explicitly instead.
  warnings.warn(
/workspace/frappe-bench/env/lib/python3.11/site-packages/passlib/utils/__init__.py:854: DeprecationWarning: 'crypt' is deprecated and slated for removal in Python 3.13
  from crypt import crypt as _crypt
/workspace/frappe-bench/env/lib/python3.11/site-packages/pypdf/_crypt_providers/_cryptography.py:32: CryptographyDeprecationWarning: ARC4 has been moved to cryptography.hazmat.decrepit.ciphers.algorithms.ARC4 and will be removed from this module in 48.0.0.
  from cryptography.hazmat.primitives.ciphers.algorithms import AES, ARC4
/workspace/frappe-bench/env/lib/python3.11/site-packages/rq/connections.py:72: DeprecationWarning: The `pop_connection` function is deprecated. Pass the `connection` explicitly instead.
  warnings.warn(
/workspace/frappe-bench/env/lib/python3.11/site-packages/rq/connections.py:58: DeprecationWarning: The `push_connection` function is deprecated. Pass the `connection` explicitly instead.
  warnings.warn(
/workspace/frappe-bench/env/lib/python3.11/site-packages/passlib/utils/__init__.py:854: DeprecationWarning: 'crypt' is deprecated and slated for removal in Python 3.13
  from crypt import crypt as _crypt
/workspace/frappe-bench/env/lib/python3.11/site-packages/rq/connections.py:72: DeprecationWarning: The `pop_connection` function is deprecated. Pass the `connection` explicitly instead.
  warnings.warn(
/workspace/frappe-bench/env/lib/python3.11/site-packages/rq/connections.py:58: DeprecationWarning: The `push_connection` function is deprecated. Pass the `connection` explicitly instead.
  warnings.warn(
/workspace/frappe-bench/env/lib/python3.11/site-packages/passlib/utils/__init__.py:854: DeprecationWarning: 'crypt' is deprecated and slated for removal in Python 3.13
  from crypt import crypt as _crypt
/workspace/frappe-bench/env/lib/python3.11/site-packages/rq/connections.py:72: DeprecationWarning: The `pop_connection` function is deprecated. Pass the `connection` explicitly instead.
  warnings.warn(
/workspace/frappe-bench/env/lib/python3.11/site-packages/rq/connections.py:58: DeprecationWarning: The `push_connection` function is deprecated. Pass the `connection` explicitly instead.
  warnings.warn(
/workspace/frappe-bench/env/lib/python3.11/site-packages/passlib/utils/__init__.py:854: DeprecationWarning: 'crypt' is deprecated and slated for removal in Python 3.13
  from crypt import crypt as _crypt
/workspace/frappe-bench/env/lib/python3.11/site-packages/rq/connections.py:72: DeprecationWarning: The `pop_connection` function is deprecated. Pass the `connection` explicitly instead.
  warnings.warn(
/workspace/frappe-bench/env/lib/python3.11/site-packages/rq/connections.py:58: DeprecationWarning: The `push_connection` function is deprecated. Pass the `connection` explicitly instead.
  warnings.warn(
/workspace/frappe-bench/env/lib/python3.11/site-packages/passlib/utils/__init__.py:854: DeprecationWarning: 'crypt' is deprecated and slated for removal in Python 3.13
  from crypt import crypt as _crypt
/workspace/frappe-bench/env/lib/python3.11/site-packages/rq/connections.py:72: DeprecationWarning: The `pop_connection` function is deprecated. Pass the `connection` explicitly instead.
  warnings.warn(
/workspace/frappe-bench/env/lib/python3.11/site-packages/rq/connections.py:58: DeprecationWarning: The `push_connection` function is deprecated. Pass the `connection` explicitly instead.
  warnings.warn(
/workspace/frappe-bench/env/lib/python3.11/site-packages/passlib/utils/__init__.py:854: DeprecationWarning: 'crypt' is deprecated and slated for removal in Python 3.13
  from crypt import crypt as _crypt
/workspace/frappe-bench/env/lib/python3.11/site-packages/pypdf/_crypt_providers/_cryptography.py:32: CryptographyDeprecationWarning: ARC4 has been moved to cryptography.hazmat.decrepit.ciphers.algorithms.ARC4 and will be removed from this module in 48.0.0.
  from cryptography.hazmat.primitives.ciphers.algorithms import AES, ARC4
/workspace/frappe-bench/env/lib/python3.11/site-packages/rq/connections.py:72: DeprecationWarning: The `pop_connection` function is deprecated. Pass the `connection` explicitly instead.
  warnings.warn(
/workspace/frappe-bench/env/lib/python3.11/site-packages/rq/connections.py:58: DeprecationWarning: The `push_connection` function is deprecated. Pass the `connection` explicitly instead.
  warnings.warn(
/workspace/frappe-bench/env/lib/python3.11/site-packages/passlib/utils/__init__.py:854: DeprecationWarning: 'crypt' is deprecated and slated for removal in Python 3.13
  from crypt import crypt as _crypt
/workspace/frappe-bench/env/lib/python3.11/site-packages/rq/connections.py:72: DeprecationWarning: The `pop_connection` function is deprecated. Pass the `connection` explicitly instead.
  warnings.warn(
/workspace/frappe-bench/env/lib/python3.11/site-packages/rq/connections.py:58: DeprecationWarning: The `push_connection` function is deprecated. Pass the `connection` explicitly instead.
  warnings.warn(
/workspace/frappe-bench/env/lib/python3.11/site-packages/passlib/utils/__init__.py:854: DeprecationWarning: 'crypt' is deprecated and slated for removal in Python 3.13
  from crypt import crypt as _crypt
/workspace/frappe-bench/env/lib/python3.11/site-packages/rq/connections.py:72: DeprecationWarning: The `pop_connection` function is deprecated. Pass the `connection` explicitly instead.
  warnings.warn(
/workspace/frappe-bench/env/lib/python3.11/site-packages/rq/connections.py:58: DeprecationWarning: The `push_connection` function is deprecated. Pass the `connection` explicitly instead.
  warnings.warn(
/workspace/frappe-bench/env/lib/python3.11/site-packages/passlib/utils/__init__.py:854: DeprecationWarning: 'crypt' is deprecated and slated for removal in Python 3.13
  from crypt import crypt as _crypt
/workspace/frappe-bench/env/lib/python3.11/site-packages/rq/connections.py:72: DeprecationWarning: The `pop_connection` function is deprecated. Pass the `connection` explicitly instead.
  warnings.warn(
/workspace/frappe-bench/env/lib/python3.11/site-packages/rq/connections.py:58: DeprecationWarning: The `push_connection` function is deprecated. Pass the `connection` explicitly instead.
  warnings.warn(
/workspace/frappe-bench/env/lib/python3.11/site-packages/passlib/utils/__init__.py:854: DeprecationWarning: 'crypt' is deprecated and slated for removal in Python 3.13
  from crypt import crypt as _crypt
/workspace/frappe-bench/env/lib/python3.11/site-packages/rq/connections.py:72: DeprecationWarning: The `pop_connection` function is deprecated. Pass the `connection` explicitly instead.
  warnings.warn(
/workspace/frappe-bench/env/lib/python3.11/site-packages/rq/connections.py:58: DeprecationWarning: The `push_connection` function is deprecated. Pass the `connection` explicitly instead.
  warnings.warn(
/workspace/frappe-bench/env/lib/python3.11/site-packages/passlib/utils/__init__.py:854: DeprecationWarning: 'crypt' is deprecated and slated for removal in Python 3.13
  from crypt import crypt as _crypt
/workspace/frappe-bench/env/lib/python3.11/site-packages/rq/connections.py:72: DeprecationWarning: The `pop_connection` function is deprecated. Pass the `connection` explicitly instead.
  warnings.warn(
/workspace/frappe-bench/env/lib/python3.11/site-packages/rq/connections.py:58: DeprecationWarning: The `push_connection` function is deprecated. Pass the `connection` explicitly instead.
  warnings.warn(
/workspace/frappe-bench/env/lib/python3.11/site-packages/passlib/utils/__init__.py:854: DeprecationWarning: 'crypt' is deprecated and slated for removal in Python 3.13
  from crypt import crypt as _crypt
/workspace/frappe-bench/env/lib/python3.11/site-packages/pypdf/_crypt_providers/_cryptography.py:32: CryptographyDeprecationWarning: ARC4 has been moved to cryptography.hazmat.decrepit.ciphers.algorithms.ARC4 and will be removed from this module in 48.0.0.
  from cryptography.hazmat.primitives.ciphers.algorithms import AES, ARC4
/workspace/frappe-bench/env/lib/python3.11/site-packages/rq/connections.py:72: DeprecationWarning: The `pop_connection` function is deprecated. Pass the `connection` explicitly instead.
  warnings.warn(
/workspace/frappe-bench/env/lib/python3.11/site-packages/rq/connections.py:58: DeprecationWarning: The `push_connection` function is deprecated. Pass the `connection` explicitly instead.
  warnings.warn(
/workspace/frappe-bench/env/lib/python3.11/site-packages/passlib/utils/__init__.py:854: DeprecationWarning: 'crypt' is deprecated and slated for removal in Python 3.13
  from crypt import crypt as _crypt
/workspace/frappe-bench/env/lib/python3.11/site-packages/rq/connections.py:72: DeprecationWarning: The `pop_connection` function is deprecated. Pass the `connection` explicitly instead.
  warnings.warn(
/workspace/frappe-bench/env/lib/python3.11/site-packages/rq/connections.py:58: DeprecationWarning: The `push_connection` function is deprecated. Pass the `connection` explicitly instead.
  warnings.warn(
/workspace/frappe-bench/env/lib/python3.11/site-packages/passlib/utils/__init__.py:854: DeprecationWarning: 'crypt' is deprecated and slated for removal in Python 3.13
  from crypt import crypt as _crypt
/workspace/frappe-bench/env/lib/python3.11/site-packages/rq/connections.py:72: DeprecationWarning: The `pop_connection` function is deprecated. Pass the `connection` explicitly instead.
  warnings.warn(
/workspace/frappe-bench/env/lib/python3.11/site-packages/rq/connections.py:58: DeprecationWarning: The `push_connection` function is deprecated. Pass the `connection` explicitly instead.
  warnings.warn(
/workspace/frappe-bench/env/lib/python3.11/site-packages/passlib/utils/__init__.py:854: DeprecationWarning: 'crypt' is deprecated and slated for removal in Python 3.13
  from crypt import crypt as _crypt
/workspace/frappe-bench/env/lib/python3.11/site-packages/rq/connections.py:72: DeprecationWarning: The `pop_connection` function is deprecated. Pass the `connection` explicitly instead.
  warnings.warn(
/workspace/frappe-bench/env/lib/python3.11/site-packages/rq/connections.py:58: DeprecationWarning: The `push_connection` function is deprecated. Pass the `connection` explicitly instead.
  warnings.warn(
/workspace/frappe-bench/env/lib/python3.11/site-packages/passlib/utils/__init__.py:854: DeprecationWarning: 'crypt' is deprecated and slated for removal in Python 3.13
  from crypt import crypt as _crypt
/workspace/frappe-bench/env/lib/python3.11/site-packages/rq/connections.py:72: DeprecationWarning: The `pop_connection` function is deprecated. Pass the `connection` explicitly instead.
  warnings.warn(
/workspace/frappe-bench/env/lib/python3.11/site-packages/rq/connections.py:58: DeprecationWarning: The `push_connection` function is deprecated. Pass the `connection` explicitly instead.
  warnings.warn(
/workspace/frappe-bench/env/lib/python3.11/site-packages/passlib/utils/__init__.py:854: DeprecationWarning: 'crypt' is deprecated and slated for removal in Python 3.13
  from crypt import crypt as _crypt
/workspace/frappe-bench/env/lib/python3.11/site-packages/rq/connections.py:72: DeprecationWarning: The `pop_connection` function is deprecated. Pass the `connection` explicitly instead.
  warnings.warn(
/workspace/frappe-bench/env/lib/python3.11/site-packages/rq/connections.py:58: DeprecationWarning: The `push_connection` function is deprecated. Pass the `connection` explicitly instead.
  warnings.warn(
/workspace/frappe-bench/env/lib/python3.11/site-packages/passlib/utils/__init__.py:854: DeprecationWarning: 'crypt' is deprecated and slated for removal in Python 3.13
  from crypt import crypt as _crypt
/workspace/frappe-bench/env/lib/python3.11/site-packages/rq/connections.py:72: DeprecationWarning: The `pop_connection` function is deprecated. Pass the `connection` explicitly instead.
  warnings.warn(
/workspace/frappe-bench/env/lib/python3.11/site-packages/rq/connections.py:58: DeprecationWarning: The `push_connection` function is deprecated. Pass the `connection` explicitly instead.
  warnings.warn(
/workspace/frappe-bench/env/lib/python3.11/site-packages/passlib/utils/__init__.py:854: DeprecationWarning: 'crypt' is deprecated and slated for removal in Python 3.13
  from crypt import crypt as _crypt
/workspace/frappe-bench/env/lib/python3.11/site-packages/pypdf/_crypt_providers/_cryptography.py:32: CryptographyDeprecationWarning: ARC4 has been moved to cryptography.hazmat.decrepit.ciphers.algorithms.ARC4 and will be removed from this module in 48.0.0.
  from cryptography.hazmat.primitives.ciphers.algorithms import AES, ARC4
/workspace/frappe-bench/env/lib/python3.11/site-packages/rq/connections.py:72: DeprecationWarning: The `pop_connection` function is deprecated. Pass the `connection` explicitly instead.
  warnings.warn(
/workspace/frappe-bench/env/lib/python3.11/site-packages/rq/connections.py:58: DeprecationWarning: The `push_connection` function is deprecated. Pass the `connection` explicitly instead.
  warnings.warn(
/workspace/frappe-bench/env/lib/python3.11/site-packages/passlib/utils/__init__.py:854: DeprecationWarning: 'crypt' is deprecated and slated for removal in Python 3.13
  from crypt import crypt as _crypt
/workspace/frappe-bench/env/lib/python3.11/site-packages/rq/connections.py:72: DeprecationWarning: The `pop_connection` function is deprecated. Pass the `connection` explicitly instead.
  warnings.warn(
/workspace/frappe-bench/env/lib/python3.11/site-packages/rq/connections.py:58: DeprecationWarning: The `push_connection` function is deprecated. Pass the `connection` explicitly instead.
  warnings.warn(
/workspace/frappe-bench/env/lib/python3.11/site-packages/passlib/utils/__init__.py:854: DeprecationWarning: 'crypt' is deprecated and slated for removal in Python 3.13
  from crypt import crypt as _crypt
/workspace/frappe-bench/env/lib/python3.11/site-packages/rq/connections.py:72: DeprecationWarning: The `pop_connection` function is deprecated. Pass the `connection` explicitly instead.
  warnings.warn(
/workspace/frappe-bench/env/lib/python3.11/site-packages/rq/connections.py:58: DeprecationWarning: The `push_connection` function is deprecated. Pass the `connection` explicitly instead.
  warnings.warn(
/workspace/frappe-bench/env/lib/python3.11/site-packages/passlib/utils/__init__.py:854: DeprecationWarning: 'crypt' is deprecated and slated for removal in Python 3.13
  from crypt import crypt as _crypt
/workspace/frappe-bench/env/lib/python3.11/site-packages/rq/connections.py:72: DeprecationWarning: The `pop_connection` function is deprecated. Pass the `connection` explicitly instead.
  warnings.warn(
/workspace/frappe-bench/env/lib/python3.11/site-packages/rq/connections.py:58: DeprecationWarning: The `push_connection` function is deprecated. Pass the `connection` explicitly instead.
  warnings.warn(
/workspace/frappe-bench/env/lib/python3.11/site-packages/passlib/utils/__init__.py:854: DeprecationWarning: 'crypt' is deprecated and slated for removal in Python 3.13
  from crypt import crypt as _crypt
/workspace/frappe-bench/env/lib/python3.11/site-packages/pypdf/_crypt_providers/_cryptography.py:32: CryptographyDeprecationWarning: ARC4 has been moved to cryptography.hazmat.decrepit.ciphers.algorithms.ARC4 and will be removed from this module in 48.0.0.
  from cryptography.hazmat.primitives.ciphers.algorithms import AES, ARC4
/workspace/frappe-bench/env/lib/python3.11/site-packages/rq/connections.py:72: DeprecationWarning: The `pop_connection` function is deprecated. Pass the `connection` explicitly instead.
  warnings.warn(
/workspace/frappe-bench/env/lib/python3.11/site-packages/rq/connections.py:58: DeprecationWarning: The `push_connection` function is deprecated. Pass the `connection` explicitly instead.
  warnings.warn(
/workspace/frappe-bench/env/lib/python3.11/site-packages/passlib/utils/__init__.py:854: DeprecationWarning: 'crypt' is deprecated and slated for removal in Python 3.13
  from crypt import crypt as _crypt
/workspace/frappe-bench/env/lib/python3.11/site-packages/rq/connections.py:72: DeprecationWarning: The `pop_connection` function is deprecated. Pass the `connection` explicitly instead.
  warnings.warn(
/workspace/frappe-bench/env/lib/python3.11/site-packages/rq/connections.py:58: DeprecationWarning: The `push_connection` function is deprecated. Pass the `connection` explicitly instead.
  warnings.warn(
/workspace/frappe-bench/env/lib/python3.11/site-packages/passlib/utils/__init__.py:854: DeprecationWarning: 'crypt' is deprecated and slated for removal in Python 3.13
  from crypt import crypt as _crypt
/workspace/frappe-bench/env/lib/python3.11/site-packages/rq/connections.py:72: DeprecationWarning: The `pop_connection` function is deprecated. Pass the `connection` explicitly instead.
  warnings.warn(
/workspace/frappe-bench/env/lib/python3.11/site-packages/rq/connections.py:58: DeprecationWarning: The `push_connection` function is deprecated. Pass the `connection` explicitly instead.
  warnings.warn(
/workspace/frappe-bench/env/lib/python3.11/site-packages/passlib/utils/__init__.py:854: DeprecationWarning: 'crypt' is deprecated and slated for removal in Python 3.13
  from crypt import crypt as _crypt
/workspace/frappe-bench/env/lib/python3.11/site-packages/pypdf/_crypt_providers/_cryptography.py:32: CryptographyDeprecationWarning: ARC4 has been moved to cryptography.hazmat.decrepit.ciphers.algorithms.ARC4 and will be removed from this module in 48.0.0.
  from cryptography.hazmat.primitives.ciphers.algorithms import AES, ARC4
/workspace/frappe-bench/env/lib/python3.11/site-packages/rq/connections.py:72: DeprecationWarning: The `pop_connection` function is deprecated. Pass the `connection` explicitly instead.
  warnings.warn(
/workspace/frappe-bench/env/lib/python3.11/site-packages/rq/connections.py:58: DeprecationWarning: The `push_connection` function is deprecated. Pass the `connection` explicitly instead.
  warnings.warn(
/workspace/frappe-bench/env/lib/python3.11/site-packages/passlib/utils/__init__.py:854: DeprecationWarning: 'crypt' is deprecated and slated for removal in Python 3.13
  from crypt import crypt as _crypt
/workspace/frappe-bench/env/lib/python3.11/site-packages/rq/connections.py:72: DeprecationWarning: The `pop_connection` function is deprecated. Pass the `connection` explicitly instead.
  warnings.warn(
/workspace/frappe-bench/env/lib/python3.11/site-packages/rq/connections.py:58: DeprecationWarning: The `push_connection` function is deprecated. Pass the `connection` explicitly instead.
  warnings.warn(
/workspace/frappe-bench/env/lib/python3.11/site-packages/passlib/utils/__init__.py:854: DeprecationWarning: 'crypt' is deprecated and slated for removal in Python 3.13
  from crypt import crypt as _crypt
/workspace/frappe-bench/env/lib/python3.11/site-packages/rq/connections.py:72: DeprecationWarning: The `pop_connection` function is deprecated. Pass the `connection` explicitly instead.
  warnings.warn(
/workspace/frappe-bench/env/lib/python3.11/site-packages/rq/connections.py:58: DeprecationWarning: The `push_connection` function is deprecated. Pass the `connection` explicitly instead.
  warnings.warn(
/workspace/frappe-bench/env/lib/python3.11/site-packages/passlib/utils/__init__.py:854: DeprecationWarning: 'crypt' is deprecated and slated for removal in Python 3.13
  from crypt import crypt as _crypt
/workspace/frappe-bench/env/lib/python3.11/site-packages/rq/connections.py:72: DeprecationWarning: The `pop_connection` function is deprecated. Pass the `connection` explicitly instead.
  warnings.warn(
/workspace/frappe-bench/env/lib/python3.11/site-packages/rq/connections.py:58: DeprecationWarning: The `push_connection` function is deprecated. Pass the `connection` explicitly instead.
  warnings.warn(
/workspace/frappe-bench/env/lib/python3.11/site-packages/passlib/utils/__init__.py:854: DeprecationWarning: 'crypt' is deprecated and slated for removal in Python 3.13
  from crypt import crypt as _crypt
/workspace/frappe-bench/env/lib/python3.11/site-packages/rq/connections.py:72: DeprecationWarning: The `pop_connection` function is deprecated. Pass the `connection` explicitly instead.
  warnings.warn(
/workspace/frappe-bench/env/lib/python3.11/site-packages/rq/connections.py:58: DeprecationWarning: The `push_connection` function is deprecated. Pass the `connection` explicitly instead.
  warnings.warn(
/workspace/frappe-bench/env/lib/python3.11/site-packages/passlib/utils/__init__.py:854: DeprecationWarning: 'crypt' is deprecated and slated for removal in Python 3.13
  from crypt import crypt as _crypt
/workspace/frappe-bench/env/lib/python3.11/site-packages/rq/connections.py:72: DeprecationWarning: The `pop_connection` function is deprecated. Pass the `connection` explicitly instead.
  warnings.warn(
/workspace/frappe-bench/env/lib/python3.11/site-packages/rq/connections.py:58: DeprecationWarning: The `push_connection` function is deprecated. Pass the `connection` explicitly instead.
  warnings.warn(
/workspace/frappe-bench/env/lib/python3.11/site-packages/passlib/utils/__init__.py:854: DeprecationWarning: 'crypt' is deprecated and slated for removal in Python 3.13
  from crypt import crypt as _crypt
/workspace/frappe-bench/env/lib/python3.11/site-packages/rq/connections.py:72: DeprecationWarning: The `pop_connection` function is deprecated. Pass the `connection` explicitly instead.
  warnings.warn(
/workspace/frappe-bench/env/lib/python3.11/site-packages/rq/connections.py:58: DeprecationWarning: The `push_connection` function is deprecated. Pass the `connection` explicitly instead.
  warnings.warn(
/workspace/frappe-bench/env/lib/python3.11/site-packages/passlib/utils/__init__.py:854: DeprecationWarning: 'crypt' is deprecated and slated for removal in Python 3.13
  from crypt import crypt as _crypt
/workspace/frappe-bench/env/lib/python3.11/site-packages/rq/connections.py:72: DeprecationWarning: The `pop_connection` function is deprecated. Pass the `connection` explicitly instead.
  warnings.warn(
/workspace/frappe-bench/env/lib/python3.11/site-packages/rq/connections.py:58: DeprecationWarning: The `push_connection` function is deprecated. Pass the `connection` explicitly instead.
  warnings.warn(
/workspace/frappe-bench/env/lib/python3.11/site-packages/passlib/utils/__init__.py:854: DeprecationWarning: 'crypt' is deprecated and slated for removal in Python 3.13
  from crypt import crypt as _crypt
/workspace/frappe-bench/env/lib/python3.11/site-packages/rq/connections.py:72: DeprecationWarning: The `pop_connection` function is deprecated. Pass the `connection` explicitly instead.
  warnings.warn(
/workspace/frappe-bench/env/lib/python3.11/site-packages/rq/connections.py:58: DeprecationWarning: The `push_connection` function is deprecated. Pass the `connection` explicitly instead.
  warnings.warn(
/workspace/frappe-bench/env/lib/python3.11/site-packages/passlib/utils/__init__.py:854: DeprecationWarning: 'crypt' is deprecated and slated for removal in Python 3.13
  from crypt import crypt as _crypt
/workspace/frappe-bench/env/lib/python3.11/site-packages/rq/connections.py:72: DeprecationWarning: The `pop_connection` function is deprecated. Pass the `connection` explicitly instead.
  warnings.warn(
/workspace/frappe-bench/env/lib/python3.11/site-packages/rq/connections.py:58: DeprecationWarning: The `push_connection` function is deprecated. Pass the `connection` explicitly instead.
  warnings.warn(
/workspace/frappe-bench/env/lib/python3.11/site-packages/passlib/utils/__init__.py:854: DeprecationWarning: 'crypt' is deprecated and slated for removal in Python 3.13
  from crypt import crypt as _crypt
/workspace/frappe-bench/env/lib/python3.11/site-packages/rq/connections.py:72: DeprecationWarning: The `pop_connection` function is deprecated. Pass the `connection` explicitly instead.
  warnings.warn(
/workspace/frappe-bench/env/lib/python3.11/site-packages/rq/connections.py:58: DeprecationWarning: The `push_connection` function is deprecated. Pass the `connection` explicitly instead.
  warnings.warn(
/workspace/frappe-bench/env/lib/python3.11/site-packages/passlib/utils/__init__.py:854: DeprecationWarning: 'crypt' is deprecated and slated for removal in Python 3.13
  from crypt import crypt as _crypt
/workspace/frappe-bench/env/lib/python3.11/site-packages/rq/connections.py:72: DeprecationWarning: The `pop_connection` function is deprecated. Pass the `connection` explicitly instead.
  warnings.warn(
/workspace/frappe-bench/env/lib/python3.11/site-packages/rq/connections.py:58: DeprecationWarning: The `push_connection` function is deprecated. Pass the `connection` explicitly instead.
  warnings.warn(
/workspace/frappe-bench/env/lib/python3.11/site-packages/passlib/utils/__init__.py:854: DeprecationWarning: 'crypt' is deprecated and slated for removal in Python 3.13
  from crypt import crypt as _crypt
/workspace/frappe-bench/env/lib/python3.11/site-packages/rq/connections.py:72: DeprecationWarning: The `pop_connection` function is deprecated. Pass the `connection` explicitly instead.
  warnings.warn(
/workspace/frappe-bench/env/lib/python3.11/site-packages/rq/connections.py:58: DeprecationWarning: The `push_connection` function is deprecated. Pass the `connection` explicitly instead.
  warnings.warn(
/workspace/frappe-bench/env/lib/python3.11/site-packages/passlib/utils/__init__.py:854: DeprecationWarning: 'crypt' is deprecated and slated for removal in Python 3.13
  from crypt import crypt as _crypt
/workspace/frappe-bench/env/lib/python3.11/site-packages/rq/connections.py:72: DeprecationWarning: The `pop_connection` function is deprecated. Pass the `connection` explicitly instead.
  warnings.warn(
/workspace/frappe-bench/env/lib/python3.11/site-packages/rq/connections.py:58: DeprecationWarning: The `push_connection` function is deprecated. Pass the `connection` explicitly instead.
  warnings.warn(
/workspace/frappe-bench/env/lib/python3.11/site-packages/passlib/utils/__init__.py:854: DeprecationWarning: 'crypt' is deprecated and slated for removal in Python 3.13
  from crypt import crypt as _crypt
/workspace/frappe-bench/env/lib/python3.11/site-packages/rq/connections.py:72: DeprecationWarning: The `pop_connection` function is deprecated. Pass the `connection` explicitly instead.
  warnings.warn(
/workspace/frappe-bench/env/lib/python3.11/site-packages/rq/connections.py:58: DeprecationWarning: The `push_connection` function is deprecated. Pass the `connection` explicitly instead.
  warnings.warn(
/workspace/frappe-bench/env/lib/python3.11/site-packages/passlib/utils/__init__.py:854: DeprecationWarning: 'crypt' is deprecated and slated for removal in Python 3.13
  from crypt import crypt as _crypt
/workspace/frappe-bench/env/lib/python3.11/site-packages/rq/connections.py:72: DeprecationWarning: The `pop_connection` function is deprecated. Pass the `connection` explicitly instead.
  warnings.warn(
/workspace/frappe-bench/env/lib/python3.11/site-packages/rq/connections.py:58: DeprecationWarning: The `push_connection` function is deprecated. Pass the `connection` explicitly instead.
  warnings.warn(
/workspace/frappe-bench/env/lib/python3.11/site-packages/passlib/utils/__init__.py:854: DeprecationWarning: 'crypt' is deprecated and slated for removal in Python 3.13
  from crypt import crypt as _crypt
/workspace/frappe-bench/env/lib/python3.11/site-packages/rq/connections.py:72: DeprecationWarning: The `pop_connection` function is deprecated. Pass the `connection` explicitly instead.
  warnings.warn(
/workspace/frappe-bench/env/lib/python3.11/site-packages/rq/connections.py:58: DeprecationWarning: The `push_connection` function is deprecated. Pass the `connection` explicitly instead.
  warnings.warn(
/workspace/frappe-bench/env/lib/python3.11/site-packages/passlib/utils/__init__.py:854: DeprecationWarning: 'crypt' is deprecated and slated for removal in Python 3.13
  from crypt import crypt as _crypt
/workspace/frappe-bench/env/lib/python3.11/site-packages/rq/connections.py:72: DeprecationWarning: The `pop_connection` function is deprecated. Pass the `connection` explicitly instead.
  warnings.warn(
/workspace/frappe-bench/env/lib/python3.11/site-packages/rq/connections.py:58: DeprecationWarning: The `push_connection` function is deprecated. Pass the `connection` explicitly instead.
  warnings.warn(
/workspace/frappe-bench/env/lib/python3.11/site-packages/passlib/utils/__init__.py:854: DeprecationWarning: 'crypt' is deprecated and slated for removal in Python 3.13
  from crypt import crypt as _crypt
/workspace/frappe-bench/env/lib/python3.11/site-packages/pypdf/_crypt_providers/_cryptography.py:32: CryptographyDeprecationWarning: ARC4 has been moved to cryptography.hazmat.decrepit.ciphers.algorithms.ARC4 and will be removed from this module in 48.0.0.
  from cryptography.hazmat.primitives.ciphers.algorithms import AES, ARC4
/workspace/frappe-bench/env/lib/python3.11/site-packages/rq/connections.py:72: DeprecationWarning: The `pop_connection` function is deprecated. Pass the `connection` explicitly instead.
  warnings.warn(
/workspace/frappe-bench/env/lib/python3.11/site-packages/rq/connections.py:58: DeprecationWarning: The `push_connection` function is deprecated. Pass the `connection` explicitly instead.
  warnings.warn(
/workspace/frappe-bench/env/lib/python3.11/site-packages/passlib/utils/__init__.py:854: DeprecationWarning: 'crypt' is deprecated and slated for removal in Python 3.13
  from crypt import crypt as _crypt
/workspace/frappe-bench/env/lib/python3.11/site-packages/rq/connections.py:72: DeprecationWarning: The `pop_connection` function is deprecated. Pass the `connection` explicitly instead.
  warnings.warn(
/workspace/frappe-bench/env/lib/python3.11/site-packages/rq/connections.py:58: DeprecationWarning: The `push_connection` function is deprecated. Pass the `connection` explicitly instead.
  warnings.warn(
/workspace/frappe-bench/env/lib/python3.11/site-packages/passlib/utils/__init__.py:854: DeprecationWarning: 'crypt' is deprecated and slated for removal in Python 3.13
  from crypt import crypt as _crypt
/workspace/frappe-bench/env/lib/python3.11/site-packages/rq/connections.py:72: DeprecationWarning: The `pop_connection` function is deprecated. Pass the `connection` explicitly instead.
  warnings.warn(
/workspace/frappe-bench/env/lib/python3.11/site-packages/rq/connections.py:58: DeprecationWarning: The `push_connection` function is deprecated. Pass the `connection` explicitly instead.
  warnings.warn(
/workspace/frappe-bench/env/lib/python3.11/site-packages/passlib/utils/__init__.py:854: DeprecationWarning: 'crypt' is deprecated and slated for removal in Python 3.13
  from crypt import crypt as _crypt
/workspace/frappe-bench/env/lib/python3.11/site-packages/rq/connections.py:72: DeprecationWarning: The `pop_connection` function is deprecated. Pass the `connection` explicitly instead.
  warnings.warn(
/workspace/frappe-bench/env/lib/python3.11/site-packages/rq/connections.py:58: DeprecationWarning: The `push_connection` function is deprecated. Pass the `connection` explicitly instead.
  warnings.warn(
/workspace/frappe-bench/env/lib/python3.11/site-packages/passlib/utils/__init__.py:854: DeprecationWarning: 'crypt' is deprecated and slated for removal in Python 3.13
  from crypt import crypt as _crypt
/workspace/frappe-bench/env/lib/python3.11/site-packages/rq/connections.py:72: DeprecationWarning: The `pop_connection` function is deprecated. Pass the `connection` explicitly instead.
  warnings.warn(
/workspace/frappe-bench/env/lib/python3.11/site-packages/rq/connections.py:58: DeprecationWarning: The `push_connection` function is deprecated. Pass the `connection` explicitly instead.
  warnings.warn(
/workspace/frappe-bench/env/lib/python3.11/site-packages/passlib/utils/__init__.py:854: DeprecationWarning: 'crypt' is deprecated and slated for removal in Python 3.13
  from crypt import crypt as _crypt
/workspace/frappe-bench/env/lib/python3.11/site-packages/rq/connections.py:72: DeprecationWarning: The `pop_connection` function is deprecated. Pass the `connection` explicitly instead.
  warnings.warn(
/workspace/frappe-bench/env/lib/python3.11/site-packages/rq/connections.py:58: DeprecationWarning: The `push_connection` function is deprecated. Pass the `connection` explicitly instead.
  warnings.warn(
/workspace/frappe-bench/env/lib/python3.11/site-packages/passlib/utils/__init__.py:854: DeprecationWarning: 'crypt' is deprecated and slated for removal in Python 3.13
  from crypt import crypt as _crypt
/workspace/frappe-bench/env/lib/python3.11/site-packages/rq/connections.py:72: DeprecationWarning: The `pop_connection` function is deprecated. Pass the `connection` explicitly instead.
  warnings.warn(
/workspace/frappe-bench/env/lib/python3.11/site-packages/rq/connections.py:58: DeprecationWarning: The `push_connection` function is deprecated. Pass the `connection` explicitly instead.
  warnings.warn(
/workspace/frappe-bench/env/lib/python3.11/site-packages/passlib/utils/__init__.py:854: DeprecationWarning: 'crypt' is deprecated and slated for removal in Python 3.13
  from crypt import crypt as _crypt
/workspace/frappe-bench/env/lib/python3.11/site-packages/rq/connections.py:72: DeprecationWarning: The `pop_connection` function is deprecated. Pass the `connection` explicitly instead.
  warnings.warn(
/workspace/frappe-bench/env/lib/python3.11/site-packages/rq/connections.py:58: DeprecationWarning: The `push_connection` function is deprecated. Pass the `connection` explicitly instead.
  warnings.warn(
/workspace/frappe-bench/env/lib/python3.11/site-packages/passlib/utils/__init__.py:854: DeprecationWarning: 'crypt' is deprecated and slated for removal in Python 3.13
  from crypt import crypt as _crypt
/workspace/frappe-bench/env/lib/python3.11/site-packages/rq/connections.py:72: DeprecationWarning: The `pop_connection` function is deprecated. Pass the `connection` explicitly instead.
  warnings.warn(
/workspace/frappe-bench/env/lib/python3.11/site-packages/rq/connections.py:58: DeprecationWarning: The `push_connection` function is deprecated. Pass the `connection` explicitly instead.
  warnings.warn(
/workspace/frappe-bench/env/lib/python3.11/site-packages/passlib/utils/__init__.py:854: DeprecationWarning: 'crypt' is deprecated and slated for removal in Python 3.13
  from crypt import crypt as _crypt
/workspace/frappe-bench/env/lib/python3.11/site-packages/rq/connections.py:72: DeprecationWarning: The `pop_connection` function is deprecated. Pass the `connection` explicitly instead.
  warnings.warn(
/workspace/frappe-bench/env/lib/python3.11/site-packages/rq/connections.py:58: DeprecationWarning: The `push_connection` function is deprecated. Pass the `connection` explicitly instead.
  warnings.warn(
/workspace/frappe-bench/env/lib/python3.11/site-packages/passlib/utils/__init__.py:854: DeprecationWarning: 'crypt' is deprecated and slated for removal in Python 3.13
  from crypt import crypt as _crypt
/workspace/frappe-bench/env/lib/python3.11/site-packages/rq/connections.py:72: DeprecationWarning: The `pop_connection` function is deprecated. Pass the `connection` explicitly instead.
  warnings.warn(
/workspace/frappe-bench/env/lib/python3.11/site-packages/rq/connections.py:58: DeprecationWarning: The `push_connection` function is deprecated. Pass the `connection` explicitly instead.
  warnings.warn(
/workspace/frappe-bench/env/lib/python3.11/site-packages/passlib/utils/__init__.py:854: DeprecationWarning: 'crypt' is deprecated and slated for removal in Python 3.13
  from crypt import crypt as _crypt
/workspace/frappe-bench/env/lib/python3.11/site-packages/pypdf/_crypt_providers/_cryptography.py:32: CryptographyDeprecationWarning: ARC4 has been moved to cryptography.hazmat.decrepit.ciphers.algorithms.ARC4 and will be removed from this module in 48.0.0.
  from cryptography.hazmat.primitives.ciphers.algorithms import AES, ARC4
/workspace/frappe-bench/env/lib/python3.11/site-packages/rq/connections.py:72: DeprecationWarning: The `pop_connection` function is deprecated. Pass the `connection` explicitly instead.
  warnings.warn(
/workspace/frappe-bench/env/lib/python3.11/site-packages/rq/connections.py:58: DeprecationWarning: The `push_connection` function is deprecated. Pass the `connection` explicitly instead.
  warnings.warn(
/workspace/frappe-bench/env/lib/python3.11/site-packages/passlib/utils/__init__.py:854: DeprecationWarning: 'crypt' is deprecated and slated for removal in Python 3.13
  from crypt import crypt as _crypt
/workspace/frappe-bench/env/lib/python3.11/site-packages/rq/connections.py:72: DeprecationWarning: The `pop_connection` function is deprecated. Pass the `connection` explicitly instead.
  warnings.warn(
/workspace/frappe-bench/env/lib/python3.11/site-packages/rq/connections.py:58: DeprecationWarning: The `push_connection` function is deprecated. Pass the `connection` explicitly instead.
  warnings.warn(
/workspace/frappe-bench/env/lib/python3.11/site-packages/passlib/utils/__init__.py:854: DeprecationWarning: 'crypt' is deprecated and slated for removal in Python 3.13
  from crypt import crypt as _crypt
/workspace/frappe-bench/env/lib/python3.11/site-packages/rq/connections.py:72: DeprecationWarning: The `pop_connection` function is deprecated. Pass the `connection` explicitly instead.
  warnings.warn(
/workspace/frappe-bench/env/lib/python3.11/site-packages/rq/connections.py:58: DeprecationWarning: The `push_connection` function is deprecated. Pass the `connection` explicitly instead.
  warnings.warn(
/workspace/frappe-bench/env/lib/python3.11/site-packages/passlib/utils/__init__.py:854: DeprecationWarning: 'crypt' is deprecated and slated for removal in Python 3.13
  from crypt import crypt as _crypt
/workspace/frappe-bench/env/lib/python3.11/site-packages/pypdf/_crypt_providers/_cryptography.py:32: CryptographyDeprecationWarning: ARC4 has been moved to cryptography.hazmat.decrepit.ciphers.algorithms.ARC4 and will be removed from this module in 48.0.0.
  from cryptography.hazmat.primitives.ciphers.algorithms import AES, ARC4
/workspace/frappe-bench/env/lib/python3.11/site-packages/rq/connections.py:72: DeprecationWarning: The `pop_connection` function is deprecated. Pass the `connection` explicitly instead.
  warnings.warn(
/workspace/frappe-bench/env/lib/python3.11/site-packages/rq/connections.py:58: DeprecationWarning: The `push_connection` function is deprecated. Pass the `connection` explicitly instead.
  warnings.warn(
/workspace/frappe-bench/env/lib/python3.11/site-packages/passlib/utils/__init__.py:854: DeprecationWarning: 'crypt' is deprecated and slated for removal in Python 3.13
  from crypt import crypt as _crypt
/workspace/frappe-bench/env/lib/python3.11/site-packages/rq/connections.py:72: DeprecationWarning: The `pop_connection` function is deprecated. Pass the `connection` explicitly instead.
  warnings.warn(
/workspace/frappe-bench/env/lib/python3.11/site-packages/rq/connections.py:58: DeprecationWarning: The `push_connection` function is deprecated. Pass the `connection` explicitly instead.
  warnings.warn(
/workspace/frappe-bench/env/lib/python3.11/site-packages/passlib/utils/__init__.py:854: DeprecationWarning: 'crypt' is deprecated and slated for removal in Python 3.13
  from crypt import crypt as _crypt
/workspace/frappe-bench/env/lib/python3.11/site-packages/pypdf/_crypt_providers/_cryptography.py:32: CryptographyDeprecationWarning: ARC4 has been moved to cryptography.hazmat.decrepit.ciphers.algorithms.ARC4 and will be removed from this module in 48.0.0.
  from cryptography.hazmat.primitives.ciphers.algorithms import AES, ARC4
/workspace/frappe-bench/env/lib/python3.11/site-packages/rq/connections.py:72: DeprecationWarning: The `pop_connection` function is deprecated. Pass the `connection` explicitly instead.
  warnings.warn(
/workspace/frappe-bench/env/lib/python3.11/site-packages/rq/connections.py:58: DeprecationWarning: The `push_connection` function is deprecated. Pass the `connection` explicitly instead.
  warnings.warn(
/workspace/frappe-bench/env/lib/python3.11/site-packages/passlib/utils/__init__.py:854: DeprecationWarning: 'crypt' is deprecated and slated for removal in Python 3.13
  from crypt import crypt as _crypt
/workspace/frappe-bench/env/lib/python3.11/site-packages/rq/connections.py:72: DeprecationWarning: The `pop_connection` function is deprecated. Pass the `connection` explicitly instead.
  warnings.warn(
/workspace/frappe-bench/env/lib/python3.11/site-packages/rq/connections.py:58: DeprecationWarning: The `push_connection` function is deprecated. Pass the `connection` explicitly instead.
  warnings.warn(
/workspace/frappe-bench/env/lib/python3.11/site-packages/passlib/utils/__init__.py:854: DeprecationWarning: 'crypt' is deprecated and slated for removal in Python 3.13
  from crypt import crypt as _crypt
/workspace/frappe-bench/env/lib/python3.11/site-packages/rq/connections.py:72: DeprecationWarning: The `pop_connection` function is deprecated. Pass the `connection` explicitly instead.
  warnings.warn(
/workspace/frappe-bench/env/lib/python3.11/site-packages/rq/connections.py:58: DeprecationWarning: The `push_connection` function is deprecated. Pass the `connection` explicitly instead.
  warnings.warn(
/workspace/frappe-bench/env/lib/python3.11/site-packages/passlib/utils/__init__.py:854: DeprecationWarning: 'crypt' is deprecated and slated for removal in Python 3.13
  from crypt import crypt as _crypt
/workspace/frappe-bench/env/lib/python3.11/site-packages/rq/connections.py:72: DeprecationWarning: The `pop_connection` function is deprecated. Pass the `connection` explicitly instead.
  warnings.warn(
/workspace/frappe-bench/env/lib/python3.11/site-packages/rq/connections.py:58: DeprecationWarning: The `push_connection` function is deprecated. Pass the `connection` explicitly instead.
  warnings.warn(
/workspace/frappe-bench/env/lib/python3.11/site-packages/passlib/utils/__init__.py:854: DeprecationWarning: 'crypt' is deprecated and slated for removal in Python 3.13
  from crypt import crypt as _crypt
/workspace/frappe-bench/env/lib/python3.11/site-packages/pypdf/_crypt_providers/_cryptography.py:32: CryptographyDeprecationWarning: ARC4 has been moved to cryptography.hazmat.decrepit.ciphers.algorithms.ARC4 and will be removed from this module in 48.0.0.
  from cryptography.hazmat.primitives.ciphers.algorithms import AES, ARC4
/workspace/frappe-bench/env/lib/python3.11/site-packages/rq/connections.py:72: DeprecationWarning: The `pop_connection` function is deprecated. Pass the `connection` explicitly instead.
  warnings.warn(
/workspace/frappe-bench/env/lib/python3.11/site-packages/rq/connections.py:58: DeprecationWarning: The `push_connection` function is deprecated. Pass the `connection` explicitly instead.
  warnings.warn(
/workspace/frappe-bench/env/lib/python3.11/site-packages/passlib/utils/__init__.py:854: DeprecationWarning: 'crypt' is deprecated and slated for removal in Python 3.13
  from crypt import crypt as _crypt
/workspace/frappe-bench/env/lib/python3.11/site-packages/rq/connections.py:72: DeprecationWarning: The `pop_connection` function is deprecated. Pass the `connection` explicitly instead.
  warnings.warn(
/workspace/frappe-bench/env/lib/python3.11/site-packages/rq/connections.py:58: DeprecationWarning: The `push_connection` function is deprecated. Pass the `connection` explicitly instead.
  warnings.warn(
/workspace/frappe-bench/env/lib/python3.11/site-packages/passlib/utils/__init__.py:854: DeprecationWarning: 'crypt' is deprecated and slated for removal in Python 3.13
  from crypt import crypt as _crypt
/workspace/frappe-bench/env/lib/python3.11/site-packages/rq/connections.py:72: DeprecationWarning: The `pop_connection` function is deprecated. Pass the `connection` explicitly instead.
  warnings.warn(
/workspace/frappe-bench/env/lib/python3.11/site-packages/rq/connections.py:58: DeprecationWarning: The `push_connection` function is deprecated. Pass the `connection` explicitly instead.
  warnings.warn(
/workspace/frappe-bench/env/lib/python3.11/site-packages/passlib/utils/__init__.py:854: DeprecationWarning: 'crypt' is deprecated and slated for removal in Python 3.13
  from crypt import crypt as _crypt
/workspace/frappe-bench/env/lib/python3.11/site-packages/rq/connections.py:72: DeprecationWarning: The `pop_connection` function is deprecated. Pass the `connection` explicitly instead.
  warnings.warn(
/workspace/frappe-bench/env/lib/python3.11/site-packages/rq/connections.py:58: DeprecationWarning: The `push_connection` function is deprecated. Pass the `connection` explicitly instead.
  warnings.warn(
/workspace/frappe-bench/env/lib/python3.11/site-packages/passlib/utils/__init__.py:854: DeprecationWarning: 'crypt' is deprecated and slated for removal in Python 3.13
  from crypt import crypt as _crypt
/workspace/frappe-bench/env/lib/python3.11/site-packages/rq/connections.py:72: DeprecationWarning: The `pop_connection` function is deprecated. Pass the `connection` explicitly instead.
  warnings.warn(
/workspace/frappe-bench/env/lib/python3.11/site-packages/rq/connections.py:58: DeprecationWarning: The `push_connection` function is deprecated. Pass the `connection` explicitly instead.
  warnings.warn(
/workspace/frappe-bench/env/lib/python3.11/site-packages/passlib/utils/__init__.py:854: DeprecationWarning: 'crypt' is deprecated and slated for removal in Python 3.13
  from crypt import crypt as _crypt
/workspace/frappe-bench/env/lib/python3.11/site-packages/rq/connections.py:72: DeprecationWarning: The `pop_connection` function is deprecated. Pass the `connection` explicitly instead.
  warnings.warn(
/workspace/frappe-bench/env/lib/python3.11/site-packages/rq/connections.py:58: DeprecationWarning: The `push_connection` function is deprecated. Pass the `connection` explicitly instead.
  warnings.warn(
/workspace/frappe-bench/env/lib/python3.11/site-packages/passlib/utils/__init__.py:854: DeprecationWarning: 'crypt' is deprecated and slated for removal in Python 3.13
  from crypt import crypt as _crypt
/workspace/frappe-bench/env/lib/python3.11/site-packages/rq/connections.py:72: DeprecationWarning: The `pop_connection` function is deprecated. Pass the `connection` explicitly instead.
  warnings.warn(
/workspace/frappe-bench/env/lib/python3.11/site-packages/rq/connections.py:58: DeprecationWarning: The `push_connection` function is deprecated. Pass the `connection` explicitly instead.
  warnings.warn(
/workspace/frappe-bench/env/lib/python3.11/site-packages/passlib/utils/__init__.py:854: DeprecationWarning: 'crypt' is deprecated and slated for removal in Python 3.13
  from crypt import crypt as _crypt
/workspace/frappe-bench/env/lib/python3.11/site-packages/rq/connections.py:72: DeprecationWarning: The `pop_connection` function is deprecated. Pass the `connection` explicitly instead.
  warnings.warn(
/workspace/frappe-bench/env/lib/python3.11/site-packages/rq/connections.py:58: DeprecationWarning: The `push_connection` function is deprecated. Pass the `connection` explicitly instead.
  warnings.warn(
/workspace/frappe-bench/env/lib/python3.11/site-packages/passlib/utils/__init__.py:854: DeprecationWarning: 'crypt' is deprecated and slated for removal in Python 3.13
  from crypt import crypt as _crypt
/workspace/frappe-bench/env/lib/python3.11/site-packages/rq/connections.py:72: DeprecationWarning: The `pop_connection` function is deprecated. Pass the `connection` explicitly instead.
  warnings.warn(
2025-02-04 19:50:46,742 Could not connect to Redis instance: Connection closed by server. Retrying in 1 seconds...
Exception in thread Thread-2:
Traceback (most recent call last):
  File "/home/frappe/.pyenv/versions/3.11.6/lib/python3.11/threading.py", line 1045, in _bootstrap_inner
    self.run()
  File "/workspace/frappe-bench/env/lib/python3.11/site-packages/redis/client.py", line 1192, in run
    pubsub.get_message(ignore_subscribe_messages=True, timeout=sleep_time)
  File "/workspace/frappe-bench/env/lib/python3.11/site-packages/redis/client.py", line 1054, in get_message
    response = self.parse_response(block=(timeout is None), timeout=timeout)
               ^^^^^^^^^^^^^^^^^^^^^^^^^^^^^^^^^^^^^^^^^^^^^^^^^^^^^^^^^^^^^
  File "/workspace/frappe-bench/env/lib/python3.11/site-packages/redis/client.py", line 865, in parse_response
    response = self._execute(conn, try_read)
               ^^^^^^^^^^^^^^^^^^^^^^^^^^^^^
  File "/workspace/frappe-bench/env/lib/python3.11/site-packages/redis/client.py", line 841, in _execute
    return conn.retry.call_with_retry(
           ^^^^^^^^^^^^^^^^^^^^^^^^^^^
  File "/workspace/frappe-bench/env/lib/python3.11/site-packages/redis/retry.py", line 65, in call_with_retry
    fail(error)
  File "/workspace/frappe-bench/env/lib/python3.11/site-packages/redis/client.py", line 843, in <lambda>
    /workspace/frappe-bench/env/lib/python3.11/site-packages/rq/connections.py:58: DeprecationWarning: The `push_connection` function is deprecated. Pass the `connection` explicitly instead.
  warnings.warn(
/workspace/frappe-bench/env/lib/python3.11/site-packages/passlib/utils/__init__.py:854: DeprecationWarning: 'crypt' is deprecated and slated for removal in Python 3.13
  from crypt import crypt as _crypt
/workspace/frappe-bench/env/lib/python3.11/site-packages/rq/connections.py:72: DeprecationWarning: The `pop_connection` function is deprecated. Pass the `connection` explicitly instead.
  warnings.warn(
/workspace/frappe-bench/env/lib/python3.11/site-packages/rq/connections.py:58: DeprecationWarning: The `push_connection` function is deprecated. Pass the `connection` explicitly instead.
  warnings.warn(
/workspace/frappe-bench/env/lib/python3.11/site-packages/passlib/utils/__init__.py:854: DeprecationWarning: 'crypt' is deprecated and slated for removal in Python 3.13
  from crypt import crypt as _crypt
/workspace/frappe-bench/env/lib/python3.11/site-packages/rq/connections.py:72: DeprecationWarning: The `pop_connection` function is deprecated. Pass the `connection` explicitly instead.
  warnings.warn(
/workspace/frappe-bench/env/lib/python3.11/site-packages/rq/connections.py:58: DeprecationWarning: The `push_connection` function is deprecated. Pass the `connection` explicitly instead.
  warnings.warn(
/workspace/frappe-bench/env/lib/python3.11/site-packages/passlib/utils/__init__.py:854: DeprecationWarning: 'crypt' is deprecated and slated for removal in Python 3.13
  from crypt import crypt as _crypt
/workspace/frappe-bench/env/lib/python3.11/site-packages/rq/connections.py:72: DeprecationWarning: The `pop_connection` function is deprecated. Pass the `connection` explicitly instead.
  warnings.warn(
/workspace/frappe-bench/env/lib/python3.11/site-packages/rq/connections.py:58: DeprecationWarning: The `push_connection` function is deprecated. Pass the `connection` explicitly instead.
  warnings.warn(
/workspace/frappe-bench/env/lib/python3.11/site-packages/passlib/utils/__init__.py:854: DeprecationWarning: 'crypt' is deprecated and slated for removal in Python 3.13
  from crypt import crypt as _crypt
/workspace/frappe-bench/env/lib/python3.11/site-packages/rq/connections.py:72: DeprecationWarning: The `pop_connection` function is deprecated. Pass the `connection` explicitly instead.
  warnings.warn(
/workspace/frappe-bench/env/lib/python3.11/site-packages/rq/connections.py:58: DeprecationWarning: The `push_connection` function is deprecated. Pass the `connection` explicitly instead.
  warnings.warn(
/workspace/frappe-bench/env/lib/python3.11/site-packages/passlib/utils/__init__.py:854: DeprecationWarning: 'crypt' is deprecated and slated for removal in Python 3.13
  from crypt import crypt as _crypt
/workspace/frappe-bench/env/lib/python3.11/site-packages/rq/connections.py:72: DeprecationWarning: The `pop_connection` function is deprecated. Pass the `connection` explicitly instead.
  warnings.warn(
/workspace/frappe-bench/env/lib/python3.11/site-packages/rq/connections.py:58: DeprecationWarning: The `push_connection` function is deprecated. Pass the `connection` explicitly instead.
  warnings.warn(
/workspace/frappe-bench/env/lib/python3.11/site-packages/passlib/utils/__init__.py:854: DeprecationWarning: 'crypt' is deprecated and slated for removal in Python 3.13
  from crypt import crypt as _crypt
/workspace/frappe-bench/env/lib/python3.11/site-packages/rq/connections.py:72: DeprecationWarning: The `pop_connection` function is deprecated. Pass the `connection` explicitly instead.
  warnings.warn(
/workspace/frappe-bench/env/lib/python3.11/site-packages/rq/connections.py:58: DeprecationWarning: The `push_connection` function is deprecated. Pass the `connection` explicitly instead.
  warnings.warn(
/workspace/frappe-bench/env/lib/python3.11/site-packages/passlib/utils/__init__.py:854: DeprecationWarning: 'crypt' is deprecated and slated for removal in Python 3.13
  from crypt import crypt as _crypt
/workspace/frappe-bench/env/lib/python3.11/site-packages/rq/connections.py:72: DeprecationWarning: The `pop_connection` function is deprecated. Pass the `connection` explicitly instead.
  warnings.warn(
/workspace/frappe-bench/env/lib/python3.11/site-packages/rq/connections.py:58: DeprecationWarning: The `push_connection` function is deprecated. Pass the `connection` explicitly instead.
  warnings.warn(
/workspace/frappe-bench/env/lib/python3.11/site-packages/passlib/utils/__init__.py:854: DeprecationWarning: 'crypt' is deprecated and slated for removal in Python 3.13
  from crypt import crypt as _crypt
/workspace/frappe-bench/env/lib/python3.11/site-packages/rq/connections.py:72: DeprecationWarning: The `pop_connection` function is deprecated. Pass the `connection` explicitly instead.
  warnings.warn(
/workspace/frappe-bench/env/lib/python3.11/site-packages/rq/connections.py:58: DeprecationWarning: The `push_connection` function is deprecated. Pass the `connection` explicitly instead.
  warnings.warn(
/workspace/frappe-bench/env/lib/python3.11/site-packages/passlib/utils/__init__.py:854: DeprecationWarning: 'crypt' is deprecated and slated for removal in Python 3.13
  from crypt import crypt as _crypt
/workspace/frappe-bench/env/lib/python3.11/site-packages/rq/connections.py:72: DeprecationWarning: The `pop_connection` function is deprecated. Pass the `connection` explicitly instead.
  warnings.warn(
/workspace/frappe-bench/env/lib/python3.11/site-packages/rq/connections.py:58: DeprecationWarning: The `push_connection` function is deprecated. Pass the `connection` explicitly instead.
  warnings.warn(
/workspace/frappe-bench/env/lib/python3.11/site-packages/passlib/utils/__init__.py:854: DeprecationWarning: 'crypt' is deprecated and slated for removal in Python 3.13
  from crypt import crypt as _crypt
/workspace/frappe-bench/env/lib/python3.11/site-packages/rq/connections.py:72: DeprecationWarning: The `pop_connection` function is deprecated. Pass the `connection` explicitly instead.
  warnings.warn(
/workspace/frappe-bench/env/lib/python3.11/site-packages/rq/connections.py:58: DeprecationWarning: The `push_connection` function is deprecated. Pass the `connection` explicitly instead.
  warnings.warn(
/workspace/frappe-bench/env/lib/python3.11/site-packages/passlib/utils/__init__.py:854: DeprecationWarning: 'crypt' is deprecated and slated for removal in Python 3.13
  from crypt import crypt as _crypt
/workspace/frappe-bench/env/lib/python3.11/site-packages/rq/connections.py:72: DeprecationWarning: The `pop_connection` function is deprecated. Pass the `connection` explicitly instead.
  warnings.warn(
/workspace/frappe-bench/env/lib/python3.11/site-packages/rq/connections.py:58: DeprecationWarning: The `push_connection` function is deprecated. Pass the `connection` explicitly instead.
  warnings.warn(
/workspace/frappe-bench/env/lib/python3.11/site-packages/passlib/utils/__init__.py:854: DeprecationWarning: 'crypt' is deprecated and slated for removal in Python 3.13
  from crypt import crypt as _crypt
/workspace/frappe-bench/env/lib/python3.11/site-packages/rq/connections.py:72: DeprecationWarning: The `pop_connection` function is deprecated. Pass the `connection` explicitly instead.
  warnings.warn(
/workspace/frappe-bench/env/lib/python3.11/site-packages/rq/connections.py:58: DeprecationWarning: The `push_connection` function is deprecated. Pass the `connection` explicitly instead.
  warnings.warn(
/workspace/frappe-bench/env/lib/python3.11/site-packages/passlib/utils/__init__.py:854: DeprecationWarning: 'crypt' is deprecated and slated for removal in Python 3.13
  from crypt import crypt as _crypt
/workspace/frappe-bench/env/lib/python3.11/site-packages/rq/connections.py:72: DeprecationWarning: The `pop_connection` function is deprecated. Pass the `connection` explicitly instead.
  warnings.warn(
/workspace/frappe-bench/env/lib/python3.11/site-packages/rq/connections.py:58: DeprecationWarning: The `push_connection` function is deprecated. Pass the `connection` explicitly instead.
  warnings.warn(
/workspace/frappe-bench/env/lib/python3.11/site-packages/passlib/utils/__init__.py:854: DeprecationWarning: 'crypt' is deprecated and slated for removal in Python 3.13
  from crypt import crypt as _crypt
/workspace/frappe-bench/env/lib/python3.11/site-packages/rq/connections.py:72: DeprecationWarning: The `pop_connection` function is deprecated. Pass the `connection` explicitly instead.
  warnings.warn(
/workspace/frappe-bench/env/lib/python3.11/site-packages/rq/connections.py:58: DeprecationWarning: The `push_connection` function is deprecated. Pass the `connection` explicitly instead.
  warnings.warn(
/workspace/frappe-bench/env/lib/python3.11/site-packages/passlib/utils/__init__.py:854: DeprecationWarning: 'crypt' is deprecated and slated for removal in Python 3.13
  from crypt import crypt as _crypt
/workspace/frappe-bench/env/lib/python3.11/site-packages/rq/connections.py:72: DeprecationWarning: The `pop_connection` function is deprecated. Pass the `connection` explicitly instead.
  warnings.warn(
/workspace/frappe-bench/env/lib/python3.11/site-packages/rq/connections.py:58: DeprecationWarning: The `push_connection` function is deprecated. Pass the `connection` explicitly instead.
  warnings.warn(
/workspace/frappe-bench/env/lib/python3.11/site-packages/passlib/utils/__init__.py:854: DeprecationWarning: 'crypt' is deprecated and slated for removal in Python 3.13
  from crypt import crypt as _crypt
/workspace/frappe-bench/env/lib/python3.11/site-packages/rq/connections.py:72: DeprecationWarning: The `pop_connection` function is deprecated. Pass the `connection` explicitly instead.
  warnings.warn(
/workspace/frappe-bench/env/lib/python3.11/site-packages/rq/connections.py:58: DeprecationWarning: The `push_connection` function is deprecated. Pass the `connection` explicitly instead.
  warnings.warn(
/workspace/frappe-bench/env/lib/python3.11/site-packages/passlib/utils/__init__.py:854: DeprecationWarning: 'crypt' is deprecated and slated for removal in Python 3.13
  from crypt import crypt as _crypt
/workspace/frappe-bench/env/lib/python3.11/site-packages/rq/connections.py:72: DeprecationWarning: The `pop_connection` function is deprecated. Pass the `connection` explicitly instead.
  warnings.warn(
/workspace/frappe-bench/env/lib/python3.11/site-packages/rq/connections.py:58: DeprecationWarning: The `push_connection` function is deprecated. Pass the `connection` explicitly instead.
  warnings.warn(
/workspace/frappe-bench/env/lib/python3.11/site-packages/passlib/utils/__init__.py:854: DeprecationWarning: 'crypt' is deprecated and slated for removal in Python 3.13
  from crypt import crypt as _crypt
/workspace/frappe-bench/env/lib/python3.11/site-packages/rq/connections.py:72: DeprecationWarning: The `pop_connection` function is deprecated. Pass the `connection` explicitly instead.
  warnings.warn(
/workspace/frappe-bench/env/lib/python3.11/site-packages/rq/connections.py:58: DeprecationWarning: The `push_connection` function is deprecated. Pass the `connection` explicitly instead.
  warnings.warn(
/workspace/frappe-bench/env/lib/python3.11/site-packages/passlib/utils/__init__.py:854: DeprecationWarning: 'crypt' is deprecated and slated for removal in Python 3.13
  from crypt import crypt as _crypt
/workspace/frappe-bench/env/lib/python3.11/site-packages/rq/connections.py:72: DeprecationWarning: The `pop_connection` function is deprecated. Pass the `connection` explicitly instead.
  warnings.warn(
/workspace/frappe-bench/env/lib/python3.11/site-packages/rq/connections.py:58: DeprecationWarning: The `push_connection` function is deprecated. Pass the `connection` explicitly instead.
  warnings.warn(
/workspace/frappe-bench/env/lib/python3.11/site-packages/passlib/utils/__init__.py:854: DeprecationWarning: 'crypt' is deprecated and slated for removal in Python 3.13
  from crypt import crypt as _crypt
/workspace/frappe-bench/env/lib/python3.11/site-packages/rq/connections.py:72: DeprecationWarning: The `pop_connection` function is deprecated. Pass the `connection` explicitly instead.
  warnings.warn(
/workspace/frappe-bench/env/lib/python3.11/site-packages/rq/connections.py:58: DeprecationWarning: The `push_connection` function is deprecated. Pass the `connection` explicitly instead.
  warnings.warn(
/workspace/frappe-bench/env/lib/python3.11/site-packages/passlib/utils/__init__.py:854: DeprecationWarning: 'crypt' is deprecated and slated for removal in Python 3.13
  from crypt import crypt as _crypt
/workspace/frappe-bench/env/lib/python3.11/site-packages/pypdf/_crypt_providers/_cryptography.py:32: CryptographyDeprecationWarning: ARC4 has been moved to cryptography.hazmat.decrepit.ciphers.algorithms.ARC4 and will be removed from this module in 48.0.0.
  from cryptography.hazmat.primitives.ciphers.algorithms import AES, ARC4
/workspace/frappe-bench/env/lib/python3.11/site-packages/rq/connections.py:72: DeprecationWarning: The `pop_connection` function is deprecated. Pass the `connection` explicitly instead.
  warnings.warn(
/workspace/frappe-bench/env/lib/python3.11/site-packages/rq/connections.py:58: DeprecationWarning: The `push_connection` function is deprecated. Pass the `connection` explicitly instead.
  warnings.warn(
/workspace/frappe-bench/env/lib/python3.11/site-packages/passlib/utils/__init__.py:854: DeprecationWarning: 'crypt' is deprecated and slated for removal in Python 3.13
  from crypt import crypt as _crypt
/workspace/frappe-bench/env/lib/python3.11/site-packages/rq/connections.py:72: DeprecationWarning: The `pop_connection` function is deprecated. Pass the `connection` explicitly instead.
  warnings.warn(
/workspace/frappe-bench/env/lib/python3.11/site-packages/rq/connections.py:58: DeprecationWarning: The `push_connection` function is deprecated. Pass the `connection` explicitly instead.
  warnings.warn(
/workspace/frappe-bench/env/lib/python3.11/site-packages/passlib/utils/__init__.py:854: DeprecationWarning: 'crypt' is deprecated and slated for removal in Python 3.13
  from crypt import crypt as _crypt
/workspace/frappe-bench/env/lib/python3.11/site-packages/rq/connections.py:72: DeprecationWarning: The `pop_connection` function is deprecated. Pass the `connection` explicitly instead.
  warnings.warn(
/workspace/frappe-bench/env/lib/python3.11/site-packages/rq/connections.py:58: DeprecationWarning: The `push_connection` function is deprecated. Pass the `connection` explicitly instead.
  warnings.warn(
/workspace/frappe-bench/env/lib/python3.11/site-packages/passlib/utils/__init__.py:854: DeprecationWarning: 'crypt' is deprecated and slated for removal in Python 3.13
  from crypt import crypt as _crypt
/workspace/frappe-bench/env/lib/python3.11/site-packages/rq/connections.py:72: DeprecationWarning: The `pop_connection` function is deprecated. Pass the `connection` explicitly instead.
  warnings.warn(
/workspace/frappe-bench/env/lib/python3.11/site-packages/rq/connections.py:58: DeprecationWarning: The `push_connection` function is deprecated. Pass the `connection` explicitly instead.
  warnings.warn(
/workspace/frappe-bench/env/lib/python3.11/site-packages/passlib/utils/__init__.py:854: DeprecationWarning: 'crypt' is deprecated and slated for removal in Python 3.13
  from crypt import crypt as _crypt
/workspace/frappe-bench/env/lib/python3.11/site-packages/rq/connections.py:72: DeprecationWarning: The `pop_connection` function is deprecated. Pass the `connection` explicitly instead.
  warnings.warn(
/workspace/frappe-bench/env/lib/python3.11/site-packages/rq/connections.py:58: DeprecationWarning: The `push_connection` function is deprecated. Pass the `connection` explicitly instead.
  warnings.warn(
/workspace/frappe-bench/env/lib/python3.11/site-packages/passlib/utils/__init__.py:854: DeprecationWarning: 'crypt' is deprecated and slated for removal in Python 3.13
  from crypt import crypt as _crypt
/workspace/frappe-bench/env/lib/python3.11/site-packages/rq/connections.py:72: DeprecationWarning: The `pop_connection` function is deprecated. Pass the `connection` explicitly instead.
  warnings.warn(
/workspace/frappe-bench/env/lib/python3.11/site-packages/rq/connections.py:58: DeprecationWarning: The `push_connection` function is deprecated. Pass the `connection` explicitly instead.
  warnings.warn(
/workspace/frappe-bench/env/lib/python3.11/site-packages/passlib/utils/__init__.py:854: DeprecationWarning: 'crypt' is deprecated and slated for removal in Python 3.13
  from crypt import crypt as _crypt
/workspace/frappe-bench/env/lib/python3.11/site-packages/rq/connections.py:72: DeprecationWarning: The `pop_connection` function is deprecated. Pass the `connection` explicitly instead.
  warnings.warn(
/workspace/frappe-bench/env/lib/python3.11/site-packages/rq/connections.py:58: DeprecationWarning: The `push_connection` function is deprecated. Pass the `connection` explicitly instead.
  warnings.warn(
/workspace/frappe-bench/env/lib/python3.11/site-packages/passlib/utils/__init__.py:854: DeprecationWarning: 'crypt' is deprecated and slated for removal in Python 3.13
  from crypt import crypt as _crypt
/workspace/frappe-bench/env/lib/python3.11/site-packages/rq/connections.py:72: DeprecationWarning: The `pop_connection` function is deprecated. Pass the `connection` explicitly instead.
  warnings.warn(
/workspace/frappe-bench/env/lib/python3.11/site-packages/rq/connections.py:58: DeprecationWarning: The `push_connection` function is deprecated. Pass the `connection` explicitly instead.
  warnings.warn(
/workspace/frappe-bench/env/lib/python3.11/site-packages/passlib/utils/__init__.py:854: DeprecationWarning: 'crypt' is deprecated and slated for removal in Python 3.13
  from crypt import crypt as _crypt
/workspace/frappe-bench/env/lib/python3.11/site-packages/rq/connections.py:72: DeprecationWarning: The `pop_connection` function is deprecated. Pass the `connection` explicitly instead.
  warnings.warn(
/workspace/frappe-bench/env/lib/python3.11/site-packages/rq/connections.py:58: DeprecationWarning: The `push_connection` function is deprecated. Pass the `connection` explicitly instead.
  warnings.warn(
/workspace/frappe-bench/env/lib/python3.11/site-packages/passlib/utils/__init__.py:854: DeprecationWarning: 'crypt' is deprecated and slated for removal in Python 3.13
  from crypt import crypt as _crypt
/workspace/frappe-bench/env/lib/python3.11/site-packages/pypdf/_crypt_providers/_cryptography.py:32: CryptographyDeprecationWarning: ARC4 has been moved to cryptography.hazmat.decrepit.ciphers.algorithms.ARC4 and will be removed from this module in 48.0.0.
  from cryptography.hazmat.primitives.ciphers.algorithms import AES, ARC4
/workspace/frappe-bench/env/lib/python3.11/site-packages/rq/connections.py:72: DeprecationWarning: The `pop_connection` function is deprecated. Pass the `connection` explicitly instead.
  warnings.warn(
/workspace/frappe-bench/env/lib/python3.11/site-packages/rq/connections.py:58: DeprecationWarning: The `push_connection` function is deprecated. Pass the `connection` explicitly instead.
  warnings.warn(
/workspace/frappe-bench/env/lib/python3.11/site-packages/passlib/utils/__init__.py:854: DeprecationWarning: 'crypt' is deprecated and slated for removal in Python 3.13
  from crypt import crypt as _crypt
/workspace/frappe-bench/env/lib/python3.11/site-packages/rq/connections.py:72: DeprecationWarning: The `pop_connection` function is deprecated. Pass the `connection` explicitly instead.
  warnings.warn(
/workspace/frappe-bench/env/lib/python3.11/site-packages/rq/connections.py:58: DeprecationWarning: The `push_connection` function is deprecated. Pass the `connection` explicitly instead.
  warnings.warn(
/workspace/frappe-bench/env/lib/python3.11/site-packages/passlib/utils/__init__.py:854: DeprecationWarning: 'crypt' is deprecated and slated for removal in Python 3.13
  from crypt import crypt as _crypt
/workspace/frappe-bench/env/lib/python3.11/site-packages/rq/connections.py:72: DeprecationWarning: The `pop_connection` function is deprecated. Pass the `connection` explicitly instead.
  warnings.warn(
/workspace/frappe-bench/env/lib/python3.11/site-packages/rq/connections.py:58: DeprecationWarning: The `push_connection` function is deprecated. Pass the `connection` explicitly instead.
  warnings.warn(
/workspace/frappe-bench/env/lib/python3.11/site-packages/passlib/utils/__init__.py:854: DeprecationWarning: 'crypt' is deprecated and slated for removal in Python 3.13
  from crypt import crypt as _crypt
/workspace/frappe-bench/env/lib/python3.11/site-packages/rq/connections.py:72: DeprecationWarning: The `pop_connection` function is deprecated. Pass the `connection` explicitly instead.
  warnings.warn(
/workspace/frappe-bench/env/lib/python3.11/site-packages/rq/connections.py:58: DeprecationWarning: The `push_connection` function is deprecated. Pass the `connection` explicitly instead.
  warnings.warn(
/workspace/frappe-bench/env/lib/python3.11/site-packages/passlib/utils/__init__.py:854: DeprecationWarning: 'crypt' is deprecated and slated for removal in Python 3.13
  from crypt import crypt as _crypt
/workspace/frappe-bench/env/lib/python3.11/site-packages/rq/connections.py:72: DeprecationWarning: The `pop_connection` function is deprecated. Pass the `connection` explicitly instead.
  warnings.warn(
/workspace/frappe-bench/env/lib/python3.11/site-packages/rq/connections.py:58: DeprecationWarning: The `push_connection` function is deprecated. Pass the `connection` explicitly instead.
  warnings.warn(
/workspace/frappe-bench/env/lib/python3.11/site-packages/passlib/utils/__init__.py:854: DeprecationWarning: 'crypt' is deprecated and slated for removal in Python 3.13
  from crypt import crypt as _crypt
/workspace/frappe-bench/env/lib/python3.11/site-packages/pypdf/_crypt_providers/_cryptography.py:32: CryptographyDeprecationWarning: ARC4 has been moved to cryptography.hazmat.decrepit.ciphers.algorithms.ARC4 and will be removed from this module in 48.0.0.
  from cryptography.hazmat.primitives.ciphers.algorithms import AES, ARC4
/workspace/frappe-bench/env/lib/python3.11/site-packages/rq/connections.py:72: DeprecationWarning: The `pop_connection` function is deprecated. Pass the `connection` explicitly instead.
  warnings.warn(
/workspace/frappe-bench/env/lib/python3.11/site-packages/rq/connections.py:58: DeprecationWarning: The `push_connection` function is deprecated. Pass the `connection` explicitly instead.
  warnings.warn(
/workspace/frappe-bench/env/lib/python3.11/site-packages/passlib/utils/__init__.py:854: DeprecationWarning: 'crypt' is deprecated and slated for removal in Python 3.13
  from crypt import crypt as _crypt
/workspace/frappe-bench/env/lib/python3.11/site-packages/rq/connections.py:72: DeprecationWarning: The `pop_connection` function is deprecated. Pass the `connection` explicitly instead.
  warnings.warn(
/workspace/frappe-bench/env/lib/python3.11/site-packages/rq/connections.py:58: DeprecationWarning: The `push_connection` function is deprecated. Pass the `connection` explicitly instead.
  warnings.warn(
/workspace/frappe-bench/env/lib/python3.11/site-packages/passlib/utils/__init__.py:854: DeprecationWarning: 'crypt' is deprecated and slated for removal in Python 3.13
  from crypt import crypt as _crypt
/workspace/frappe-bench/env/lib/python3.11/site-packages/rq/connections.py:72: DeprecationWarning: The `pop_connection` function is deprecated. Pass the `connection` explicitly instead.
  warnings.warn(
/workspace/frappe-bench/env/lib/python3.11/site-packages/rq/connections.py:58: DeprecationWarning: The `push_connection` function is deprecated. Pass the `connection` explicitly instead.
  warnings.warn(
/workspace/frappe-bench/env/lib/python3.11/site-packages/passlib/utils/__init__.py:854: DeprecationWarning: 'crypt' is deprecated and slated for removal in Python 3.13
  from crypt import crypt as _crypt
/workspace/frappe-bench/env/lib/python3.11/site-packages/rq/connections.py:72: DeprecationWarning: The `pop_connection` function is deprecated. Pass the `connection` explicitly instead.
  warnings.warn(
/workspace/frappe-bench/env/lib/python3.11/site-packages/rq/connections.py:58: DeprecationWarning: The `push_connection` function is deprecated. Pass the `connection` explicitly instead.
  warnings.warn(
/workspace/frappe-bench/env/lib/python3.11/site-packages/passlib/utils/__init__.py:854: DeprecationWarning: 'crypt' is deprecated and slated for removal in Python 3.13
  from crypt import crypt as _crypt
/workspace/frappe-bench/env/lib/python3.11/site-packages/rq/connections.py:72: DeprecationWarning: The `pop_connection` function is deprecated. Pass the `connection` explicitly instead.
  warnings.warn(
/workspace/frappe-bench/env/lib/python3.11/site-packages/rq/connections.py:58: DeprecationWarning: The `push_connection` function is deprecated. Pass the `connection` explicitly instead.
  warnings.warn(
/workspace/frappe-bench/env/lib/python3.11/site-packages/passlib/utils/__init__.py:854: DeprecationWarning: 'crypt' is deprecated and slated for removal in Python 3.13
  from crypt import crypt as _crypt
/workspace/frappe-bench/env/lib/python3.11/site-packages/rq/connections.py:72: DeprecationWarning: The `pop_connection` function is deprecated. Pass the `connection` explicitly instead.
  warnings.warn(
/workspace/frappe-bench/env/lib/python3.11/site-packages/rq/connections.py:58: DeprecationWarning: The `push_connection` function is deprecated. Pass the `connection` explicitly instead.
  warnings.warn(
Exception in thread Thread-2:
Traceback (most recent call last):
  File "/home/frappe/.pyenv/versions/3.11.6/lib/python3.11/threading.py", line 1045, in _bootstrap_inner
    self.run()
  File "/workspace/frappe-bench/env/lib/python3.11/site-packages/redis/client.py", line 1192, in run
    pubsub.get_message(ignore_subscribe_messages=True, timeout=sleep_time)
  File "/workspace/frappe-bench/env/lib/python3.11/site-packages/redis/client.py", line 1054, in get_message
    response = self.parse_response(block=(timeout is None), timeout=timeout)
               ^^^^^^^^^^^^^^^^^^^^^^^^^^^^^^^^^^^^^^^^^^^^^^^^^^^^^^^^^^^^^
  File "/workspace/frappe-bench/env/lib/python3.11/site-packages/redis/client.py", line 865, in parse_response
    response = self._execute(conn, try_read)
               ^^^^^^^^^^^^^^^^^^^^^^^^^^^^^
  File "/workspace/frappe-bench/env/lib/python3.11/site-packages/redis/client.py", line 841, in _execute
    return conn.retry.call_with_retry(
           ^^^^^^^^^^^^^^^^^^^^^^^^^^^
  File "/workspace/frappe-bench/env/lib/python3.11/site-packages/redis/retry.py", line 65, in call_with_retry
    fail(error)
  File "/workspace/frappe-bench/env/lib/python3.11/site-packages/redis/client.py", line 843, in <lambda>
    lambda error: self._disconnect_raise_connect(conn, error),
                  ^^^^^^^^^^^^^^^^^^^^^^^^^^^^^^^^^^^^^^^^^^^
  File "/workspace/frappe-bench/env/lib/python3.11/site-packages/redis/client.py", line 830, in _disconnect_raise_connect
    raise error
  File "/workspace/frappe-bench/env/lib/python3.11/site-packages/redis/retry.py", line 62, in call_with_retry
    return do()
           ^^^^
  File "/workspace/frappe-bench/env/lib/python3.11/site-packages/redis/client.py", line 842, in <lambda>
    lambda: command(*args, **kwargs),
            ^^^^^^^^^^^^^^^^^^^^^^^^
  File "/workspace/frappe-bench/env/lib/python3.11/site-packages/redis/client.py", line 859, in try_read
    if not conn.can_read(timeout=timeout):
           ^^^^^^^^^^^^^^^^^^^^^^^^^^^^^^
  File "/workspace/frappe-bench/env/lib/python3.11/site-packages/redis/connection.py", line 570, in can_read
    return self._parser.can_read(timeout)
           ^^^^^^^^^^^^^^^^^^^^^^^^^^^^^^
  File "/workspace/frappe-bench/env/lib/python3.11/site-packages/redis/_parsers/hiredis.py", line 79, in can_read
    return self.read_from_socket(timeout=timeout, raise_on_timeout=False)
           ^^^^^^^^^^^^^^^^^^^^^^^^^^^^^^^^^^^^^^^^^^^^^^^^^^^^^^^^^^^^^^
  File "/workspace/frappe-bench/env/lib/python3.11/site-packages/redis/_parsers/hiredis.py", line 90, in read_from_socket
    raise ConnectionError(SERVER_CLOSED_CONNECTION_ERROR)
redis.exceptions.ConnectionError: Connection closed by server.
/workspace/frappe-bench/env/lib/python3.11/site-packages/passlib/utils/__init__.py:854: DeprecationWarning: 'crypt' is deprecated and slated for removal in Python 3.13
  from crypt import crypt as _crypt
2025-02-05 10:00:04,427 [Job dev.localhost::scheduled_job::gels0q3in2]: exception raised while executing (frappe.utils.background_jobs.execute_job)
Traceback (most recent call last):
  File "/workspace/frappe-bench/env/lib/python3.11/site-packages/rq/worker.py", line 1430, in perform_job
    rv = job.perform()
         ^^^^^^^^^^^^^
  File "/workspace/frappe-bench/env/lib/python3.11/site-packages/rq/job.py", line 1280, in perform
    self._result = self._execute()
                   ^^^^^^^^^^^^^^^
  File "/workspace/frappe-bench/env/lib/python3.11/site-packages/rq/job.py", line 1317, in _execute
    result = self.func(*self.args, **self.kwargs)
             ^^^^^^^^^^^^^^^^^^^^^^^^^^^^^^^^^^^^
  File "/workspace/frappe-bench/apps/frappe/frappe/utils/background_jobs.py", line 276, in execute_job
    frappe.db.commit()
  File "/workspace/frappe-bench/apps/frappe/frappe/database/database.py", line 1148, in commit
    self.sql("commit")
  File "/workspace/frappe-bench/apps/frappe/frappe/database/database.py", line 238, in sql
    self._cursor.execute(query, values)
  File "/workspace/frappe-bench/env/lib/python3.11/site-packages/pymysql/cursors.py", line 153, in execute
    result = self._query(query)
             ^^^^^^^^^^^^^^^^^^
  File "/workspace/frappe-bench/env/lib/python3.11/site-packages/pymysql/cursors.py", line 322, in _query
    conn.query(q)
  File "/workspace/frappe-bench/env/lib/python3.11/site-packages/pymysql/connections.py", line 562, in query
    self._execute_command(COMMAND.COM_QUERY, sql)
  File "/workspace/frappe-bench/env/lib/python3.11/site-packages/pymysql/connections.py", line 843, in _execute_command
    raise err.InterfaceError(0, "")
pymysql.err.InterfaceError: (0, '')

During handling of the above exception, another exception occurred:

Traceback (most recent call last):
  File "/workspace/frappe-bench/env/lib/python3.11/site-packages/redis/connection.py", line 1428, in get_connection
    if connection.can_read() and self.cache is None:
       ^^^^^^^^^^^^^^^^^^^^^
  File "/workspace/frappe-bench/env/lib/python3.11/site-packages/redis/connection.py", line 570, in can_read
    return self._parser.can_read(timeout)
           ^^^^^^^^^^^^^^^^^^^^^^^^^^^^^^
  File "/workspace/frappe-bench/env/lib/python3.11/site-packages/redis/_parsers/hiredis.py", line 79, in can_read
    return self.read_from_socket(timeout=timeout, raise_on_timeout=False)
           ^^^^^^^^^^^^^^^^^^^^^^^^^^^^^^^^^^^^^^^^^^^^^^^^^^^^^^^^^^^^^^
  File "/workspace/frappe-bench/env/lib/python3.11/site-packages/redis/_parsers/hiredis.py", line 90, in read_from_socket
    raise ConnectionError(SERVER_CLOSED_CONNECTION_ERROR)
redis.exceptions.ConnectionError: Connection closed by server.

During handling of the above exception, another exception occurred:

Traceback (most recent call last):
  File "/workspace/frappe-bench/env/lib/python3.11/site-packages/redis/connection.py", line 357, in connect
    sock = self.retry.call_with_retry(
           ^^^^^^^^^^^^^^^^^^^^^^^^^^^
  File "/workspace/frappe-bench/env/lib/python3.11/site-packages/redis/retry.py", line 62, in call_with_retry
    return do()
           ^^^^
  File "/workspace/frappe-bench/env/lib/python3.11/site-packages/redis/connection.py", line 358, in <lambda>
    lambda: self._connect(), lambda error: self.disconnect(error)
            ^^^^^^^^^^^^^^^
  File "/workspace/frappe-bench/env/lib/python3.11/site-packages/redis/connection.py", line 698, in _connect
    for res in socket.getaddrinfo(
               ^^^^^^^^^^^^^^^^^^^
  File "/home/frappe/.pyenv/versions/3.11.6/lib/python3.11/socket.py", line 962, in getaddrinfo
    for res in _socket.getaddrinfo(host, port, family, type, proto, flags):
               ^^^^^^^^^^^^^^^^^^^^^^^^^^^^^^^^^^^^^^^^^^^^^^^^^^^^^^^^^^^
socket.gaierror: [Errno -2] Name or service not known

During handling of the above exception, another exception occurred:

Traceback (most recent call last):
  File "/workspace/frappe-bench/env/lib/python3.11/site-packages/rq/worker.py", line 1450, in perform_job
    job.heartbeat(utcnow(), job.failure_callback_timeout)
  File "/workspace/frappe-bench/env/lib/python3.11/site-packages/rq/job.py", line 722, in heartbeat
    connection.hset(self.key, 'last_heartbeat', utcformat(self.last_heartbeat))
  File "/workspace/frappe-bench/env/lib/python3.11/site-packages/redis/commands/core.py", line 5045, in hset
    return self.execute_command("HSET", name, *pieces)
           ^^^^^^^^^^^^^^^^^^^^^^^^^^^^^^^^^^^^^^^^^^^
  File "/workspace/frappe-bench/env/lib/python3.11/site-packages/redis/client.py", line 559, in execute_command
    return self._execute_command(*args, **options)
           ^^^^^^^^^^^^^^^^^^^^^^^^^^^^^^^^^^^^^^^
  File "/workspace/frappe-bench/env/lib/python3.11/site-packages/redis/client.py", line 565, in _execute_command
    conn = self.connection or pool.get_connection(command_name, **options)
                              ^^^^^^^^^^^^^^^^^^^^^^^^^^^^^^^^^^^^^^^^^^^^
  File "/workspace/frappe-bench/env/lib/python3.11/site-packages/redis/connection.py", line 1432, in get_connection
    connection.connect()
  File "/workspace/frappe-bench/env/lib/python3.11/site-packages/redis/connection.py", line 363, in connect
    raise ConnectionError(self._error_message(e))
redis.exceptions.ConnectionError: Error -2 connecting to redis-queue:6379. Name or service not known.

/workspace/frappe-bench/env/lib/python3.11/site-packages/rq/connections.py:72: DeprecationWarning: The `pop_connection` function is deprecated. Pass the `connection` explicitly instead.
  warnings.warn(
2025-02-05 10:00:04,443 Worker rq:worker:26443e8a9a3f4328ad046aad1fe26459: found an unhandled exception, quitting...
Traceback (most recent call last):
  File "/workspace/frappe-bench/env/lib/python3.11/site-packages/redis/connection.py", line 1428, in get_connection
    if connection.can_read() and self.cache is None:
       ^^^^^^^^^^^^^^^^^^^^^
  File "/workspace/frappe-bench/env/lib/python3.11/site-packages/redis/connection.py", line 570, in can_read
    return self._parser.can_read(timeout)
           ^^^^^^^^^^^^^^^^^^^^^^^^^^^^^^
  File "/workspace/frappe-bench/env/lib/python3.11/site-packages/redis/_parsers/hiredis.py", line 79, in can_read
    return self.read_from_socket(timeout=timeout, raise_on_timeout=False)
           ^^^^^^^^^^^^^^^^^^^^^^^^^^^^^^^^^^^^^^^^^^^^^^^^^^^^^^^^^^^^^^
  File "/workspace/frappe-bench/env/lib/python3.11/site-packages/redis/_parsers/hiredis.py", line 90, in read_from_socket
    raise ConnectionError(SERVER_CLOSED_CONNECTION_ERROR)
redis.exceptions.ConnectionError: Connection closed by server.

During handling of the above exception, another exception occurred:

Traceback (most recent call last):
  File "/workspace/frappe-bench/env/lib/python3.11/site-packages/redis/connection.py", line 357, in connect
    sock = self.retry.call_with_retry(
           ^^^^^^^^^^^^^^^^^^^^^^^^^^^
  File "/workspace/frappe-bench/env/lib/python3.11/site-packages/redis/retry.py", line 62, in call_with_retry
    return do()
           ^^^^
  File "/workspace/frappe-bench/env/lib/python3.11/site-packages/redis/connection.py", line 358, in <lambda>
    lambda: self._connect(), lambda error: self.disconnect(error)
            ^^^^^^^^^^^^^^^
  File "/workspace/frappe-bench/env/lib/python3.11/site-packages/redis/connection.py", line 698, in _connect
    for res in socket.getaddrinfo(
               ^^^^^^^^^^^^^^^^^^^
  File "/home/frappe/.pyenv/versions/3.11.6/lib/python3.11/socket.py", line 962, in getaddrinfo
    for res in _socket.getaddrinfo(host, port, family, type, proto, flags):
               ^^^^^^^^^^^^^^^^^^^^^^^^^^^^^^^^^^^^^^^^^^^^^^^^^^^^^^^^^^^
socket.gaierror: [Errno -2] Name or service not known

During handling of the above exception, another exception occurred:

Traceback (most recent call last):
  File "/workspace/frappe-bench/env/lib/python3.11/site-packages/rq/worker.py", line 434, in work
    self.execute_job(job, queue)
  File "/workspace/frappe-bench/env/lib/python3.11/site-packages/rq/worker.py", line 1275, in execute_job
    self.monitor_work_horse(job, queue)
  File "/workspace/frappe-bench/env/lib/python3.11/site-packages/rq/worker.py", line 1240, in monitor_work_horse
    self.set_current_job_working_time(0)
  File "/workspace/frappe-bench/env/lib/python3.11/site-packages/rq/worker.py", line 889, in set_current_job_working_time
    connection.hset(self.key, 'current_job_working_time', current_job_working_time)
  File "/workspace/frappe-bench/env/lib/python3.11/site-packages/redis/commands/core.py", line 5045, in hset
    return self.execute_command("HSET", name, *pieces)
           ^^^^^^^^^^^^^^^^^^^^^^^^^^^^^^^^^^^^^^^^^^^
  File "/workspace/frappe-bench/env/lib/python3.11/site-packages/redis/client.py", line 559, in execute_command
    return self._execute_command(*args, **options)
           ^^^^^^^^^^^^^^^^^^^^^^^^^^^^^^^^^^^^^^^
  File "/workspace/frappe-bench/env/lib/python3.11/site-packages/redis/client.py", line 565, in _execute_command
    conn = self.connection or pool.get_connection(command_name, **options)
                              ^^^^^^^^^^^^^^^^^^^^^^^^^^^^^^^^^^^^^^^^^^^^
  File "/workspace/frappe-bench/env/lib/python3.11/site-packages/redis/connection.py", line 1432, in get_connection
    connection.connect()
  File "/workspace/frappe-bench/env/lib/python3.11/site-packages/redis/connection.py", line 363, in connect
    raise ConnectionError(self._error_message(e))
redis.exceptions.ConnectionError: Error -2 connecting to redis-queue:6379. Name or service not known.
StartedJobRegistry cleanup: Moving job to FailedJobRegistry (due to AbandonedJobError)
/workspace/frappe-bench/env/lib/python3.11/site-packages/rq/connections.py:58: DeprecationWarning: The `push_connection` function is deprecated. Pass the `connection` explicitly instead.
  warnings.warn(
2025-02-05 10:02:07,567 [Job dev.localhost::scheduled_job::crc77skg1t]: exception raised while executing (frappe.utils.background_jobs.execute_job)
Traceback (most recent call last):
  File "/workspace/frappe-bench/env/lib/python3.11/site-packages/rq/worker.py", line 1430, in perform_job
    rv = job.perform()
         ^^^^^^^^^^^^^
  File "/workspace/frappe-bench/env/lib/python3.11/site-packages/rq/job.py", line 1280, in perform
    self._result = self._execute()
                   ^^^^^^^^^^^^^^^
  File "/workspace/frappe-bench/env/lib/python3.11/site-packages/rq/job.py", line 1317, in _execute
    result = self.func(*self.args, **self.kwargs)
             ^^^^^^^^^^^^^^^^^^^^^^^^^^^^^^^^^^^^
  File "/workspace/frappe-bench/apps/frappe/frappe/utils/background_jobs.py", line 276, in execute_job
    frappe.db.commit()
  File "/workspace/frappe-bench/apps/frappe/frappe/database/database.py", line 1148, in commit
    self.sql("commit")
  File "/workspace/frappe-bench/apps/frappe/frappe/database/database.py", line 215, in sql
    self.connect()
  File "/workspace/frappe-bench/apps/frappe/frappe/database/database.py", line 120, in connect
    self._conn: MariadbConnection | PostgresConnection = self.get_connection()
                                                         ^^^^^^^^^^^^^^^^^^^^^
  File "/workspace/frappe-bench/apps/frappe/frappe/database/mariadb/database.py", line 107, in get_connection
    conn = self._get_connection()
           ^^^^^^^^^^^^^^^^^^^^^^
  File "/workspace/frappe-bench/apps/frappe/frappe/database/mariadb/database.py", line 113, in _get_connection
    return self.create_connection()
           ^^^^^^^^^^^^^^^^^^^^^^^^
  File "/workspace/frappe-bench/apps/frappe/frappe/database/mariadb/database.py", line 116, in create_connection
    return pymysql.connect(**self.get_connection_settings())
           ^^^^^^^^^^^^^^^^^^^^^^^^^^^^^^^^^^^^^^^^^^^^^^^^^
  File "/workspace/frappe-bench/env/lib/python3.11/site-packages/pymysql/connections.py", line 361, in __init__
    self.connect()
  File "/workspace/frappe-bench/env/lib/python3.11/site-packages/pymysql/connections.py", line 669, in connect
    self._request_authentication()
  File "/workspace/frappe-bench/env/lib/python3.11/site-packages/pymysql/connections.py", line 957, in _request_authentication
    auth_packet = self._read_packet()
                  ^^^^^^^^^^^^^^^^^^^
  File "/workspace/frappe-bench/env/lib/python3.11/site-packages/pymysql/connections.py", line 775, in _read_packet
    packet.raise_for_error()
  File "/workspace/frappe-bench/env/lib/python3.11/site-packages/pymysql/protocol.py", line 219, in raise_for_error
    err.raise_mysql_exception(self._data)
  File "/workspace/frappe-bench/env/lib/python3.11/site-packages/pymysql/err.py", line 150, in raise_mysql_exception
    raise errorclass(errno, errval)
pymysql.err.OperationalError: (1045, "Access denied for user '_2546c6ad1467e757'@'172.18.0.3' (using password: YES)")

/workspace/frappe-bench/env/lib/python3.11/site-packages/rq/connections.py:72: DeprecationWarning: The `pop_connection` function is deprecated. Pass the `connection` explicitly instead.
  warnings.warn(
/workspace/frappe-bench/env/lib/python3.11/site-packages/rq/connections.py:58: DeprecationWarning: The `push_connection` function is deprecated. Pass the `connection` explicitly instead.
  warnings.warn(
2025-02-05 10:02:07,653 [Job dev.localhost::scheduled_job::crcssvtvho]: exception raised while executing (frappe.utils.background_jobs.execute_job)
Traceback (most recent call last):
  File "/workspace/frappe-bench/env/lib/python3.11/site-packages/rq/worker.py", line 1430, in perform_job
    rv = job.perform()
         ^^^^^^^^^^^^^
  File "/workspace/frappe-bench/env/lib/python3.11/site-packages/rq/job.py", line 1280, in perform
    self._result = self._execute()
                   ^^^^^^^^^^^^^^^
  File "/workspace/frappe-bench/env/lib/python3.11/site-packages/rq/job.py", line 1317, in _execute
    result = self.func(*self.args, **self.kwargs)
             ^^^^^^^^^^^^^^^^^^^^^^^^^^^^^^^^^^^^
  File "/workspace/frappe-bench/apps/frappe/frappe/utils/background_jobs.py", line 276, in execute_job
    frappe.db.commit()
  File "/workspace/frappe-bench/apps/frappe/frappe/database/database.py", line 1148, in commit
    self.sql("commit")
  File "/workspace/frappe-bench/apps/frappe/frappe/database/database.py", line 215, in sql
    self.connect()
  File "/workspace/frappe-bench/apps/frappe/frappe/database/database.py", line 120, in connect
    self._conn: MariadbConnection | PostgresConnection = self.get_connection()
                                                         ^^^^^^^^^^^^^^^^^^^^^
  File "/workspace/frappe-bench/apps/frappe/frappe/database/mariadb/database.py", line 107, in get_connection
    conn = self._get_connection()
           ^^^^^^^^^^^^^^^^^^^^^^
  File "/workspace/frappe-bench/apps/frappe/frappe/database/mariadb/database.py", line 113, in _get_connection
    return self.create_connection()
           ^^^^^^^^^^^^^^^^^^^^^^^^
  File "/workspace/frappe-bench/apps/frappe/frappe/database/mariadb/database.py", line 116, in create_connection
    return pymysql.connect(**self.get_connection_settings())
           ^^^^^^^^^^^^^^^^^^^^^^^^^^^^^^^^^^^^^^^^^^^^^^^^^
  File "/workspace/frappe-bench/env/lib/python3.11/site-packages/pymysql/connections.py", line 361, in __init__
    self.connect()
  File "/workspace/frappe-bench/env/lib/python3.11/site-packages/pymysql/connections.py", line 669, in connect
    self._request_authentication()
  File "/workspace/frappe-bench/env/lib/python3.11/site-packages/pymysql/connections.py", line 957, in _request_authentication
    auth_packet = self._read_packet()
                  ^^^^^^^^^^^^^^^^^^^
  File "/workspace/frappe-bench/env/lib/python3.11/site-packages/pymysql/connections.py", line 775, in _read_packet
    packet.raise_for_error()
  File "/workspace/frappe-bench/env/lib/python3.11/site-packages/pymysql/protocol.py", line 219, in raise_for_error
    err.raise_mysql_exception(self._data)
  File "/workspace/frappe-bench/env/lib/python3.11/site-packages/pymysql/err.py", line 150, in raise_mysql_exception
    raise errorclass(errno, errval)
pymysql.err.OperationalError: (1045, "Access denied for user '_2546c6ad1467e757'@'172.18.0.3' (using password: YES)")

/workspace/frappe-bench/env/lib/python3.11/site-packages/rq/connections.py:72: DeprecationWarning: The `pop_connection` function is deprecated. Pass the `connection` explicitly instead.
  warnings.warn(
/workspace/frappe-bench/env/lib/python3.11/site-packages/rq/connections.py:58: DeprecationWarning: The `push_connection` function is deprecated. Pass the `connection` explicitly instead.
  warnings.warn(
2025-02-05 10:02:07,739 [Job dev.localhost::scheduled_job::crcbt5i0u7]: exception raised while executing (frappe.utils.background_jobs.execute_job)
Traceback (most recent call last):
  File "/workspace/frappe-bench/env/lib/python3.11/site-packages/rq/worker.py", line 1430, in perform_job
    rv = job.perform()
         ^^^^^^^^^^^^^
  File "/workspace/frappe-bench/env/lib/python3.11/site-packages/rq/job.py", line 1280, in perform
    self._result = self._execute()
                   ^^^^^^^^^^^^^^^
  File "/workspace/frappe-bench/env/lib/python3.11/site-packages/rq/job.py", line 1317, in _execute
    result = self.func(*self.args, **self.kwargs)
             ^^^^^^^^^^^^^^^^^^^^^^^^^^^^^^^^^^^^
  File "/workspace/frappe-bench/apps/frappe/frappe/utils/background_jobs.py", line 276, in execute_job
    frappe.db.commit()
  File "/workspace/frappe-bench/apps/frappe/frappe/database/database.py", line 1148, in commit
    self.sql("commit")
  File "/workspace/frappe-bench/apps/frappe/frappe/database/database.py", line 215, in sql
    self.connect()
  File "/workspace/frappe-bench/apps/frappe/frappe/database/database.py", line 120, in connect
    self._conn: MariadbConnection | PostgresConnection = self.get_connection()
                                                         ^^^^^^^^^^^^^^^^^^^^^
  File "/workspace/frappe-bench/apps/frappe/frappe/database/mariadb/database.py", line 107, in get_connection
    conn = self._get_connection()
           ^^^^^^^^^^^^^^^^^^^^^^
  File "/workspace/frappe-bench/apps/frappe/frappe/database/mariadb/database.py", line 113, in _get_connection
    return self.create_connection()
           ^^^^^^^^^^^^^^^^^^^^^^^^
  File "/workspace/frappe-bench/apps/frappe/frappe/database/mariadb/database.py", line 116, in create_connection
    return pymysql.connect(**self.get_connection_settings())
           ^^^^^^^^^^^^^^^^^^^^^^^^^^^^^^^^^^^^^^^^^^^^^^^^^
  File "/workspace/frappe-bench/env/lib/python3.11/site-packages/pymysql/connections.py", line 361, in __init__
    self.connect()
  File "/workspace/frappe-bench/env/lib/python3.11/site-packages/pymysql/connections.py", line 669, in connect
    self._request_authentication()
  File "/workspace/frappe-bench/env/lib/python3.11/site-packages/pymysql/connections.py", line 957, in _request_authentication
    auth_packet = self._read_packet()
                  ^^^^^^^^^^^^^^^^^^^
  File "/workspace/frappe-bench/env/lib/python3.11/site-packages/pymysql/connections.py", line 775, in _read_packet
    packet.raise_for_error()
  File "/workspace/frappe-bench/env/lib/python3.11/site-packages/pymysql/protocol.py", line 219, in raise_for_error
    err.raise_mysql_exception(self._data)
  File "/workspace/frappe-bench/env/lib/python3.11/site-packages/pymysql/err.py", line 150, in raise_mysql_exception
    raise errorclass(errno, errval)
pymysql.err.OperationalError: (1045, "Access denied for user '_2546c6ad1467e757'@'172.18.0.3' (using password: YES)")

/workspace/frappe-bench/env/lib/python3.11/site-packages/rq/connections.py:72: DeprecationWarning: The `pop_connection` function is deprecated. Pass the `connection` explicitly instead.
  warnings.warn(
/workspace/frappe-bench/env/lib/python3.11/site-packages/rq/connections.py:58: DeprecationWarning: The `push_connection` function is deprecated. Pass the `connection` explicitly instead.
  warnings.warn(
/workspace/frappe-bench/env/lib/python3.11/site-packages/passlib/utils/__init__.py:854: DeprecationWarning: 'crypt' is deprecated and slated for removal in Python 3.13
  from crypt import crypt as _crypt
/workspace/frappe-bench/env/lib/python3.11/site-packages/rq/connections.py:72: DeprecationWarning: The `pop_connection` function is deprecated. Pass the `connection` explicitly instead.
  warnings.warn(
/workspace/frappe-bench/env/lib/python3.11/site-packages/rq/connections.py:58: DeprecationWarning: The `push_connection` function is deprecated. Pass the `connection` explicitly instead.
  warnings.warn(
/workspace/frappe-bench/env/lib/python3.11/site-packages/passlib/utils/__init__.py:854: DeprecationWarning: 'crypt' is deprecated and slated for removal in Python 3.13
  from crypt import crypt as _crypt
/workspace/frappe-bench/env/lib/python3.11/site-packages/pypdf/_crypt_providers/_cryptography.py:32: CryptographyDeprecationWarning: ARC4 has been moved to cryptography.hazmat.decrepit.ciphers.algorithms.ARC4 and will be removed from this module in 48.0.0.
  from cryptography.hazmat.primitives.ciphers.algorithms import AES, ARC4
/workspace/frappe-bench/env/lib/python3.11/site-packages/rq/connections.py:72: DeprecationWarning: The `pop_connection` function is deprecated. Pass the `connection` explicitly instead.
  warnings.warn(
/workspace/frappe-bench/env/lib/python3.11/site-packages/rq/connections.py:58: DeprecationWarning: The `push_connection` function is deprecated. Pass the `connection` explicitly instead.
  warnings.warn(
/workspace/frappe-bench/env/lib/python3.11/site-packages/passlib/utils/__init__.py:854: DeprecationWarning: 'crypt' is deprecated and slated for removal in Python 3.13
  from crypt import crypt as _crypt
/workspace/frappe-bench/env/lib/python3.11/site-packages/rq/connections.py:72: DeprecationWarning: The `pop_connection` function is deprecated. Pass the `connection` explicitly instead.
  warnings.warn(
/workspace/frappe-bench/env/lib/python3.11/site-packages/rq/connections.py:58: DeprecationWarning: The `push_connection` function is deprecated. Pass the `connection` explicitly instead.
  warnings.warn(
/workspace/frappe-bench/env/lib/python3.11/site-packages/passlib/utils/__init__.py:854: DeprecationWarning: 'crypt' is deprecated and slated for removal in Python 3.13
  from crypt import crypt as _crypt
/workspace/frappe-bench/env/lib/python3.11/site-packages/rq/connections.py:72: DeprecationWarning: The `pop_connection` function is deprecated. Pass the `connection` explicitly instead.
  warnings.warn(
/workspace/frappe-bench/env/lib/python3.11/site-packages/rq/connections.py:58: DeprecationWarning: The `push_connection` function is deprecated. Pass the `connection` explicitly instead.
  warnings.warn(
/workspace/frappe-bench/env/lib/python3.11/site-packages/passlib/utils/__init__.py:854: DeprecationWarning: 'crypt' is deprecated and slated for removal in Python 3.13
  from crypt import crypt as _crypt
/workspace/frappe-bench/env/lib/python3.11/site-packages/rq/connections.py:72: DeprecationWarning: The `pop_connection` function is deprecated. Pass the `connection` explicitly instead.
  warnings.warn(
/workspace/frappe-bench/env/lib/python3.11/site-packages/rq/connections.py:58: DeprecationWarning: The `push_connection` function is deprecated. Pass the `connection` explicitly instead.
  warnings.warn(
/workspace/frappe-bench/env/lib/python3.11/site-packages/passlib/utils/__init__.py:854: DeprecationWarning: 'crypt' is deprecated and slated for removal in Python 3.13
  from crypt import crypt as _crypt
/workspace/frappe-bench/env/lib/python3.11/site-packages/rq/connections.py:72: DeprecationWarning: The `pop_connection` function is deprecated. Pass the `connection` explicitly instead.
  warnings.warn(
/workspace/frappe-bench/env/lib/python3.11/site-packages/rq/connections.py:58: DeprecationWarning: The `push_connection` function is deprecated. Pass the `connection` explicitly instead.
  warnings.warn(
/workspace/frappe-bench/env/lib/python3.11/site-packages/passlib/utils/__init__.py:854: DeprecationWarning: 'crypt' is deprecated and slated for removal in Python 3.13
  from crypt import crypt as _crypt
/workspace/frappe-bench/env/lib/python3.11/site-packages/rq/connections.py:72: DeprecationWarning: The `pop_connection` function is deprecated. Pass the `connection` explicitly instead.
  warnings.warn(
/workspace/frappe-bench/env/lib/python3.11/site-packages/rq/connections.py:58: DeprecationWarning: The `push_connection` function is deprecated. Pass the `connection` explicitly instead.
  warnings.warn(
/workspace/frappe-bench/env/lib/python3.11/site-packages/passlib/utils/__init__.py:854: DeprecationWarning: 'crypt' is deprecated and slated for removal in Python 3.13
  from crypt import crypt as _crypt
/workspace/frappe-bench/env/lib/python3.11/site-packages/rq/connections.py:72: DeprecationWarning: The `pop_connection` function is deprecated. Pass the `connection` explicitly instead.
  warnings.warn(
/workspace/frappe-bench/env/lib/python3.11/site-packages/rq/connections.py:58: DeprecationWarning: The `push_connection` function is deprecated. Pass the `connection` explicitly instead.
  warnings.warn(
/workspace/frappe-bench/env/lib/python3.11/site-packages/passlib/utils/__init__.py:854: DeprecationWarning: 'crypt' is deprecated and slated for removal in Python 3.13
  from crypt import crypt as _crypt
/workspace/frappe-bench/env/lib/python3.11/site-packages/rq/connections.py:72: DeprecationWarning: The `pop_connection` function is deprecated. Pass the `connection` explicitly instead.
  warnings.warn(
/workspace/frappe-bench/env/lib/python3.11/site-packages/rq/connections.py:58: DeprecationWarning: The `push_connection` function is deprecated. Pass the `connection` explicitly instead.
  warnings.warn(
/workspace/frappe-bench/env/lib/python3.11/site-packages/passlib/utils/__init__.py:854: DeprecationWarning: 'crypt' is deprecated and slated for removal in Python 3.13
  from crypt import crypt as _crypt
/workspace/frappe-bench/env/lib/python3.11/site-packages/rq/connections.py:72: DeprecationWarning: The `pop_connection` function is deprecated. Pass the `connection` explicitly instead.
  warnings.warn(
/workspace/frappe-bench/env/lib/python3.11/site-packages/rq/connections.py:58: DeprecationWarning: The `push_connection` function is deprecated. Pass the `connection` explicitly instead.
  warnings.warn(
/workspace/frappe-bench/env/lib/python3.11/site-packages/passlib/utils/__init__.py:854: DeprecationWarning: 'crypt' is deprecated and slated for removal in Python 3.13
  from crypt import crypt as _crypt
/workspace/frappe-bench/env/lib/python3.11/site-packages/rq/connections.py:72: DeprecationWarning: The `pop_connection` function is deprecated. Pass the `connection` explicitly instead.
  warnings.warn(
/workspace/frappe-bench/env/lib/python3.11/site-packages/rq/connections.py:58: DeprecationWarning: The `push_connection` function is deprecated. Pass the `connection` explicitly instead.
  warnings.warn(
/workspace/frappe-bench/env/lib/python3.11/site-packages/passlib/utils/__init__.py:854: DeprecationWarning: 'crypt' is deprecated and slated for removal in Python 3.13
  from crypt import crypt as _crypt
/workspace/frappe-bench/env/lib/python3.11/site-packages/rq/connections.py:72: DeprecationWarning: The `pop_connection` function is deprecated. Pass the `connection` explicitly instead.
  warnings.warn(
/workspace/frappe-bench/env/lib/python3.11/site-packages/rq/connections.py:58: DeprecationWarning: The `push_connection` function is deprecated. Pass the `connection` explicitly instead.
  warnings.warn(
/workspace/frappe-bench/env/lib/python3.11/site-packages/passlib/utils/__init__.py:854: DeprecationWarning: 'crypt' is deprecated and slated for removal in Python 3.13
  from crypt import crypt as _crypt
/workspace/frappe-bench/env/lib/python3.11/site-packages/rq/connections.py:72: DeprecationWarning: The `pop_connection` function is deprecated. Pass the `connection` explicitly instead.
  warnings.warn(
/workspace/frappe-bench/env/lib/python3.11/site-packages/rq/connections.py:58: DeprecationWarning: The `push_connection` function is deprecated. Pass the `connection` explicitly instead.
  warnings.warn(
/workspace/frappe-bench/env/lib/python3.11/site-packages/passlib/utils/__init__.py:854: DeprecationWarning: 'crypt' is deprecated and slated for removal in Python 3.13
  from crypt import crypt as _crypt
/workspace/frappe-bench/env/lib/python3.11/site-packages/rq/connections.py:72: DeprecationWarning: The `pop_connection` function is deprecated. Pass the `connection` explicitly instead.
  warnings.warn(
/workspace/frappe-bench/env/lib/python3.11/site-packages/rq/connections.py:58: DeprecationWarning: The `push_connection` function is deprecated. Pass the `connection` explicitly instead.
  warnings.warn(
/workspace/frappe-bench/env/lib/python3.11/site-packages/passlib/utils/__init__.py:854: DeprecationWarning: 'crypt' is deprecated and slated for removal in Python 3.13
  from crypt import crypt as _crypt
/workspace/frappe-bench/env/lib/python3.11/site-packages/rq/connections.py:72: DeprecationWarning: The `pop_connection` function is deprecated. Pass the `connection` explicitly instead.
  warnings.warn(
/workspace/frappe-bench/env/lib/python3.11/site-packages/rq/connections.py:58: DeprecationWarning: The `push_connection` function is deprecated. Pass the `connection` explicitly instead.
  warnings.warn(
/workspace/frappe-bench/env/lib/python3.11/site-packages/passlib/utils/__init__.py:854: DeprecationWarning: 'crypt' is deprecated and slated for removal in Python 3.13
  from crypt import crypt as _crypt
/workspace/frappe-bench/env/lib/python3.11/site-packages/rq/connections.py:72: DeprecationWarning: The `pop_connection` function is deprecated. Pass the `connection` explicitly instead.
  warnings.warn(
/workspace/frappe-bench/env/lib/python3.11/site-packages/rq/connections.py:58: DeprecationWarning: The `push_connection` function is deprecated. Pass the `connection` explicitly instead.
  warnings.warn(
/workspace/frappe-bench/env/lib/python3.11/site-packages/passlib/utils/__init__.py:854: DeprecationWarning: 'crypt' is deprecated and slated for removal in Python 3.13
  from crypt import crypt as _crypt
/workspace/frappe-bench/env/lib/python3.11/site-packages/rq/connections.py:72: DeprecationWarning: The `pop_connection` function is deprecated. Pass the `connection` explicitly instead.
  warnings.warn(
/workspace/frappe-bench/env/lib/python3.11/site-packages/rq/connections.py:58: DeprecationWarning: The `push_connection` function is deprecated. Pass the `connection` explicitly instead.
  warnings.warn(
/workspace/frappe-bench/env/lib/python3.11/site-packages/passlib/utils/__init__.py:854: DeprecationWarning: 'crypt' is deprecated and slated for removal in Python 3.13
  from crypt import crypt as _crypt
/workspace/frappe-bench/env/lib/python3.11/site-packages/rq/connections.py:72: DeprecationWarning: The `pop_connection` function is deprecated. Pass the `connection` explicitly instead.
  warnings.warn(
/workspace/frappe-bench/env/lib/python3.11/site-packages/rq/connections.py:58: DeprecationWarning: The `push_connection` function is deprecated. Pass the `connection` explicitly instead.
  warnings.warn(
/workspace/frappe-bench/env/lib/python3.11/site-packages/passlib/utils/__init__.py:854: DeprecationWarning: 'crypt' is deprecated and slated for removal in Python 3.13
  from crypt import crypt as _crypt
/workspace/frappe-bench/env/lib/python3.11/site-packages/rq/connections.py:72: DeprecationWarning: The `pop_connection` function is deprecated. Pass the `connection` explicitly instead.
  warnings.warn(
/workspace/frappe-bench/env/lib/python3.11/site-packages/rq/connections.py:58: DeprecationWarning: The `push_connection` function is deprecated. Pass the `connection` explicitly instead.
  warnings.warn(
/workspace/frappe-bench/env/lib/python3.11/site-packages/passlib/utils/__init__.py:854: DeprecationWarning: 'crypt' is deprecated and slated for removal in Python 3.13
  from crypt import crypt as _crypt
/workspace/frappe-bench/env/lib/python3.11/site-packages/rq/connections.py:72: DeprecationWarning: The `pop_connection` function is deprecated. Pass the `connection` explicitly instead.
  warnings.warn(
/workspace/frappe-bench/env/lib/python3.11/site-packages/rq/connections.py:58: DeprecationWarning: The `push_connection` function is deprecated. Pass the `connection` explicitly instead.
  warnings.warn(
/workspace/frappe-bench/env/lib/python3.11/site-packages/passlib/utils/__init__.py:854: DeprecationWarning: 'crypt' is deprecated and slated for removal in Python 3.13
  from crypt import crypt as _crypt
/workspace/frappe-bench/env/lib/python3.11/site-packages/rq/connections.py:72: DeprecationWarning: The `pop_connection` function is deprecated. Pass the `connection` explicitly instead.
  warnings.warn(
/workspace/frappe-bench/env/lib/python3.11/site-packages/rq/connections.py:58: DeprecationWarning: The `push_connection` function is deprecated. Pass the `connection` explicitly instead.
  warnings.warn(
/workspace/frappe-bench/env/lib/python3.11/site-packages/passlib/utils/__init__.py:854: DeprecationWarning: 'crypt' is deprecated and slated for removal in Python 3.13
  from crypt import crypt as _crypt
/workspace/frappe-bench/env/lib/python3.11/site-packages/rq/connections.py:72: DeprecationWarning: The `pop_connection` function is deprecated. Pass the `connection` explicitly instead.
  warnings.warn(
/workspace/frappe-bench/env/lib/python3.11/site-packages/rq/connections.py:58: DeprecationWarning: The `push_connection` function is deprecated. Pass the `connection` explicitly instead.
  warnings.warn(
/workspace/frappe-bench/env/lib/python3.11/site-packages/passlib/utils/__init__.py:854: DeprecationWarning: 'crypt' is deprecated and slated for removal in Python 3.13
  from crypt import crypt as _crypt
/workspace/frappe-bench/env/lib/python3.11/site-packages/rq/connections.py:72: DeprecationWarning: The `pop_connection` function is deprecated. Pass the `connection` explicitly instead.
  warnings.warn(
/workspace/frappe-bench/env/lib/python3.11/site-packages/rq/connections.py:58: DeprecationWarning: The `push_connection` function is deprecated. Pass the `connection` explicitly instead.
  warnings.warn(
/workspace/frappe-bench/env/lib/python3.11/site-packages/passlib/utils/__init__.py:854: DeprecationWarning: 'crypt' is deprecated and slated for removal in Python 3.13
  from crypt import crypt as _crypt
/workspace/frappe-bench/env/lib/python3.11/site-packages/rq/connections.py:72: DeprecationWarning: The `pop_connection` function is deprecated. Pass the `connection` explicitly instead.
  warnings.warn(
/workspace/frappe-bench/env/lib/python3.11/site-packages/rq/connections.py:58: DeprecationWarning: The `push_connection` function is deprecated. Pass the `connection` explicitly instead.
  warnings.warn(
/workspace/frappe-bench/env/lib/python3.11/site-packages/passlib/utils/__init__.py:854: DeprecationWarning: 'crypt' is deprecated and slated for removal in Python 3.13
  from crypt import crypt as _crypt
/workspace/frappe-bench/env/lib/python3.11/site-packages/rq/connections.py:72: DeprecationWarning: The `pop_connection` function is deprecated. Pass the `connection` explicitly instead.
  warnings.warn(
/workspace/frappe-bench/env/lib/python3.11/site-packages/rq/connections.py:58: DeprecationWarning: The `push_connection` function is deprecated. Pass the `connection` explicitly instead.
  warnings.warn(
/workspace/frappe-bench/env/lib/python3.11/site-packages/passlib/utils/__init__.py:854: DeprecationWarning: 'crypt' is deprecated and slated for removal in Python 3.13
  from crypt import crypt as _crypt
/workspace/frappe-bench/env/lib/python3.11/site-packages/rq/connections.py:72: DeprecationWarning: The `pop_connection` function is deprecated. Pass the `connection` explicitly instead.
  warnings.warn(
/workspace/frappe-bench/env/lib/python3.11/site-packages/rq/connections.py:58: DeprecationWarning: The `push_connection` function is deprecated. Pass the `connection` explicitly instead.
  warnings.warn(
/workspace/frappe-bench/env/lib/python3.11/site-packages/passlib/utils/__init__.py:854: DeprecationWarning: 'crypt' is deprecated and slated for removal in Python 3.13
  from crypt import crypt as _crypt
/workspace/frappe-bench/env/lib/python3.11/site-packages/rq/connections.py:72: DeprecationWarning: The `pop_connection` function is deprecated. Pass the `connection` explicitly instead.
  warnings.warn(
/workspace/frappe-bench/env/lib/python3.11/site-packages/rq/connections.py:58: DeprecationWarning: The `push_connection` function is deprecated. Pass the `connection` explicitly instead.
  warnings.warn(
/workspace/frappe-bench/env/lib/python3.11/site-packages/passlib/utils/__init__.py:854: DeprecationWarning: 'crypt' is deprecated and slated for removal in Python 3.13
  from crypt import crypt as _crypt
/workspace/frappe-bench/env/lib/python3.11/site-packages/rq/connections.py:72: DeprecationWarning: The `pop_connection` function is deprecated. Pass the `connection` explicitly instead.
  warnings.warn(
/workspace/frappe-bench/env/lib/python3.11/site-packages/rq/connections.py:58: DeprecationWarning: The `push_connection` function is deprecated. Pass the `connection` explicitly instead.
  warnings.warn(
/workspace/frappe-bench/env/lib/python3.11/site-packages/passlib/utils/__init__.py:854: DeprecationWarning: 'crypt' is deprecated and slated for removal in Python 3.13
  from crypt import crypt as _crypt
/workspace/frappe-bench/env/lib/python3.11/site-packages/rq/connections.py:72: DeprecationWarning: The `pop_connection` function is deprecated. Pass the `connection` explicitly instead.
  warnings.warn(
/workspace/frappe-bench/env/lib/python3.11/site-packages/rq/connections.py:58: DeprecationWarning: The `push_connection` function is deprecated. Pass the `connection` explicitly instead.
  warnings.warn(
/workspace/frappe-bench/env/lib/python3.11/site-packages/passlib/utils/__init__.py:854: DeprecationWarning: 'crypt' is deprecated and slated for removal in Python 3.13
  from crypt import crypt as _crypt
/workspace/frappe-bench/env/lib/python3.11/site-packages/rq/connections.py:72: DeprecationWarning: The `pop_connection` function is deprecated. Pass the `connection` explicitly instead.
  warnings.warn(
/workspace/frappe-bench/env/lib/python3.11/site-packages/rq/connections.py:58: DeprecationWarning: The `push_connection` function is deprecated. Pass the `connection` explicitly instead.
  warnings.warn(
/workspace/frappe-bench/env/lib/python3.11/site-packages/passlib/utils/__init__.py:854: DeprecationWarning: 'crypt' is deprecated and slated for removal in Python 3.13
  from crypt import crypt as _crypt
/workspace/frappe-bench/env/lib/python3.11/site-packages/rq/connections.py:72: DeprecationWarning: The `pop_connection` function is deprecated. Pass the `connection` explicitly instead.
  warnings.warn(
/workspace/frappe-bench/env/lib/python3.11/site-packages/rq/connections.py:58: DeprecationWarning: The `push_connection` function is deprecated. Pass the `connection` explicitly instead.
  warnings.warn(
/workspace/frappe-bench/env/lib/python3.11/site-packages/passlib/utils/__init__.py:854: DeprecationWarning: 'crypt' is deprecated and slated for removal in Python 3.13
  from crypt import crypt as _crypt
/workspace/frappe-bench/env/lib/python3.11/site-packages/rq/connections.py:72: DeprecationWarning: The `pop_connection` function is deprecated. Pass the `connection` explicitly instead.
  warnings.warn(
/workspace/frappe-bench/env/lib/python3.11/site-packages/rq/connections.py:58: DeprecationWarning: The `push_connection` function is deprecated. Pass the `connection` explicitly instead.
  warnings.warn(
/workspace/frappe-bench/env/lib/python3.11/site-packages/passlib/utils/__init__.py:854: DeprecationWarning: 'crypt' is deprecated and slated for removal in Python 3.13
  from crypt import crypt as _crypt
/workspace/frappe-bench/env/lib/python3.11/site-packages/rq/connections.py:72: DeprecationWarning: The `pop_connection` function is deprecated. Pass the `connection` explicitly instead.
  warnings.warn(
/workspace/frappe-bench/env/lib/python3.11/site-packages/rq/connections.py:58: DeprecationWarning: The `push_connection` function is deprecated. Pass the `connection` explicitly instead.
  warnings.warn(
/workspace/frappe-bench/env/lib/python3.11/site-packages/passlib/utils/__init__.py:854: DeprecationWarning: 'crypt' is deprecated and slated for removal in Python 3.13
  from crypt import crypt as _crypt
/workspace/frappe-bench/env/lib/python3.11/site-packages/rq/connections.py:72: DeprecationWarning: The `pop_connection` function is deprecated. Pass the `connection` explicitly instead.
  warnings.warn(
/workspace/frappe-bench/env/lib/python3.11/site-packages/rq/connections.py:58: DeprecationWarning: The `push_connection` function is deprecated. Pass the `connection` explicitly instead.
  warnings.warn(
/workspace/frappe-bench/env/lib/python3.11/site-packages/passlib/utils/__init__.py:854: DeprecationWarning: 'crypt' is deprecated and slated for removal in Python 3.13
  from crypt import crypt as _crypt
/workspace/frappe-bench/env/lib/python3.11/site-packages/rq/connections.py:72: DeprecationWarning: The `pop_connection` function is deprecated. Pass the `connection` explicitly instead.
  warnings.warn(
/workspace/frappe-bench/env/lib/python3.11/site-packages/rq/connections.py:58: DeprecationWarning: The `push_connection` function is deprecated. Pass the `connection` explicitly instead.
  warnings.warn(
/workspace/frappe-bench/env/lib/python3.11/site-packages/passlib/utils/__init__.py:854: DeprecationWarning: 'crypt' is deprecated and slated for removal in Python 3.13
  from crypt import crypt as _crypt
/workspace/frappe-bench/env/lib/python3.11/site-packages/rq/connections.py:72: DeprecationWarning: The `pop_connection` function is deprecated. Pass the `connection` explicitly instead.
  warnings.warn(
/workspace/frappe-bench/env/lib/python3.11/site-packages/rq/connections.py:58: DeprecationWarning: The `push_connection` function is deprecated. Pass the `connection` explicitly instead.
  warnings.warn(
/workspace/frappe-bench/env/lib/python3.11/site-packages/passlib/utils/__init__.py:854: DeprecationWarning: 'crypt' is deprecated and slated for removal in Python 3.13
  from crypt import crypt as _crypt
/workspace/frappe-bench/env/lib/python3.11/site-packages/rq/connections.py:72: DeprecationWarning: The `pop_connection` function is deprecated. Pass the `connection` explicitly instead.
  warnings.warn(
/workspace/frappe-bench/env/lib/python3.11/site-packages/rq/connections.py:58: DeprecationWarning: The `push_connection` function is deprecated. Pass the `connection` explicitly instead.
  warnings.warn(
/workspace/frappe-bench/env/lib/python3.11/site-packages/passlib/utils/__init__.py:854: DeprecationWarning: 'crypt' is deprecated and slated for removal in Python 3.13
  from crypt import crypt as _crypt
/workspace/frappe-bench/env/lib/python3.11/site-packages/rq/connections.py:72: DeprecationWarning: The `pop_connection` function is deprecated. Pass the `connection` explicitly instead.
  warnings.warn(
/workspace/frappe-bench/env/lib/python3.11/site-packages/rq/connections.py:58: DeprecationWarning: The `push_connection` function is deprecated. Pass the `connection` explicitly instead.
  warnings.warn(
/workspace/frappe-bench/env/lib/python3.11/site-packages/passlib/utils/__init__.py:854: DeprecationWarning: 'crypt' is deprecated and slated for removal in Python 3.13
  from crypt import crypt as _crypt
/workspace/frappe-bench/env/lib/python3.11/site-packages/rq/connections.py:72: DeprecationWarning: The `pop_connection` function is deprecated. Pass the `connection` explicitly instead.
  warnings.warn(
/workspace/frappe-bench/env/lib/python3.11/site-packages/rq/connections.py:58: DeprecationWarning: The `push_connection` function is deprecated. Pass the `connection` explicitly instead.
  warnings.warn(
/workspace/frappe-bench/env/lib/python3.11/site-packages/passlib/utils/__init__.py:854: DeprecationWarning: 'crypt' is deprecated and slated for removal in Python 3.13
  from crypt import crypt as _crypt
/workspace/frappe-bench/env/lib/python3.11/site-packages/rq/connections.py:72: DeprecationWarning: The `pop_connection` function is deprecated. Pass the `connection` explicitly instead.
  warnings.warn(
/workspace/frappe-bench/env/lib/python3.11/site-packages/rq/connections.py:58: DeprecationWarning: The `push_connection` function is deprecated. Pass the `connection` explicitly instead.
  warnings.warn(
/workspace/frappe-bench/env/lib/python3.11/site-packages/passlib/utils/__init__.py:854: DeprecationWarning: 'crypt' is deprecated and slated for removal in Python 3.13
  from crypt import crypt as _crypt
/workspace/frappe-bench/env/lib/python3.11/site-packages/rq/connections.py:72: DeprecationWarning: The `pop_connection` function is deprecated. Pass the `connection` explicitly instead.
  warnings.warn(
/workspace/frappe-bench/env/lib/python3.11/site-packages/rq/connections.py:58: DeprecationWarning: The `push_connection` function is deprecated. Pass the `connection` explicitly instead.
  warnings.warn(
/workspace/frappe-bench/env/lib/python3.11/site-packages/passlib/utils/__init__.py:854: DeprecationWarning: 'crypt' is deprecated and slated for removal in Python 3.13
  from crypt import crypt as _crypt
/workspace/frappe-bench/env/lib/python3.11/site-packages/rq/connections.py:72: DeprecationWarning: The `pop_connection` function is deprecated. Pass the `connection` explicitly instead.
  warnings.warn(
/workspace/frappe-bench/env/lib/python3.11/site-packages/rq/connections.py:58: DeprecationWarning: The `push_connection` function is deprecated. Pass the `connection` explicitly instead.
  warnings.warn(
/workspace/frappe-bench/env/lib/python3.11/site-packages/passlib/utils/__init__.py:854: DeprecationWarning: 'crypt' is deprecated and slated for removal in Python 3.13
  from crypt import crypt as _crypt
/workspace/frappe-bench/env/lib/python3.11/site-packages/rq/connections.py:72: DeprecationWarning: The `pop_connection` function is deprecated. Pass the `connection` explicitly instead.
  warnings.warn(
/workspace/frappe-bench/env/lib/python3.11/site-packages/rq/connections.py:58: DeprecationWarning: The `push_connection` function is deprecated. Pass the `connection` explicitly instead.
  warnings.warn(
/workspace/frappe-bench/env/lib/python3.11/site-packages/passlib/utils/__init__.py:854: DeprecationWarning: 'crypt' is deprecated and slated for removal in Python 3.13
  from crypt import crypt as _crypt
/workspace/frappe-bench/env/lib/python3.11/site-packages/rq/connections.py:72: DeprecationWarning: The `pop_connection` function is deprecated. Pass the `connection` explicitly instead.
  warnings.warn(
/workspace/frappe-bench/env/lib/python3.11/site-packages/rq/connections.py:58: DeprecationWarning: The `push_connection` function is deprecated. Pass the `connection` explicitly instead.
  warnings.warn(
/workspace/frappe-bench/env/lib/python3.11/site-packages/passlib/utils/__init__.py:854: DeprecationWarning: 'crypt' is deprecated and slated for removal in Python 3.13
  from crypt import crypt as _crypt
/workspace/frappe-bench/env/lib/python3.11/site-packages/rq/connections.py:72: DeprecationWarning: The `pop_connection` function is deprecated. Pass the `connection` explicitly instead.
  warnings.warn(
/workspace/frappe-bench/env/lib/python3.11/site-packages/rq/connections.py:58: DeprecationWarning: The `push_connection` function is deprecated. Pass the `connection` explicitly instead.
  warnings.warn(
/workspace/frappe-bench/env/lib/python3.11/site-packages/passlib/utils/__init__.py:854: DeprecationWarning: 'crypt' is deprecated and slated for removal in Python 3.13
  from crypt import crypt as _crypt
/workspace/frappe-bench/env/lib/python3.11/site-packages/rq/connections.py:72: DeprecationWarning: The `pop_connection` function is deprecated. Pass the `connection` explicitly instead.
  warnings.warn(
/workspace/frappe-bench/env/lib/python3.11/site-packages/rq/connections.py:58: DeprecationWarning: The `push_connection` function is deprecated. Pass the `connection` explicitly instead.
  warnings.warn(
/workspace/frappe-bench/env/lib/python3.11/site-packages/passlib/utils/__init__.py:854: DeprecationWarning: 'crypt' is deprecated and slated for removal in Python 3.13
  from crypt import crypt as _crypt
/workspace/frappe-bench/env/lib/python3.11/site-packages/rq/connections.py:72: DeprecationWarning: The `pop_connection` function is deprecated. Pass the `connection` explicitly instead.
  warnings.warn(
/workspace/frappe-bench/env/lib/python3.11/site-packages/rq/connections.py:58: DeprecationWarning: The `push_connection` function is deprecated. Pass the `connection` explicitly instead.
  warnings.warn(
/workspace/frappe-bench/env/lib/python3.11/site-packages/passlib/utils/__init__.py:854: DeprecationWarning: 'crypt' is deprecated and slated for removal in Python 3.13
  from crypt import crypt as _crypt
/workspace/frappe-bench/env/lib/python3.11/site-packages/rq/connections.py:72: DeprecationWarning: The `pop_connection` function is deprecated. Pass the `connection` explicitly instead.
  warnings.warn(
/workspace/frappe-bench/env/lib/python3.11/site-packages/rq/connections.py:58: DeprecationWarning: The `push_connection` function is deprecated. Pass the `connection` explicitly instead.
  warnings.warn(
/workspace/frappe-bench/env/lib/python3.11/site-packages/passlib/utils/__init__.py:854: DeprecationWarning: 'crypt' is deprecated and slated for removal in Python 3.13
  from crypt import crypt as _crypt
/workspace/frappe-bench/env/lib/python3.11/site-packages/rq/connections.py:72: DeprecationWarning: The `pop_connection` function is deprecated. Pass the `connection` explicitly instead.
  warnings.warn(
/workspace/frappe-bench/env/lib/python3.11/site-packages/rq/connections.py:58: DeprecationWarning: The `push_connection` function is deprecated. Pass the `connection` explicitly instead.
  warnings.warn(
/workspace/frappe-bench/env/lib/python3.11/site-packages/passlib/utils/__init__.py:854: DeprecationWarning: 'crypt' is deprecated and slated for removal in Python 3.13
  from crypt import crypt as _crypt
/workspace/frappe-bench/env/lib/python3.11/site-packages/rq/connections.py:72: DeprecationWarning: The `pop_connection` function is deprecated. Pass the `connection` explicitly instead.
  warnings.warn(
/workspace/frappe-bench/env/lib/python3.11/site-packages/rq/connections.py:58: DeprecationWarning: The `push_connection` function is deprecated. Pass the `connection` explicitly instead.
  warnings.warn(
/workspace/frappe-bench/env/lib/python3.11/site-packages/passlib/utils/__init__.py:854: DeprecationWarning: 'crypt' is deprecated and slated for removal in Python 3.13
  from crypt import crypt as _crypt
/workspace/frappe-bench/env/lib/python3.11/site-packages/rq/connections.py:72: DeprecationWarning: The `pop_connection` function is deprecated. Pass the `connection` explicitly instead.
  warnings.warn(
/workspace/frappe-bench/env/lib/python3.11/site-packages/rq/connections.py:58: DeprecationWarning: The `push_connection` function is deprecated. Pass the `connection` explicitly instead.
  warnings.warn(
/workspace/frappe-bench/env/lib/python3.11/site-packages/passlib/utils/__init__.py:854: DeprecationWarning: 'crypt' is deprecated and slated for removal in Python 3.13
  from crypt import crypt as _crypt
/workspace/frappe-bench/env/lib/python3.11/site-packages/rq/connections.py:72: DeprecationWarning: The `pop_connection` function is deprecated. Pass the `connection` explicitly instead.
  warnings.warn(
/workspace/frappe-bench/env/lib/python3.11/site-packages/rq/connections.py:58: DeprecationWarning: The `push_connection` function is deprecated. Pass the `connection` explicitly instead.
  warnings.warn(
/workspace/frappe-bench/env/lib/python3.11/site-packages/passlib/utils/__init__.py:854: DeprecationWarning: 'crypt' is deprecated and slated for removal in Python 3.13
  from crypt import crypt as _crypt
/workspace/frappe-bench/env/lib/python3.11/site-packages/rq/connections.py:72: DeprecationWarning: The `pop_connection` function is deprecated. Pass the `connection` explicitly instead.
  warnings.warn(
/workspace/frappe-bench/env/lib/python3.11/site-packages/rq/connections.py:58: DeprecationWarning: The `push_connection` function is deprecated. Pass the `connection` explicitly instead.
  warnings.warn(
/workspace/frappe-bench/env/lib/python3.11/site-packages/passlib/utils/__init__.py:854: DeprecationWarning: 'crypt' is deprecated and slated for removal in Python 3.13
  from crypt import crypt as _crypt
/workspace/frappe-bench/env/lib/python3.11/site-packages/rq/connections.py:72: DeprecationWarning: The `pop_connection` function is deprecated. Pass the `connection` explicitly instead.
  warnings.warn(
/workspace/frappe-bench/env/lib/python3.11/site-packages/rq/connections.py:58: DeprecationWarning: The `push_connection` function is deprecated. Pass the `connection` explicitly instead.
  warnings.warn(
/workspace/frappe-bench/env/lib/python3.11/site-packages/passlib/utils/__init__.py:854: DeprecationWarning: 'crypt' is deprecated and slated for removal in Python 3.13
  from crypt import crypt as _crypt
/workspace/frappe-bench/env/lib/python3.11/site-packages/rq/connections.py:72: DeprecationWarning: The `pop_connection` function is deprecated. Pass the `connection` explicitly instead.
  warnings.warn(
/workspace/frappe-bench/env/lib/python3.11/site-packages/rq/connections.py:58: DeprecationWarning: The `push_connection` function is deprecated. Pass the `connection` explicitly instead.
  warnings.warn(
/workspace/frappe-bench/env/lib/python3.11/site-packages/passlib/utils/__init__.py:854: DeprecationWarning: 'crypt' is deprecated and slated for removal in Python 3.13
  from crypt import crypt as _crypt
/workspace/frappe-bench/env/lib/python3.11/site-packages/rq/connections.py:72: DeprecationWarning: The `pop_connection` function is deprecated. Pass the `connection` explicitly instead.
  warnings.warn(
/workspace/frappe-bench/env/lib/python3.11/site-packages/rq/connections.py:58: DeprecationWarning: The `push_connection` function is deprecated. Pass the `connection` explicitly instead.
  warnings.warn(
/workspace/frappe-bench/env/lib/python3.11/site-packages/passlib/utils/__init__.py:854: DeprecationWarning: 'crypt' is deprecated and slated for removal in Python 3.13
  from crypt import crypt as _crypt
/workspace/frappe-bench/env/lib/python3.11/site-packages/rq/connections.py:72: DeprecationWarning: The `pop_connection` function is deprecated. Pass the `connection` explicitly instead.
  warnings.warn(
/workspace/frappe-bench/env/lib/python3.11/site-packages/rq/connections.py:58: DeprecationWarning: The `push_connection` function is deprecated. Pass the `connection` explicitly instead.
  warnings.warn(
/workspace/frappe-bench/env/lib/python3.11/site-packages/passlib/utils/__init__.py:854: DeprecationWarning: 'crypt' is deprecated and slated for removal in Python 3.13
  from crypt import crypt as _crypt
/workspace/frappe-bench/env/lib/python3.11/site-packages/rq/connections.py:72: DeprecationWarning: The `pop_connection` function is deprecated. Pass the `connection` explicitly instead.
  warnings.warn(
/workspace/frappe-bench/env/lib/python3.11/site-packages/rq/connections.py:58: DeprecationWarning: The `push_connection` function is deprecated. Pass the `connection` explicitly instead.
  warnings.warn(
/workspace/frappe-bench/env/lib/python3.11/site-packages/passlib/utils/__init__.py:854: DeprecationWarning: 'crypt' is deprecated and slated for removal in Python 3.13
  from crypt import crypt as _crypt
/workspace/frappe-bench/env/lib/python3.11/site-packages/rq/connections.py:72: DeprecationWarning: The `pop_connection` function is deprecated. Pass the `connection` explicitly instead.
  warnings.warn(
/workspace/frappe-bench/env/lib/python3.11/site-packages/rq/connections.py:58: DeprecationWarning: The `push_connection` function is deprecated. Pass the `connection` explicitly instead.
  warnings.warn(
/workspace/frappe-bench/env/lib/python3.11/site-packages/passlib/utils/__init__.py:854: DeprecationWarning: 'crypt' is deprecated and slated for removal in Python 3.13
  from crypt import crypt as _crypt
/workspace/frappe-bench/env/lib/python3.11/site-packages/rq/connections.py:72: DeprecationWarning: The `pop_connection` function is deprecated. Pass the `connection` explicitly instead.
  warnings.warn(
/workspace/frappe-bench/env/lib/python3.11/site-packages/rq/connections.py:58: DeprecationWarning: The `push_connection` function is deprecated. Pass the `connection` explicitly instead.
  warnings.warn(
/workspace/frappe-bench/env/lib/python3.11/site-packages/passlib/utils/__init__.py:854: DeprecationWarning: 'crypt' is deprecated and slated for removal in Python 3.13
  from crypt import crypt as _crypt
/workspace/frappe-bench/env/lib/python3.11/site-packages/rq/connections.py:72: DeprecationWarning: The `pop_connection` function is deprecated. Pass the `connection` explicitly instead.
  warnings.warn(
/workspace/frappe-bench/env/lib/python3.11/site-packages/rq/connections.py:58: DeprecationWarning: The `push_connection` function is deprecated. Pass the `connection` explicitly instead.
  warnings.warn(
/workspace/frappe-bench/env/lib/python3.11/site-packages/passlib/utils/__init__.py:854: DeprecationWarning: 'crypt' is deprecated and slated for removal in Python 3.13
  from crypt import crypt as _crypt
/workspace/frappe-bench/env/lib/python3.11/site-packages/rq/connections.py:72: DeprecationWarning: The `pop_connection` function is deprecated. Pass the `connection` explicitly instead.
  warnings.warn(
/workspace/frappe-bench/env/lib/python3.11/site-packages/rq/connections.py:58: DeprecationWarning: The `push_connection` function is deprecated. Pass the `connection` explicitly instead.
  warnings.warn(
/workspace/frappe-bench/env/lib/python3.11/site-packages/passlib/utils/__init__.py:854: DeprecationWarning: 'crypt' is deprecated and slated for removal in Python 3.13
  from crypt import crypt as _crypt
/workspace/frappe-bench/env/lib/python3.11/site-packages/rq/connections.py:72: DeprecationWarning: The `pop_connection` function is deprecated. Pass the `connection` explicitly instead.
  warnings.warn(
/workspace/frappe-bench/env/lib/python3.11/site-packages/rq/connections.py:58: DeprecationWarning: The `push_connection` function is deprecated. Pass the `connection` explicitly instead.
  warnings.warn(
/workspace/frappe-bench/env/lib/python3.11/site-packages/passlib/utils/__init__.py:854: DeprecationWarning: 'crypt' is deprecated and slated for removal in Python 3.13
  from crypt import crypt as _crypt
/workspace/frappe-bench/env/lib/python3.11/site-packages/rq/connections.py:72: DeprecationWarning: The `pop_connection` function is deprecated. Pass the `connection` explicitly instead.
  warnings.warn(
/workspace/frappe-bench/env/lib/python3.11/site-packages/rq/connections.py:58: DeprecationWarning: The `push_connection` function is deprecated. Pass the `connection` explicitly instead.
  warnings.warn(
/workspace/frappe-bench/env/lib/python3.11/site-packages/passlib/utils/__init__.py:854: DeprecationWarning: 'crypt' is deprecated and slated for removal in Python 3.13
  from crypt import crypt as _crypt
2025-02-05 10:17:05,382 [Job dev.localhost::20de7a28-a556-4f7f-90d6-47f98af6f7e8]: exception raised while executing (frappe.utils.background_jobs.execute_job)
Traceback (most recent call last):
  File "/workspace/frappe-bench/apps/frappe/frappe/database/database.py", line 238, in sql
    self._cursor.execute(query, values)
  File "/workspace/frappe-bench/env/lib/python3.11/site-packages/pymysql/cursors.py", line 153, in execute
    result = self._query(query)
             ^^^^^^^^^^^^^^^^^^
  File "/workspace/frappe-bench/env/lib/python3.11/site-packages/pymysql/cursors.py", line 322, in _query
    conn.query(q)
  File "/workspace/frappe-bench/env/lib/python3.11/site-packages/pymysql/connections.py", line 563, in query
    self._affected_rows = self._read_query_result(unbuffered=unbuffered)
                          ^^^^^^^^^^^^^^^^^^^^^^^^^^^^^^^^^^^^^^^^^^^^^^
  File "/workspace/frappe-bench/env/lib/python3.11/site-packages/pymysql/connections.py", line 825, in _read_query_result
    result.read()
  File "/workspace/frappe-bench/env/lib/python3.11/site-packages/pymysql/connections.py", line 1199, in read
    first_packet = self.connection._read_packet()
                   ^^^^^^^^^^^^^^^^^^^^^^^^^^^^^^
  File "/workspace/frappe-bench/env/lib/python3.11/site-packages/pymysql/connections.py", line 775, in _read_packet
    packet.raise_for_error()
  File "/workspace/frappe-bench/env/lib/python3.11/site-packages/pymysql/protocol.py", line 219, in raise_for_error
    err.raise_mysql_exception(self._data)
  File "/workspace/frappe-bench/env/lib/python3.11/site-packages/pymysql/err.py", line 150, in raise_mysql_exception
    raise errorclass(errno, errval)
pymysql.err.OperationalError: (1213, 'Deadlock found when trying to get lock; try restarting transaction')

The above exception was the direct cause of the following exception:

Traceback (most recent call last):
  File "/workspace/frappe-bench/env/lib/python3.11/site-packages/rq/worker.py", line 1430, in perform_job
    rv = job.perform()
         ^^^^^^^^^^^^^
  File "/workspace/frappe-bench/env/lib/python3.11/site-packages/rq/job.py", line 1280, in perform
    self._result = self._execute()
                   ^^^^^^^^^^^^^^^
  File "/workspace/frappe-bench/env/lib/python3.11/site-packages/rq/job.py", line 1317, in _execute
    result = self.func(*self.args, **self.kwargs)
             ^^^^^^^^^^^^^^^^^^^^^^^^^^^^^^^^^^^^
  File "/workspace/frappe-bench/apps/frappe/frappe/utils/background_jobs.py", line 244, in execute_job
    retval = method(**kwargs)
             ^^^^^^^^^^^^^^^^
  File "/workspace/frappe-bench/apps/frappe/frappe/model/delete_doc.py", line 387, in delete_dynamic_links
    delete_references("Email Unsubscribe", doctype, name)
  File "/workspace/frappe-bench/apps/frappe/frappe/model/delete_doc.py", line 410, in delete_references
    frappe.db.delete(
  File "/workspace/frappe-bench/apps/frappe/frappe/database/database.py", line 1381, in delete
    return query.run(**kwargs)
           ^^^^^^^^^^^^^^^^^^^
  File "/workspace/frappe-bench/apps/frappe/frappe/query_builder/utils.py", line 84, in execute_query
    result = frappe.db.sql(query, params, *args, **kwargs)  # nosemgrep
             ^^^^^^^^^^^^^^^^^^^^^^^^^^^^^^^^^^^^^^^^^^^^^
  File "/workspace/frappe-bench/apps/frappe/frappe/database/database.py", line 244, in sql
    raise frappe.QueryDeadlockError(e) from e
frappe.exceptions.QueryDeadlockError: (1213, 'Deadlock found when trying to get lock; try restarting transaction')

/workspace/frappe-bench/env/lib/python3.11/site-packages/rq/connections.py:72: DeprecationWarning: The `pop_connection` function is deprecated. Pass the `connection` explicitly instead.
  warnings.warn(
/workspace/frappe-bench/env/lib/python3.11/site-packages/rq/connections.py:58: DeprecationWarning: The `push_connection` function is deprecated. Pass the `connection` explicitly instead.
  warnings.warn(
/workspace/frappe-bench/env/lib/python3.11/site-packages/passlib/utils/__init__.py:854: DeprecationWarning: 'crypt' is deprecated and slated for removal in Python 3.13
  from crypt import crypt as _crypt
/workspace/frappe-bench/env/lib/python3.11/site-packages/rq/connections.py:72: DeprecationWarning: The `pop_connection` function is deprecated. Pass the `connection` explicitly instead.
  warnings.warn(
/workspace/frappe-bench/env/lib/python3.11/site-packages/rq/connections.py:58: DeprecationWarning: The `push_connection` function is deprecated. Pass the `connection` explicitly instead.
  warnings.warn(
/workspace/frappe-bench/env/lib/python3.11/site-packages/passlib/utils/__init__.py:854: DeprecationWarning: 'crypt' is deprecated and slated for removal in Python 3.13
  from crypt import crypt as _crypt
/workspace/frappe-bench/env/lib/python3.11/site-packages/rq/connections.py:72: DeprecationWarning: The `pop_connection` function is deprecated. Pass the `connection` explicitly instead.
  warnings.warn(
/workspace/frappe-bench/env/lib/python3.11/site-packages/rq/connections.py:58: DeprecationWarning: The `push_connection` function is deprecated. Pass the `connection` explicitly instead.
  warnings.warn(
/workspace/frappe-bench/env/lib/python3.11/site-packages/passlib/utils/__init__.py:854: DeprecationWarning: 'crypt' is deprecated and slated for removal in Python 3.13
  from crypt import crypt as _crypt
/workspace/frappe-bench/env/lib/python3.11/site-packages/rq/connections.py:72: DeprecationWarning: The `pop_connection` function is deprecated. Pass the `connection` explicitly instead.
  warnings.warn(
/workspace/frappe-bench/env/lib/python3.11/site-packages/rq/connections.py:58: DeprecationWarning: The `push_connection` function is deprecated. Pass the `connection` explicitly instead.
  warnings.warn(
/workspace/frappe-bench/env/lib/python3.11/site-packages/passlib/utils/__init__.py:854: DeprecationWarning: 'crypt' is deprecated and slated for removal in Python 3.13
  from crypt import crypt as _crypt
/workspace/frappe-bench/env/lib/python3.11/site-packages/rq/connections.py:72: DeprecationWarning: The `pop_connection` function is deprecated. Pass the `connection` explicitly instead.
  warnings.warn(
/workspace/frappe-bench/env/lib/python3.11/site-packages/rq/connections.py:58: DeprecationWarning: The `push_connection` function is deprecated. Pass the `connection` explicitly instead.
  warnings.warn(
/workspace/frappe-bench/env/lib/python3.11/site-packages/passlib/utils/__init__.py:854: DeprecationWarning: 'crypt' is deprecated and slated for removal in Python 3.13
  from crypt import crypt as _crypt
/workspace/frappe-bench/env/lib/python3.11/site-packages/rq/connections.py:72: DeprecationWarning: The `pop_connection` function is deprecated. Pass the `connection` explicitly instead.
  warnings.warn(
/workspace/frappe-bench/env/lib/python3.11/site-packages/rq/connections.py:58: DeprecationWarning: The `push_connection` function is deprecated. Pass the `connection` explicitly instead.
  warnings.warn(
/workspace/frappe-bench/env/lib/python3.11/site-packages/passlib/utils/__init__.py:854: DeprecationWarning: 'crypt' is deprecated and slated for removal in Python 3.13
  from crypt import crypt as _crypt
/workspace/frappe-bench/env/lib/python3.11/site-packages/rq/connections.py:72: DeprecationWarning: The `pop_connection` function is deprecated. Pass the `connection` explicitly instead.
  warnings.warn(
/workspace/frappe-bench/env/lib/python3.11/site-packages/rq/connections.py:58: DeprecationWarning: The `push_connection` function is deprecated. Pass the `connection` explicitly instead.
  warnings.warn(
/workspace/frappe-bench/env/lib/python3.11/site-packages/passlib/utils/__init__.py:854: DeprecationWarning: 'crypt' is deprecated and slated for removal in Python 3.13
  from crypt import crypt as _crypt
/workspace/frappe-bench/env/lib/python3.11/site-packages/rq/connections.py:72: DeprecationWarning: The `pop_connection` function is deprecated. Pass the `connection` explicitly instead.
  warnings.warn(
/workspace/frappe-bench/env/lib/python3.11/site-packages/rq/connections.py:58: DeprecationWarning: The `push_connection` function is deprecated. Pass the `connection` explicitly instead.
  warnings.warn(
/workspace/frappe-bench/env/lib/python3.11/site-packages/passlib/utils/__init__.py:854: DeprecationWarning: 'crypt' is deprecated and slated for removal in Python 3.13
  from crypt import crypt as _crypt
/workspace/frappe-bench/env/lib/python3.11/site-packages/rq/connections.py:72: DeprecationWarning: The `pop_connection` function is deprecated. Pass the `connection` explicitly instead.
  warnings.warn(
/workspace/frappe-bench/env/lib/python3.11/site-packages/rq/connections.py:58: DeprecationWarning: The `push_connection` function is deprecated. Pass the `connection` explicitly instead.
  warnings.warn(
/workspace/frappe-bench/env/lib/python3.11/site-packages/passlib/utils/__init__.py:854: DeprecationWarning: 'crypt' is deprecated and slated for removal in Python 3.13
  from crypt import crypt as _crypt
/workspace/frappe-bench/env/lib/python3.11/site-packages/rq/connections.py:72: DeprecationWarning: The `pop_connection` function is deprecated. Pass the `connection` explicitly instead.
  warnings.warn(
/workspace/frappe-bench/env/lib/python3.11/site-packages/rq/connections.py:58: DeprecationWarning: The `push_connection` function is deprecated. Pass the `connection` explicitly instead.
  warnings.warn(
/workspace/frappe-bench/env/lib/python3.11/site-packages/passlib/utils/__init__.py:854: DeprecationWarning: 'crypt' is deprecated and slated for removal in Python 3.13
  from crypt import crypt as _crypt
/workspace/frappe-bench/env/lib/python3.11/site-packages/rq/connections.py:72: DeprecationWarning: The `pop_connection` function is deprecated. Pass the `connection` explicitly instead.
  warnings.warn(
/workspace/frappe-bench/env/lib/python3.11/site-packages/rq/connections.py:58: DeprecationWarning: The `push_connection` function is deprecated. Pass the `connection` explicitly instead.
  warnings.warn(
/workspace/frappe-bench/env/lib/python3.11/site-packages/passlib/utils/__init__.py:854: DeprecationWarning: 'crypt' is deprecated and slated for removal in Python 3.13
  from crypt import crypt as _crypt
/workspace/frappe-bench/env/lib/python3.11/site-packages/rq/connections.py:72: DeprecationWarning: The `pop_connection` function is deprecated. Pass the `connection` explicitly instead.
  warnings.warn(
/workspace/frappe-bench/env/lib/python3.11/site-packages/rq/connections.py:58: DeprecationWarning: The `push_connection` function is deprecated. Pass the `connection` explicitly instead.
  warnings.warn(
/workspace/frappe-bench/env/lib/python3.11/site-packages/passlib/utils/__init__.py:854: DeprecationWarning: 'crypt' is deprecated and slated for removal in Python 3.13
  from crypt import crypt as _crypt
/workspace/frappe-bench/env/lib/python3.11/site-packages/rq/connections.py:72: DeprecationWarning: The `pop_connection` function is deprecated. Pass the `connection` explicitly instead.
  warnings.warn(
/workspace/frappe-bench/env/lib/python3.11/site-packages/rq/connections.py:58: DeprecationWarning: The `push_connection` function is deprecated. Pass the `connection` explicitly instead.
  warnings.warn(
/workspace/frappe-bench/env/lib/python3.11/site-packages/passlib/utils/__init__.py:854: DeprecationWarning: 'crypt' is deprecated and slated for removal in Python 3.13
  from crypt import crypt as _crypt
/workspace/frappe-bench/env/lib/python3.11/site-packages/rq/connections.py:72: DeprecationWarning: The `pop_connection` function is deprecated. Pass the `connection` explicitly instead.
  warnings.warn(
/workspace/frappe-bench/env/lib/python3.11/site-packages/rq/connections.py:58: DeprecationWarning: The `push_connection` function is deprecated. Pass the `connection` explicitly instead.
  warnings.warn(
/workspace/frappe-bench/env/lib/python3.11/site-packages/passlib/utils/__init__.py:854: DeprecationWarning: 'crypt' is deprecated and slated for removal in Python 3.13
  from crypt import crypt as _crypt
/workspace/frappe-bench/env/lib/python3.11/site-packages/rq/connections.py:72: DeprecationWarning: The `pop_connection` function is deprecated. Pass the `connection` explicitly instead.
  warnings.warn(
/workspace/frappe-bench/env/lib/python3.11/site-packages/rq/connections.py:58: DeprecationWarning: The `push_connection` function is deprecated. Pass the `connection` explicitly instead.
  warnings.warn(
/workspace/frappe-bench/env/lib/python3.11/site-packages/passlib/utils/__init__.py:854: DeprecationWarning: 'crypt' is deprecated and slated for removal in Python 3.13
  from crypt import crypt as _crypt
/workspace/frappe-bench/env/lib/python3.11/site-packages/rq/connections.py:72: DeprecationWarning: The `pop_connection` function is deprecated. Pass the `connection` explicitly instead.
  warnings.warn(
/workspace/frappe-bench/env/lib/python3.11/site-packages/rq/connections.py:58: DeprecationWarning: The `push_connection` function is deprecated. Pass the `connection` explicitly instead.
  warnings.warn(
/workspace/frappe-bench/env/lib/python3.11/site-packages/passlib/utils/__init__.py:854: DeprecationWarning: 'crypt' is deprecated and slated for removal in Python 3.13
  from crypt import crypt as _crypt
/workspace/frappe-bench/env/lib/python3.11/site-packages/rq/connections.py:72: DeprecationWarning: The `pop_connection` function is deprecated. Pass the `connection` explicitly instead.
  warnings.warn(
/workspace/frappe-bench/env/lib/python3.11/site-packages/rq/connections.py:58: DeprecationWarning: The `push_connection` function is deprecated. Pass the `connection` explicitly instead.
  warnings.warn(
/workspace/frappe-bench/env/lib/python3.11/site-packages/passlib/utils/__init__.py:854: DeprecationWarning: 'crypt' is deprecated and slated for removal in Python 3.13
  from crypt import crypt as _crypt
/workspace/frappe-bench/env/lib/python3.11/site-packages/rq/connections.py:72: DeprecationWarning: The `pop_connection` function is deprecated. Pass the `connection` explicitly instead.
  warnings.warn(
/workspace/frappe-bench/env/lib/python3.11/site-packages/rq/connections.py:58: DeprecationWarning: The `push_connection` function is deprecated. Pass the `connection` explicitly instead.
  warnings.warn(
/workspace/frappe-bench/env/lib/python3.11/site-packages/passlib/utils/__init__.py:854: DeprecationWarning: 'crypt' is deprecated and slated for removal in Python 3.13
  from crypt import crypt as _crypt
/workspace/frappe-bench/env/lib/python3.11/site-packages/rq/connections.py:72: DeprecationWarning: The `pop_connection` function is deprecated. Pass the `connection` explicitly instead.
  warnings.warn(
/workspace/frappe-bench/env/lib/python3.11/site-packages/rq/connections.py:58: DeprecationWarning: The `push_connection` function is deprecated. Pass the `connection` explicitly instead.
  warnings.warn(
/workspace/frappe-bench/env/lib/python3.11/site-packages/passlib/utils/__init__.py:854: DeprecationWarning: 'crypt' is deprecated and slated for removal in Python 3.13
  from crypt import crypt as _crypt
/workspace/frappe-bench/env/lib/python3.11/site-packages/rq/connections.py:72: DeprecationWarning: The `pop_connection` function is deprecated. Pass the `connection` explicitly instead.
  warnings.warn(
/workspace/frappe-bench/env/lib/python3.11/site-packages/rq/connections.py:58: DeprecationWarning: The `push_connection` function is deprecated. Pass the `connection` explicitly instead.
  warnings.warn(
/workspace/frappe-bench/env/lib/python3.11/site-packages/passlib/utils/__init__.py:854: DeprecationWarning: 'crypt' is deprecated and slated for removal in Python 3.13
  from crypt import crypt as _crypt
/workspace/frappe-bench/env/lib/python3.11/site-packages/rq/connections.py:72: DeprecationWarning: The `pop_connection` function is deprecated. Pass the `connection` explicitly instead.
  warnings.warn(
/workspace/frappe-bench/env/lib/python3.11/site-packages/rq/connections.py:58: DeprecationWarning: The `push_connection` function is deprecated. Pass the `connection` explicitly instead.
  warnings.warn(
/workspace/frappe-bench/env/lib/python3.11/site-packages/passlib/utils/__init__.py:854: DeprecationWarning: 'crypt' is deprecated and slated for removal in Python 3.13
  from crypt import crypt as _crypt
/workspace/frappe-bench/env/lib/python3.11/site-packages/rq/connections.py:72: DeprecationWarning: The `pop_connection` function is deprecated. Pass the `connection` explicitly instead.
  warnings.warn(
/workspace/frappe-bench/env/lib/python3.11/site-packages/rq/connections.py:58: DeprecationWarning: The `push_connection` function is deprecated. Pass the `connection` explicitly instead.
  warnings.warn(
/workspace/frappe-bench/env/lib/python3.11/site-packages/passlib/utils/__init__.py:854: DeprecationWarning: 'crypt' is deprecated and slated for removal in Python 3.13
  from crypt import crypt as _crypt
/workspace/frappe-bench/env/lib/python3.11/site-packages/rq/connections.py:72: DeprecationWarning: The `pop_connection` function is deprecated. Pass the `connection` explicitly instead.
  warnings.warn(
/workspace/frappe-bench/env/lib/python3.11/site-packages/rq/connections.py:58: DeprecationWarning: The `push_connection` function is deprecated. Pass the `connection` explicitly instead.
  warnings.warn(
/workspace/frappe-bench/env/lib/python3.11/site-packages/passlib/utils/__init__.py:854: DeprecationWarning: 'crypt' is deprecated and slated for removal in Python 3.13
  from crypt import crypt as _crypt
/workspace/frappe-bench/env/lib/python3.11/site-packages/rq/connections.py:72: DeprecationWarning: The `pop_connection` function is deprecated. Pass the `connection` explicitly instead.
  warnings.warn(
/workspace/frappe-bench/env/lib/python3.11/site-packages/rq/connections.py:58: DeprecationWarning: The `push_connection` function is deprecated. Pass the `connection` explicitly instead.
  warnings.warn(
/workspace/frappe-bench/env/lib/python3.11/site-packages/passlib/utils/__init__.py:854: DeprecationWarning: 'crypt' is deprecated and slated for removal in Python 3.13
  from crypt import crypt as _crypt
/workspace/frappe-bench/env/lib/python3.11/site-packages/rq/connections.py:72: DeprecationWarning: The `pop_connection` function is deprecated. Pass the `connection` explicitly instead.
  warnings.warn(
/workspace/frappe-bench/env/lib/python3.11/site-packages/rq/connections.py:58: DeprecationWarning: The `push_connection` function is deprecated. Pass the `connection` explicitly instead.
  warnings.warn(
/workspace/frappe-bench/env/lib/python3.11/site-packages/passlib/utils/__init__.py:854: DeprecationWarning: 'crypt' is deprecated and slated for removal in Python 3.13
  from crypt import crypt as _crypt
/workspace/frappe-bench/env/lib/python3.11/site-packages/rq/connections.py:72: DeprecationWarning: The `pop_connection` function is deprecated. Pass the `connection` explicitly instead.
  warnings.warn(
/workspace/frappe-bench/env/lib/python3.11/site-packages/rq/connections.py:58: DeprecationWarning: The `push_connection` function is deprecated. Pass the `connection` explicitly instead.
  warnings.warn(
/workspace/frappe-bench/env/lib/python3.11/site-packages/passlib/utils/__init__.py:854: DeprecationWarning: 'crypt' is deprecated and slated for removal in Python 3.13
  from crypt import crypt as _crypt
/workspace/frappe-bench/env/lib/python3.11/site-packages/rq/connections.py:72: DeprecationWarning: The `pop_connection` function is deprecated. Pass the `connection` explicitly instead.
  warnings.warn(
/workspace/frappe-bench/env/lib/python3.11/site-packages/rq/connections.py:58: DeprecationWarning: The `push_connection` function is deprecated. Pass the `connection` explicitly instead.
  warnings.warn(
/workspace/frappe-bench/env/lib/python3.11/site-packages/passlib/utils/__init__.py:854: DeprecationWarning: 'crypt' is deprecated and slated for removal in Python 3.13
  from crypt import crypt as _crypt
/workspace/frappe-bench/env/lib/python3.11/site-packages/rq/connections.py:72: DeprecationWarning: The `pop_connection` function is deprecated. Pass the `connection` explicitly instead.
  warnings.warn(
/workspace/frappe-bench/env/lib/python3.11/site-packages/rq/connections.py:58: DeprecationWarning: The `push_connection` function is deprecated. Pass the `connection` explicitly instead.
  warnings.warn(
/workspace/frappe-bench/env/lib/python3.11/site-packages/passlib/utils/__init__.py:854: DeprecationWarning: 'crypt' is deprecated and slated for removal in Python 3.13
  from crypt import crypt as _crypt
/workspace/frappe-bench/env/lib/python3.11/site-packages/rq/connections.py:72: DeprecationWarning: The `pop_connection` function is deprecated. Pass the `connection` explicitly instead.
  warnings.warn(
/workspace/frappe-bench/env/lib/python3.11/site-packages/rq/connections.py:58: DeprecationWarning: The `push_connection` function is deprecated. Pass the `connection` explicitly instead.
  warnings.warn(
/workspace/frappe-bench/env/lib/python3.11/site-packages/passlib/utils/__init__.py:854: DeprecationWarning: 'crypt' is deprecated and slated for removal in Python 3.13
  from crypt import crypt as _crypt
/workspace/frappe-bench/env/lib/python3.11/site-packages/rq/connections.py:72: DeprecationWarning: The `pop_connection` function is deprecated. Pass the `connection` explicitly instead.
  warnings.warn(
/workspace/frappe-bench/env/lib/python3.11/site-packages/rq/connections.py:58: DeprecationWarning: The `push_connection` function is deprecated. Pass the `connection` explicitly instead.
  warnings.warn(
/workspace/frappe-bench/env/lib/python3.11/site-packages/passlib/utils/__init__.py:854: DeprecationWarning: 'crypt' is deprecated and slated for removal in Python 3.13
  from crypt import crypt as _crypt
/workspace/frappe-bench/env/lib/python3.11/site-packages/rq/connections.py:72: DeprecationWarning: The `pop_connection` function is deprecated. Pass the `connection` explicitly instead.
  warnings.warn(
/workspace/frappe-bench/env/lib/python3.11/site-packages/rq/connections.py:58: DeprecationWarning: The `push_connection` function is deprecated. Pass the `connection` explicitly instead.
  warnings.warn(
/workspace/frappe-bench/env/lib/python3.11/site-packages/passlib/utils/__init__.py:854: DeprecationWarning: 'crypt' is deprecated and slated for removal in Python 3.13
  from crypt import crypt as _crypt
/workspace/frappe-bench/env/lib/python3.11/site-packages/rq/connections.py:72: DeprecationWarning: The `pop_connection` function is deprecated. Pass the `connection` explicitly instead.
  warnings.warn(
/workspace/frappe-bench/env/lib/python3.11/site-packages/rq/connections.py:58: DeprecationWarning: The `push_connection` function is deprecated. Pass the `connection` explicitly instead.
  warnings.warn(
/workspace/frappe-bench/env/lib/python3.11/site-packages/passlib/utils/__init__.py:854: DeprecationWarning: 'crypt' is deprecated and slated for removal in Python 3.13
  from crypt import crypt as _crypt
/workspace/frappe-bench/env/lib/python3.11/site-packages/rq/connections.py:72: DeprecationWarning: The `pop_connection` function is deprecated. Pass the `connection` explicitly instead.
  warnings.warn(
/workspace/frappe-bench/env/lib/python3.11/site-packages/rq/connections.py:58: DeprecationWarning: The `push_connection` function is deprecated. Pass the `connection` explicitly instead.
  warnings.warn(
/workspace/frappe-bench/env/lib/python3.11/site-packages/passlib/utils/__init__.py:854: DeprecationWarning: 'crypt' is deprecated and slated for removal in Python 3.13
  from crypt import crypt as _crypt
/workspace/frappe-bench/env/lib/python3.11/site-packages/rq/connections.py:72: DeprecationWarning: The `pop_connection` function is deprecated. Pass the `connection` explicitly instead.
  warnings.warn(
/workspace/frappe-bench/env/lib/python3.11/site-packages/rq/connections.py:58: DeprecationWarning: The `push_connection` function is deprecated. Pass the `connection` explicitly instead.
  warnings.warn(
/workspace/frappe-bench/env/lib/python3.11/site-packages/passlib/utils/__init__.py:854: DeprecationWarning: 'crypt' is deprecated and slated for removal in Python 3.13
  from crypt import crypt as _crypt
/workspace/frappe-bench/env/lib/python3.11/site-packages/rq/connections.py:72: DeprecationWarning: The `pop_connection` function is deprecated. Pass the `connection` explicitly instead.
  warnings.warn(
/workspace/frappe-bench/env/lib/python3.11/site-packages/rq/connections.py:58: DeprecationWarning: The `push_connection` function is deprecated. Pass the `connection` explicitly instead.
  warnings.warn(
/workspace/frappe-bench/env/lib/python3.11/site-packages/passlib/utils/__init__.py:854: DeprecationWarning: 'crypt' is deprecated and slated for removal in Python 3.13
  from crypt import crypt as _crypt
/workspace/frappe-bench/env/lib/python3.11/site-packages/rq/connections.py:72: DeprecationWarning: The `pop_connection` function is deprecated. Pass the `connection` explicitly instead.
  warnings.warn(
/workspace/frappe-bench/env/lib/python3.11/site-packages/rq/connections.py:58: DeprecationWarning: The `push_connection` function is deprecated. Pass the `connection` explicitly instead.
  warnings.warn(
/workspace/frappe-bench/env/lib/python3.11/site-packages/passlib/utils/__init__.py:854: DeprecationWarning: 'crypt' is deprecated and slated for removal in Python 3.13
  from crypt import crypt as _crypt
/workspace/frappe-bench/env/lib/python3.11/site-packages/rq/connections.py:72: DeprecationWarning: The `pop_connection` function is deprecated. Pass the `connection` explicitly instead.
  warnings.warn(
/workspace/frappe-bench/env/lib/python3.11/site-packages/rq/connections.py:58: DeprecationWarning: The `push_connection` function is deprecated. Pass the `connection` explicitly instead.
  warnings.warn(
/workspace/frappe-bench/env/lib/python3.11/site-packages/passlib/utils/__init__.py:854: DeprecationWarning: 'crypt' is deprecated and slated for removal in Python 3.13
  from crypt import crypt as _crypt
/workspace/frappe-bench/env/lib/python3.11/site-packages/rq/connections.py:72: DeprecationWarning: The `pop_connection` function is deprecated. Pass the `connection` explicitly instead.
  warnings.warn(
/workspace/frappe-bench/env/lib/python3.11/site-packages/rq/connections.py:58: DeprecationWarning: The `push_connection` function is deprecated. Pass the `connection` explicitly instead.
  warnings.warn(
/workspace/frappe-bench/env/lib/python3.11/site-packages/passlib/utils/__init__.py:854: DeprecationWarning: 'crypt' is deprecated and slated for removal in Python 3.13
  from crypt import crypt as _crypt
/workspace/frappe-bench/env/lib/python3.11/site-packages/rq/connections.py:72: DeprecationWarning: The `pop_connection` function is deprecated. Pass the `connection` explicitly instead.
  warnings.warn(
/workspace/frappe-bench/env/lib/python3.11/site-packages/rq/connections.py:58: DeprecationWarning: The `push_connection` function is deprecated. Pass the `connection` explicitly instead.
  warnings.warn(
/workspace/frappe-bench/env/lib/python3.11/site-packages/passlib/utils/__init__.py:854: DeprecationWarning: 'crypt' is deprecated and slated for removal in Python 3.13
  from crypt import crypt as _crypt
/workspace/frappe-bench/env/lib/python3.11/site-packages/rq/connections.py:72: DeprecationWarning: The `pop_connection` function is deprecated. Pass the `connection` explicitly instead.
  warnings.warn(
/workspace/frappe-bench/env/lib/python3.11/site-packages/rq/connections.py:58: DeprecationWarning: The `push_connection` function is deprecated. Pass the `connection` explicitly instead.
  warnings.warn(
/workspace/frappe-bench/env/lib/python3.11/site-packages/passlib/utils/__init__.py:854: DeprecationWarning: 'crypt' is deprecated and slated for removal in Python 3.13
  from crypt import crypt as _crypt
/workspace/frappe-bench/env/lib/python3.11/site-packages/rq/connections.py:72: DeprecationWarning: The `pop_connection` function is deprecated. Pass the `connection` explicitly instead.
  warnings.warn(
/workspace/frappe-bench/env/lib/python3.11/site-packages/rq/connections.py:58: DeprecationWarning: The `push_connection` function is deprecated. Pass the `connection` explicitly instead.
  warnings.warn(
/workspace/frappe-bench/env/lib/python3.11/site-packages/passlib/utils/__init__.py:854: DeprecationWarning: 'crypt' is deprecated and slated for removal in Python 3.13
  from crypt import crypt as _crypt
/workspace/frappe-bench/env/lib/python3.11/site-packages/rq/connections.py:72: DeprecationWarning: The `pop_connection` function is deprecated. Pass the `connection` explicitly instead.
  warnings.warn(
/workspace/frappe-bench/env/lib/python3.11/site-packages/rq/connections.py:58: DeprecationWarning: The `push_connection` function is deprecated. Pass the `connection` explicitly instead.
  warnings.warn(
/workspace/frappe-bench/env/lib/python3.11/site-packages/passlib/utils/__init__.py:854: DeprecationWarning: 'crypt' is deprecated and slated for removal in Python 3.13
  from crypt import crypt as _crypt
/workspace/frappe-bench/env/lib/python3.11/site-packages/rq/connections.py:72: DeprecationWarning: The `pop_connection` function is deprecated. Pass the `connection` explicitly instead.
  warnings.warn(
/workspace/frappe-bench/env/lib/python3.11/site-packages/rq/connections.py:58: DeprecationWarning: The `push_connection` function is deprecated. Pass the `connection` explicitly instead.
  warnings.warn(
/workspace/frappe-bench/env/lib/python3.11/site-packages/passlib/utils/__init__.py:854: DeprecationWarning: 'crypt' is deprecated and slated for removal in Python 3.13
  from crypt import crypt as _crypt
/workspace/frappe-bench/env/lib/python3.11/site-packages/rq/connections.py:72: DeprecationWarning: The `pop_connection` function is deprecated. Pass the `connection` explicitly instead.
  warnings.warn(
/workspace/frappe-bench/env/lib/python3.11/site-packages/rq/connections.py:58: DeprecationWarning: The `push_connection` function is deprecated. Pass the `connection` explicitly instead.
  warnings.warn(
/workspace/frappe-bench/env/lib/python3.11/site-packages/passlib/utils/__init__.py:854: DeprecationWarning: 'crypt' is deprecated and slated for removal in Python 3.13
  from crypt import crypt as _crypt
/workspace/frappe-bench/env/lib/python3.11/site-packages/rq/connections.py:72: DeprecationWarning: The `pop_connection` function is deprecated. Pass the `connection` explicitly instead.
  warnings.warn(
/workspace/frappe-bench/env/lib/python3.11/site-packages/rq/connections.py:58: DeprecationWarning: The `push_connection` function is deprecated. Pass the `connection` explicitly instead.
  warnings.warn(
/workspace/frappe-bench/env/lib/python3.11/site-packages/passlib/utils/__init__.py:854: DeprecationWarning: 'crypt' is deprecated and slated for removal in Python 3.13
  from crypt import crypt as _crypt
/workspace/frappe-bench/env/lib/python3.11/site-packages/rq/connections.py:72: DeprecationWarning: The `pop_connection` function is deprecated. Pass the `connection` explicitly instead.
  warnings.warn(
/workspace/frappe-bench/env/lib/python3.11/site-packages/rq/connections.py:58: DeprecationWarning: The `push_connection` function is deprecated. Pass the `connection` explicitly instead.
  warnings.warn(
/workspace/frappe-bench/env/lib/python3.11/site-packages/passlib/utils/__init__.py:854: DeprecationWarning: 'crypt' is deprecated and slated for removal in Python 3.13
  from crypt import crypt as _crypt
/workspace/frappe-bench/env/lib/python3.11/site-packages/rq/connections.py:72: DeprecationWarning: The `pop_connection` function is deprecated. Pass the `connection` explicitly instead.
  warnings.warn(
/workspace/frappe-bench/env/lib/python3.11/site-packages/rq/connections.py:58: DeprecationWarning: The `push_connection` function is deprecated. Pass the `connection` explicitly instead.
  warnings.warn(
/workspace/frappe-bench/env/lib/python3.11/site-packages/passlib/utils/__init__.py:854: DeprecationWarning: 'crypt' is deprecated and slated for removal in Python 3.13
  from crypt import crypt as _crypt
/workspace/frappe-bench/env/lib/python3.11/site-packages/rq/connections.py:72: DeprecationWarning: The `pop_connection` function is deprecated. Pass the `connection` explicitly instead.
  warnings.warn(
/workspace/frappe-bench/env/lib/python3.11/site-packages/rq/connections.py:58: DeprecationWarning: The `push_connection` function is deprecated. Pass the `connection` explicitly instead.
  warnings.warn(
/workspace/frappe-bench/env/lib/python3.11/site-packages/passlib/utils/__init__.py:854: DeprecationWarning: 'crypt' is deprecated and slated for removal in Python 3.13
  from crypt import crypt as _crypt
/workspace/frappe-bench/env/lib/python3.11/site-packages/rq/connections.py:72: DeprecationWarning: The `pop_connection` function is deprecated. Pass the `connection` explicitly instead.
  warnings.warn(
/workspace/frappe-bench/env/lib/python3.11/site-packages/rq/connections.py:58: DeprecationWarning: The `push_connection` function is deprecated. Pass the `connection` explicitly instead.
  warnings.warn(
/workspace/frappe-bench/env/lib/python3.11/site-packages/passlib/utils/__init__.py:854: DeprecationWarning: 'crypt' is deprecated and slated for removal in Python 3.13
  from crypt import crypt as _crypt
/workspace/frappe-bench/env/lib/python3.11/site-packages/rq/connections.py:72: DeprecationWarning: The `pop_connection` function is deprecated. Pass the `connection` explicitly instead.
  warnings.warn(
/workspace/frappe-bench/env/lib/python3.11/site-packages/rq/connections.py:58: DeprecationWarning: The `push_connection` function is deprecated. Pass the `connection` explicitly instead.
  warnings.warn(
/workspace/frappe-bench/env/lib/python3.11/site-packages/passlib/utils/__init__.py:854: DeprecationWarning: 'crypt' is deprecated and slated for removal in Python 3.13
  from crypt import crypt as _crypt
/workspace/frappe-bench/env/lib/python3.11/site-packages/rq/connections.py:72: DeprecationWarning: The `pop_connection` function is deprecated. Pass the `connection` explicitly instead.
  warnings.warn(
/workspace/frappe-bench/env/lib/python3.11/site-packages/rq/connections.py:58: DeprecationWarning: The `push_connection` function is deprecated. Pass the `connection` explicitly instead.
  warnings.warn(
/workspace/frappe-bench/env/lib/python3.11/site-packages/passlib/utils/__init__.py:854: DeprecationWarning: 'crypt' is deprecated and slated for removal in Python 3.13
  from crypt import crypt as _crypt
/workspace/frappe-bench/env/lib/python3.11/site-packages/rq/connections.py:72: DeprecationWarning: The `pop_connection` function is deprecated. Pass the `connection` explicitly instead.
  warnings.warn(
/workspace/frappe-bench/env/lib/python3.11/site-packages/rq/connections.py:58: DeprecationWarning: The `push_connection` function is deprecated. Pass the `connection` explicitly instead.
  warnings.warn(
/workspace/frappe-bench/env/lib/python3.11/site-packages/passlib/utils/__init__.py:854: DeprecationWarning: 'crypt' is deprecated and slated for removal in Python 3.13
  from crypt import crypt as _crypt
/workspace/frappe-bench/env/lib/python3.11/site-packages/rq/connections.py:72: DeprecationWarning: The `pop_connection` function is deprecated. Pass the `connection` explicitly instead.
  warnings.warn(
/workspace/frappe-bench/env/lib/python3.11/site-packages/rq/connections.py:58: DeprecationWarning: The `push_connection` function is deprecated. Pass the `connection` explicitly instead.
  warnings.warn(
/workspace/frappe-bench/env/lib/python3.11/site-packages/passlib/utils/__init__.py:854: DeprecationWarning: 'crypt' is deprecated and slated for removal in Python 3.13
  from crypt import crypt as _crypt
/workspace/frappe-bench/env/lib/python3.11/site-packages/rq/connections.py:72: DeprecationWarning: The `pop_connection` function is deprecated. Pass the `connection` explicitly instead.
  warnings.warn(
/workspace/frappe-bench/env/lib/python3.11/site-packages/rq/connections.py:58: DeprecationWarning: The `push_connection` function is deprecated. Pass the `connection` explicitly instead.
  warnings.warn(
/workspace/frappe-bench/env/lib/python3.11/site-packages/passlib/utils/__init__.py:854: DeprecationWarning: 'crypt' is deprecated and slated for removal in Python 3.13
  from crypt import crypt as _crypt
/workspace/frappe-bench/env/lib/python3.11/site-packages/rq/connections.py:72: DeprecationWarning: The `pop_connection` function is deprecated. Pass the `connection` explicitly instead.
  warnings.warn(
/workspace/frappe-bench/env/lib/python3.11/site-packages/rq/connections.py:58: DeprecationWarning: The `push_connection` function is deprecated. Pass the `connection` explicitly instead.
  warnings.warn(
/workspace/frappe-bench/env/lib/python3.11/site-packages/passlib/utils/__init__.py:854: DeprecationWarning: 'crypt' is deprecated and slated for removal in Python 3.13
  from crypt import crypt as _crypt
/workspace/frappe-bench/env/lib/python3.11/site-packages/rq/connections.py:72: DeprecationWarning: The `pop_connection` function is deprecated. Pass the `connection` explicitly instead.
  warnings.warn(
/workspace/frappe-bench/env/lib/python3.11/site-packages/rq/connections.py:58: DeprecationWarning: The `push_connection` function is deprecated. Pass the `connection` explicitly instead.
  warnings.warn(
/workspace/frappe-bench/env/lib/python3.11/site-packages/passlib/utils/__init__.py:854: DeprecationWarning: 'crypt' is deprecated and slated for removal in Python 3.13
  from crypt import crypt as _crypt
/workspace/frappe-bench/env/lib/python3.11/site-packages/rq/connections.py:72: DeprecationWarning: The `pop_connection` function is deprecated. Pass the `connection` explicitly instead.
  warnings.warn(
/workspace/frappe-bench/env/lib/python3.11/site-packages/rq/connections.py:58: DeprecationWarning: The `push_connection` function is deprecated. Pass the `connection` explicitly instead.
  warnings.warn(
/workspace/frappe-bench/env/lib/python3.11/site-packages/passlib/utils/__init__.py:854: DeprecationWarning: 'crypt' is deprecated and slated for removal in Python 3.13
  from crypt import crypt as _crypt
/workspace/frappe-bench/env/lib/python3.11/site-packages/rq/connections.py:72: DeprecationWarning: The `pop_connection` function is deprecated. Pass the `connection` explicitly instead.
  warnings.warn(
/workspace/frappe-bench/env/lib/python3.11/site-packages/rq/connections.py:58: DeprecationWarning: The `push_connection` function is deprecated. Pass the `connection` explicitly instead.
  warnings.warn(
/workspace/frappe-bench/env/lib/python3.11/site-packages/passlib/utils/__init__.py:854: DeprecationWarning: 'crypt' is deprecated and slated for removal in Python 3.13
  from crypt import crypt as _crypt
/workspace/frappe-bench/env/lib/python3.11/site-packages/rq/connections.py:72: DeprecationWarning: The `pop_connection` function is deprecated. Pass the `connection` explicitly instead.
  warnings.warn(
/workspace/frappe-bench/env/lib/python3.11/site-packages/rq/connections.py:58: DeprecationWarning: The `push_connection` function is deprecated. Pass the `connection` explicitly instead.
  warnings.warn(
/workspace/frappe-bench/env/lib/python3.11/site-packages/passlib/utils/__init__.py:854: DeprecationWarning: 'crypt' is deprecated and slated for removal in Python 3.13
  from crypt import crypt as _crypt
/workspace/frappe-bench/env/lib/python3.11/site-packages/rq/connections.py:72: DeprecationWarning: The `pop_connection` function is deprecated. Pass the `connection` explicitly instead.
  warnings.warn(
/workspace/frappe-bench/env/lib/python3.11/site-packages/rq/connections.py:58: DeprecationWarning: The `push_connection` function is deprecated. Pass the `connection` explicitly instead.
  warnings.warn(
/workspace/frappe-bench/env/lib/python3.11/site-packages/passlib/utils/__init__.py:854: DeprecationWarning: 'crypt' is deprecated and slated for removal in Python 3.13
  from crypt import crypt as _crypt
/workspace/frappe-bench/env/lib/python3.11/site-packages/rq/connections.py:72: DeprecationWarning: The `pop_connection` function is deprecated. Pass the `connection` explicitly instead.
  warnings.warn(
/workspace/frappe-bench/env/lib/python3.11/site-packages/rq/connections.py:58: DeprecationWarning: The `push_connection` function is deprecated. Pass the `connection` explicitly instead.
  warnings.warn(
/workspace/frappe-bench/env/lib/python3.11/site-packages/passlib/utils/__init__.py:854: DeprecationWarning: 'crypt' is deprecated and slated for removal in Python 3.13
  from crypt import crypt as _crypt
/workspace/frappe-bench/env/lib/python3.11/site-packages/rq/connections.py:72: DeprecationWarning: The `pop_connection` function is deprecated. Pass the `connection` explicitly instead.
  warnings.warn(
/workspace/frappe-bench/env/lib/python3.11/site-packages/rq/connections.py:58: DeprecationWarning: The `push_connection` function is deprecated. Pass the `connection` explicitly instead.
  warnings.warn(
/workspace/frappe-bench/env/lib/python3.11/site-packages/passlib/utils/__init__.py:854: DeprecationWarning: 'crypt' is deprecated and slated for removal in Python 3.13
  from crypt import crypt as _crypt
/workspace/frappe-bench/env/lib/python3.11/site-packages/rq/connections.py:72: DeprecationWarning: The `pop_connection` function is deprecated. Pass the `connection` explicitly instead.
  warnings.warn(
/workspace/frappe-bench/env/lib/python3.11/site-packages/rq/connections.py:58: DeprecationWarning: The `push_connection` function is deprecated. Pass the `connection` explicitly instead.
  warnings.warn(
/workspace/frappe-bench/env/lib/python3.11/site-packages/passlib/utils/__init__.py:854: DeprecationWarning: 'crypt' is deprecated and slated for removal in Python 3.13
  from crypt import crypt as _crypt
/workspace/frappe-bench/env/lib/python3.11/site-packages/rq/connections.py:72: DeprecationWarning: The `pop_connection` function is deprecated. Pass the `connection` explicitly instead.
  warnings.warn(
/workspace/frappe-bench/env/lib/python3.11/site-packages/rq/connections.py:58: DeprecationWarning: The `push_connection` function is deprecated. Pass the `connection` explicitly instead.
  warnings.warn(
/workspace/frappe-bench/env/lib/python3.11/site-packages/passlib/utils/__init__.py:854: DeprecationWarning: 'crypt' is deprecated and slated for removal in Python 3.13
  from crypt import crypt as _crypt
/workspace/frappe-bench/env/lib/python3.11/site-packages/rq/connections.py:72: DeprecationWarning: The `pop_connection` function is deprecated. Pass the `connection` explicitly instead.
  warnings.warn(
/workspace/frappe-bench/env/lib/python3.11/site-packages/rq/connections.py:58: DeprecationWarning: The `push_connection` function is deprecated. Pass the `connection` explicitly instead.
  warnings.warn(
/workspace/frappe-bench/env/lib/python3.11/site-packages/passlib/utils/__init__.py:854: DeprecationWarning: 'crypt' is deprecated and slated for removal in Python 3.13
  from crypt import crypt as _crypt
/workspace/frappe-bench/env/lib/python3.11/site-packages/rq/connections.py:72: DeprecationWarning: The `pop_connection` function is deprecated. Pass the `connection` explicitly instead.
  warnings.warn(
/workspace/frappe-bench/env/lib/python3.11/site-packages/rq/connections.py:58: DeprecationWarning: The `push_connection` function is deprecated. Pass the `connection` explicitly instead.
  warnings.warn(
/workspace/frappe-bench/env/lib/python3.11/site-packages/passlib/utils/__init__.py:854: DeprecationWarning: 'crypt' is deprecated and slated for removal in Python 3.13
  from crypt import crypt as _crypt
/workspace/frappe-bench/env/lib/python3.11/site-packages/rq/connections.py:72: DeprecationWarning: The `pop_connection` function is deprecated. Pass the `connection` explicitly instead.
  warnings.warn(
/workspace/frappe-bench/env/lib/python3.11/site-packages/rq/connections.py:58: DeprecationWarning: The `push_connection` function is deprecated. Pass the `connection` explicitly instead.
  warnings.warn(
/workspace/frappe-bench/env/lib/python3.11/site-packages/passlib/utils/__init__.py:854: DeprecationWarning: 'crypt' is deprecated and slated for removal in Python 3.13
  from crypt import crypt as _crypt
/workspace/frappe-bench/env/lib/python3.11/site-packages/rq/connections.py:72: DeprecationWarning: The `pop_connection` function is deprecated. Pass the `connection` explicitly instead.
  warnings.warn(
/workspace/frappe-bench/env/lib/python3.11/site-packages/rq/connections.py:58: DeprecationWarning: The `push_connection` function is deprecated. Pass the `connection` explicitly instead.
  warnings.warn(
/workspace/frappe-bench/env/lib/python3.11/site-packages/passlib/utils/__init__.py:854: DeprecationWarning: 'crypt' is deprecated and slated for removal in Python 3.13
  from crypt import crypt as _crypt
/workspace/frappe-bench/env/lib/python3.11/site-packages/rq/connections.py:72: DeprecationWarning: The `pop_connection` function is deprecated. Pass the `connection` explicitly instead.
  warnings.warn(
/workspace/frappe-bench/env/lib/python3.11/site-packages/rq/connections.py:58: DeprecationWarning: The `push_connection` function is deprecated. Pass the `connection` explicitly instead.
  warnings.warn(
/workspace/frappe-bench/env/lib/python3.11/site-packages/passlib/utils/__init__.py:854: DeprecationWarning: 'crypt' is deprecated and slated for removal in Python 3.13
  from crypt import crypt as _crypt
/workspace/frappe-bench/env/lib/python3.11/site-packages/rq/connections.py:72: DeprecationWarning: The `pop_connection` function is deprecated. Pass the `connection` explicitly instead.
  warnings.warn(
/workspace/frappe-bench/env/lib/python3.11/site-packages/rq/connections.py:58: DeprecationWarning: The `push_connection` function is deprecated. Pass the `connection` explicitly instead.
  warnings.warn(
/workspace/frappe-bench/env/lib/python3.11/site-packages/passlib/utils/__init__.py:854: DeprecationWarning: 'crypt' is deprecated and slated for removal in Python 3.13
  from crypt import crypt as _crypt
/workspace/frappe-bench/env/lib/python3.11/site-packages/rq/connections.py:72: DeprecationWarning: The `pop_connection` function is deprecated. Pass the `connection` explicitly instead.
  warnings.warn(
/workspace/frappe-bench/env/lib/python3.11/site-packages/rq/connections.py:58: DeprecationWarning: The `push_connection` function is deprecated. Pass the `connection` explicitly instead.
  warnings.warn(
/workspace/frappe-bench/env/lib/python3.11/site-packages/passlib/utils/__init__.py:854: DeprecationWarning: 'crypt' is deprecated and slated for removal in Python 3.13
  from crypt import crypt as _crypt
/workspace/frappe-bench/env/lib/python3.11/site-packages/rq/connections.py:72: DeprecationWarning: The `pop_connection` function is deprecated. Pass the `connection` explicitly instead.
  warnings.warn(
/workspace/frappe-bench/env/lib/python3.11/site-packages/rq/connections.py:58: DeprecationWarning: The `push_connection` function is deprecated. Pass the `connection` explicitly instead.
  warnings.warn(
/workspace/frappe-bench/env/lib/python3.11/site-packages/passlib/utils/__init__.py:854: DeprecationWarning: 'crypt' is deprecated and slated for removal in Python 3.13
  from crypt import crypt as _crypt
/workspace/frappe-bench/env/lib/python3.11/site-packages/rq/connections.py:72: DeprecationWarning: The `pop_connection` function is deprecated. Pass the `connection` explicitly instead.
  warnings.warn(
/workspace/frappe-bench/env/lib/python3.11/site-packages/rq/connections.py:58: DeprecationWarning: The `push_connection` function is deprecated. Pass the `connection` explicitly instead.
  warnings.warn(
/workspace/frappe-bench/env/lib/python3.11/site-packages/passlib/utils/__init__.py:854: DeprecationWarning: 'crypt' is deprecated and slated for removal in Python 3.13
  from crypt import crypt as _crypt
/workspace/frappe-bench/env/lib/python3.11/site-packages/rq/connections.py:72: DeprecationWarning: The `pop_connection` function is deprecated. Pass the `connection` explicitly instead.
  warnings.warn(
/workspace/frappe-bench/env/lib/python3.11/site-packages/rq/connections.py:58: DeprecationWarning: The `push_connection` function is deprecated. Pass the `connection` explicitly instead.
  warnings.warn(
/workspace/frappe-bench/env/lib/python3.11/site-packages/passlib/utils/__init__.py:854: DeprecationWarning: 'crypt' is deprecated and slated for removal in Python 3.13
  from crypt import crypt as _crypt
/workspace/frappe-bench/env/lib/python3.11/site-packages/pypdf/_crypt_providers/_cryptography.py:32: CryptographyDeprecationWarning: ARC4 has been moved to cryptography.hazmat.decrepit.ciphers.algorithms.ARC4 and will be removed from this module in 48.0.0.
  from cryptography.hazmat.primitives.ciphers.algorithms import AES, ARC4
/workspace/frappe-bench/env/lib/python3.11/site-packages/rq/connections.py:72: DeprecationWarning: The `pop_connection` function is deprecated. Pass the `connection` explicitly instead.
  warnings.warn(
/workspace/frappe-bench/env/lib/python3.11/site-packages/rq/connections.py:58: DeprecationWarning: The `push_connection` function is deprecated. Pass the `connection` explicitly instead.
  warnings.warn(
/workspace/frappe-bench/env/lib/python3.11/site-packages/passlib/utils/__init__.py:854: DeprecationWarning: 'crypt' is deprecated and slated for removal in Python 3.13
  from crypt import crypt as _crypt
/workspace/frappe-bench/env/lib/python3.11/site-packages/rq/connections.py:72: DeprecationWarning: The `pop_connection` function is deprecated. Pass the `connection` explicitly instead.
  warnings.warn(
/workspace/frappe-bench/env/lib/python3.11/site-packages/rq/connections.py:58: DeprecationWarning: The `push_connection` function is deprecated. Pass the `connection` explicitly instead.
  warnings.warn(
/workspace/frappe-bench/env/lib/python3.11/site-packages/passlib/utils/__init__.py:854: DeprecationWarning: 'crypt' is deprecated and slated for removal in Python 3.13
  from crypt import crypt as _crypt
/workspace/frappe-bench/env/lib/python3.11/site-packages/pypdf/_crypt_providers/_cryptography.py:32: CryptographyDeprecationWarning: ARC4 has been moved to cryptography.hazmat.decrepit.ciphers.algorithms.ARC4 and will be removed from this module in 48.0.0.
  from cryptography.hazmat.primitives.ciphers.algorithms import AES, ARC4
/workspace/frappe-bench/env/lib/python3.11/site-packages/rq/connections.py:72: DeprecationWarning: The `pop_connection` function is deprecated. Pass the `connection` explicitly instead.
  warnings.warn(
/workspace/frappe-bench/env/lib/python3.11/site-packages/rq/connections.py:58: DeprecationWarning: The `push_connection` function is deprecated. Pass the `connection` explicitly instead.
  warnings.warn(
/workspace/frappe-bench/env/lib/python3.11/site-packages/passlib/utils/__init__.py:854: DeprecationWarning: 'crypt' is deprecated and slated for removal in Python 3.13
  from crypt import crypt as _crypt
/workspace/frappe-bench/env/lib/python3.11/site-packages/rq/connections.py:72: DeprecationWarning: The `pop_connection` function is deprecated. Pass the `connection` explicitly instead.
  warnings.warn(
/workspace/frappe-bench/env/lib/python3.11/site-packages/rq/connections.py:58: DeprecationWarning: The `push_connection` function is deprecated. Pass the `connection` explicitly instead.
  warnings.warn(
/workspace/frappe-bench/env/lib/python3.11/site-packages/passlib/utils/__init__.py:854: DeprecationWarning: 'crypt' is deprecated and slated for removal in Python 3.13
  from crypt import crypt as _crypt
/workspace/frappe-bench/env/lib/python3.11/site-packages/rq/connections.py:72: DeprecationWarning: The `pop_connection` function is deprecated. Pass the `connection` explicitly instead.
  warnings.warn(
/workspace/frappe-bench/env/lib/python3.11/site-packages/rq/connections.py:58: DeprecationWarning: The `push_connection` function is deprecated. Pass the `connection` explicitly instead.
  warnings.warn(
/workspace/frappe-bench/env/lib/python3.11/site-packages/passlib/utils/__init__.py:854: DeprecationWarning: 'crypt' is deprecated and slated for removal in Python 3.13
  from crypt import crypt as _crypt
/workspace/frappe-bench/env/lib/python3.11/site-packages/rq/connections.py:72: DeprecationWarning: The `pop_connection` function is deprecated. Pass the `connection` explicitly instead.
  warnings.warn(
/workspace/frappe-bench/env/lib/python3.11/site-packages/rq/connections.py:58: DeprecationWarning: The `push_connection` function is deprecated. Pass the `connection` explicitly instead.
  warnings.warn(
/workspace/frappe-bench/env/lib/python3.11/site-packages/passlib/utils/__init__.py:854: DeprecationWarning: 'crypt' is deprecated and slated for removal in Python 3.13
  from crypt import crypt as _crypt
/workspace/frappe-bench/env/lib/python3.11/site-packages/rq/connections.py:72: DeprecationWarning: The `pop_connection` function is deprecated. Pass the `connection` explicitly instead.
  warnings.warn(
/workspace/frappe-bench/env/lib/python3.11/site-packages/rq/connections.py:58: DeprecationWarning: The `push_connection` function is deprecated. Pass the `connection` explicitly instead.
  warnings.warn(
/workspace/frappe-bench/env/lib/python3.11/site-packages/passlib/utils/__init__.py:854: DeprecationWarning: 'crypt' is deprecated and slated for removal in Python 3.13
  from crypt import crypt as _crypt
/workspace/frappe-bench/env/lib/python3.11/site-packages/rq/connections.py:72: DeprecationWarning: The `pop_connection` function is deprecated. Pass the `connection` explicitly instead.
  warnings.warn(
/workspace/frappe-bench/env/lib/python3.11/site-packages/rq/connections.py:58: DeprecationWarning: The `push_connection` function is deprecated. Pass the `connection` explicitly instead.
  warnings.warn(
/workspace/frappe-bench/env/lib/python3.11/site-packages/passlib/utils/__init__.py:854: DeprecationWarning: 'crypt' is deprecated and slated for removal in Python 3.13
  from crypt import crypt as _crypt
/workspace/frappe-bench/env/lib/python3.11/site-packages/rq/connections.py:72: DeprecationWarning: The `pop_connection` function is deprecated. Pass the `connection` explicitly instead.
  warnings.warn(
/workspace/frappe-bench/env/lib/python3.11/site-packages/rq/connections.py:58: DeprecationWarning: The `push_connection` function is deprecated. Pass the `connection` explicitly instead.
  warnings.warn(
/workspace/frappe-bench/env/lib/python3.11/site-packages/passlib/utils/__init__.py:854: DeprecationWarning: 'crypt' is deprecated and slated for removal in Python 3.13
  from crypt import crypt as _crypt
/workspace/frappe-bench/env/lib/python3.11/site-packages/rq/connections.py:72: DeprecationWarning: The `pop_connection` function is deprecated. Pass the `connection` explicitly instead.
  warnings.warn(
/workspace/frappe-bench/env/lib/python3.11/site-packages/rq/connections.py:58: DeprecationWarning: The `push_connection` function is deprecated. Pass the `connection` explicitly instead.
  warnings.warn(
/workspace/frappe-bench/env/lib/python3.11/site-packages/passlib/utils/__init__.py:854: DeprecationWarning: 'crypt' is deprecated and slated for removal in Python 3.13
  from crypt import crypt as _crypt
/workspace/frappe-bench/env/lib/python3.11/site-packages/rq/connections.py:72: DeprecationWarning: The `pop_connection` function is deprecated. Pass the `connection` explicitly instead.
  warnings.warn(
/workspace/frappe-bench/env/lib/python3.11/site-packages/rq/connections.py:58: DeprecationWarning: The `push_connection` function is deprecated. Pass the `connection` explicitly instead.
  warnings.warn(
/workspace/frappe-bench/env/lib/python3.11/site-packages/passlib/utils/__init__.py:854: DeprecationWarning: 'crypt' is deprecated and slated for removal in Python 3.13
  from crypt import crypt as _crypt
/workspace/frappe-bench/env/lib/python3.11/site-packages/rq/connections.py:72: DeprecationWarning: The `pop_connection` function is deprecated. Pass the `connection` explicitly instead.
  warnings.warn(
/workspace/frappe-bench/env/lib/python3.11/site-packages/rq/connections.py:58: DeprecationWarning: The `push_connection` function is deprecated. Pass the `connection` explicitly instead.
  warnings.warn(
/workspace/frappe-bench/env/lib/python3.11/site-packages/passlib/utils/__init__.py:854: DeprecationWarning: 'crypt' is deprecated and slated for removal in Python 3.13
  from crypt import crypt as _crypt
/workspace/frappe-bench/env/lib/python3.11/site-packages/rq/connections.py:72: DeprecationWarning: The `pop_connection` function is deprecated. Pass the `connection` explicitly instead.
  warnings.warn(
/workspace/frappe-bench/env/lib/python3.11/site-packages/rq/connections.py:58: DeprecationWarning: The `push_connection` function is deprecated. Pass the `connection` explicitly instead.
  warnings.warn(
/workspace/frappe-bench/env/lib/python3.11/site-packages/passlib/utils/__init__.py:854: DeprecationWarning: 'crypt' is deprecated and slated for removal in Python 3.13
  from crypt import crypt as _crypt
/workspace/frappe-bench/env/lib/python3.11/site-packages/rq/connections.py:72: DeprecationWarning: The `pop_connection` function is deprecated. Pass the `connection` explicitly instead.
  warnings.warn(
/workspace/frappe-bench/env/lib/python3.11/site-packages/rq/connections.py:58: DeprecationWarning: The `push_connection` function is deprecated. Pass the `connection` explicitly instead.
  warnings.warn(
/workspace/frappe-bench/env/lib/python3.11/site-packages/passlib/utils/__init__.py:854: DeprecationWarning: 'crypt' is deprecated and slated for removal in Python 3.13
  from crypt import crypt as _crypt
/workspace/frappe-bench/env/lib/python3.11/site-packages/rq/connections.py:72: DeprecationWarning: The `pop_connection` function is deprecated. Pass the `connection` explicitly instead.
  warnings.warn(
/workspace/frappe-bench/env/lib/python3.11/site-packages/rq/connections.py:58: DeprecationWarning: The `push_connection` function is deprecated. Pass the `connection` explicitly instead.
  warnings.warn(
/workspace/frappe-bench/env/lib/python3.11/site-packages/passlib/utils/__init__.py:854: DeprecationWarning: 'crypt' is deprecated and slated for removal in Python 3.13
  from crypt import crypt as _crypt
/workspace/frappe-bench/env/lib/python3.11/site-packages/rq/connections.py:72: DeprecationWarning: The `pop_connection` function is deprecated. Pass the `connection` explicitly instead.
  warnings.warn(
/workspace/frappe-bench/env/lib/python3.11/site-packages/rq/connections.py:58: DeprecationWarning: The `push_connection` function is deprecated. Pass the `connection` explicitly instead.
  warnings.warn(
/workspace/frappe-bench/env/lib/python3.11/site-packages/passlib/utils/__init__.py:854: DeprecationWarning: 'crypt' is deprecated and slated for removal in Python 3.13
  from crypt import crypt as _crypt
/workspace/frappe-bench/env/lib/python3.11/site-packages/rq/connections.py:72: DeprecationWarning: The `pop_connection` function is deprecated. Pass the `connection` explicitly instead.
  warnings.warn(
/workspace/frappe-bench/env/lib/python3.11/site-packages/rq/connections.py:58: DeprecationWarning: The `push_connection` function is deprecated. Pass the `connection` explicitly instead.
  warnings.warn(
/workspace/frappe-bench/env/lib/python3.11/site-packages/passlib/utils/__init__.py:854: DeprecationWarning: 'crypt' is deprecated and slated for removal in Python 3.13
  from crypt import crypt as _crypt
/workspace/frappe-bench/env/lib/python3.11/site-packages/rq/connections.py:72: DeprecationWarning: The `pop_connection` function is deprecated. Pass the `connection` explicitly instead.
  warnings.warn(
/workspace/frappe-bench/env/lib/python3.11/site-packages/rq/connections.py:58: DeprecationWarning: The `push_connection` function is deprecated. Pass the `connection` explicitly instead.
  warnings.warn(
/workspace/frappe-bench/env/lib/python3.11/site-packages/passlib/utils/__init__.py:854: DeprecationWarning: 'crypt' is deprecated and slated for removal in Python 3.13
  from crypt import crypt as _crypt
/workspace/frappe-bench/env/lib/python3.11/site-packages/rq/connections.py:72: DeprecationWarning: The `pop_connection` function is deprecated. Pass the `connection` explicitly instead.
  warnings.warn(
/workspace/frappe-bench/env/lib/python3.11/site-packages/rq/connections.py:58: DeprecationWarning: The `push_connection` function is deprecated. Pass the `connection` explicitly instead.
  warnings.warn(
/workspace/frappe-bench/env/lib/python3.11/site-packages/passlib/utils/__init__.py:854: DeprecationWarning: 'crypt' is deprecated and slated for removal in Python 3.13
  from crypt import crypt as _crypt
/workspace/frappe-bench/env/lib/python3.11/site-packages/rq/connections.py:72: DeprecationWarning: The `pop_connection` function is deprecated. Pass the `connection` explicitly instead.
  warnings.warn(
/workspace/frappe-bench/env/lib/python3.11/site-packages/rq/connections.py:58: DeprecationWarning: The `push_connection` function is deprecated. Pass the `connection` explicitly instead.
  warnings.warn(
/workspace/frappe-bench/env/lib/python3.11/site-packages/passlib/utils/__init__.py:854: DeprecationWarning: 'crypt' is deprecated and slated for removal in Python 3.13
  from crypt import crypt as _crypt
/workspace/frappe-bench/env/lib/python3.11/site-packages/rq/connections.py:72: DeprecationWarning: The `pop_connection` function is deprecated. Pass the `connection` explicitly instead.
  warnings.warn(
/workspace/frappe-bench/env/lib/python3.11/site-packages/rq/connections.py:58: DeprecationWarning: The `push_connection` function is deprecated. Pass the `connection` explicitly instead.
  warnings.warn(
/workspace/frappe-bench/env/lib/python3.11/site-packages/passlib/utils/__init__.py:854: DeprecationWarning: 'crypt' is deprecated and slated for removal in Python 3.13
  from crypt import crypt as _crypt
/workspace/frappe-bench/env/lib/python3.11/site-packages/rq/connections.py:72: DeprecationWarning: The `pop_connection` function is deprecated. Pass the `connection` explicitly instead.
  warnings.warn(
/workspace/frappe-bench/env/lib/python3.11/site-packages/rq/connections.py:58: DeprecationWarning: The `push_connection` function is deprecated. Pass the `connection` explicitly instead.
  warnings.warn(
/workspace/frappe-bench/env/lib/python3.11/site-packages/passlib/utils/__init__.py:854: DeprecationWarning: 'crypt' is deprecated and slated for removal in Python 3.13
  from crypt import crypt as _crypt
/workspace/frappe-bench/env/lib/python3.11/site-packages/rq/connections.py:72: DeprecationWarning: The `pop_connection` function is deprecated. Pass the `connection` explicitly instead.
  warnings.warn(
/workspace/frappe-bench/env/lib/python3.11/site-packages/rq/connections.py:58: DeprecationWarning: The `push_connection` function is deprecated. Pass the `connection` explicitly instead.
  warnings.warn(
/workspace/frappe-bench/env/lib/python3.11/site-packages/passlib/utils/__init__.py:854: DeprecationWarning: 'crypt' is deprecated and slated for removal in Python 3.13
  from crypt import crypt as _crypt
/workspace/frappe-bench/env/lib/python3.11/site-packages/rq/connections.py:72: DeprecationWarning: The `pop_connection` function is deprecated. Pass the `connection` explicitly instead.
  warnings.warn(
/workspace/frappe-bench/env/lib/python3.11/site-packages/rq/connections.py:58: DeprecationWarning: The `push_connection` function is deprecated. Pass the `connection` explicitly instead.
  warnings.warn(
/workspace/frappe-bench/env/lib/python3.11/site-packages/passlib/utils/__init__.py:854: DeprecationWarning: 'crypt' is deprecated and slated for removal in Python 3.13
  from crypt import crypt as _crypt
/workspace/frappe-bench/env/lib/python3.11/site-packages/rq/connections.py:72: DeprecationWarning: The `pop_connection` function is deprecated. Pass the `connection` explicitly instead.
  warnings.warn(
/workspace/frappe-bench/env/lib/python3.11/site-packages/rq/connections.py:58: DeprecationWarning: The `push_connection` function is deprecated. Pass the `connection` explicitly instead.
  warnings.warn(
/workspace/frappe-bench/env/lib/python3.11/site-packages/passlib/utils/__init__.py:854: DeprecationWarning: 'crypt' is deprecated and slated for removal in Python 3.13
  from crypt import crypt as _crypt
/workspace/frappe-bench/env/lib/python3.11/site-packages/rq/connections.py:72: DeprecationWarning: The `pop_connection` function is deprecated. Pass the `connection` explicitly instead.
  warnings.warn(
/workspace/frappe-bench/env/lib/python3.11/site-packages/rq/connections.py:58: DeprecationWarning: The `push_connection` function is deprecated. Pass the `connection` explicitly instead.
  warnings.warn(
/workspace/frappe-bench/env/lib/python3.11/site-packages/passlib/utils/__init__.py:854: DeprecationWarning: 'crypt' is deprecated and slated for removal in Python 3.13
  from crypt import crypt as _crypt
/workspace/frappe-bench/env/lib/python3.11/site-packages/rq/connections.py:72: DeprecationWarning: The `pop_connection` function is deprecated. Pass the `connection` explicitly instead.
  warnings.warn(
/workspace/frappe-bench/env/lib/python3.11/site-packages/rq/connections.py:58: DeprecationWarning: The `push_connection` function is deprecated. Pass the `connection` explicitly instead.
  warnings.warn(
/workspace/frappe-bench/env/lib/python3.11/site-packages/passlib/utils/__init__.py:854: DeprecationWarning: 'crypt' is deprecated and slated for removal in Python 3.13
  from crypt import crypt as _crypt
/workspace/frappe-bench/env/lib/python3.11/site-packages/rq/connections.py:72: DeprecationWarning: The `pop_connection` function is deprecated. Pass the `connection` explicitly instead.
  warnings.warn(
/workspace/frappe-bench/env/lib/python3.11/site-packages/rq/connections.py:58: DeprecationWarning: The `push_connection` function is deprecated. Pass the `connection` explicitly instead.
  warnings.warn(
/workspace/frappe-bench/env/lib/python3.11/site-packages/passlib/utils/__init__.py:854: DeprecationWarning: 'crypt' is deprecated and slated for removal in Python 3.13
  from crypt import crypt as _crypt
/workspace/frappe-bench/env/lib/python3.11/site-packages/rq/connections.py:72: DeprecationWarning: The `pop_connection` function is deprecated. Pass the `connection` explicitly instead.
  warnings.warn(
/workspace/frappe-bench/env/lib/python3.11/site-packages/rq/connections.py:58: DeprecationWarning: The `push_connection` function is deprecated. Pass the `connection` explicitly instead.
  warnings.warn(
/workspace/frappe-bench/env/lib/python3.11/site-packages/passlib/utils/__init__.py:854: DeprecationWarning: 'crypt' is deprecated and slated for removal in Python 3.13
  from crypt import crypt as _crypt
/workspace/frappe-bench/env/lib/python3.11/site-packages/pypdf/_crypt_providers/_cryptography.py:32: CryptographyDeprecationWarning: ARC4 has been moved to cryptography.hazmat.decrepit.ciphers.algorithms.ARC4 and will be removed from this module in 48.0.0.
  from cryptography.hazmat.primitives.ciphers.algorithms import AES, ARC4
/workspace/frappe-bench/env/lib/python3.11/site-packages/rq/connections.py:72: DeprecationWarning: The `pop_connection` function is deprecated. Pass the `connection` explicitly instead.
  warnings.warn(
/workspace/frappe-bench/env/lib/python3.11/site-packages/rq/connections.py:58: DeprecationWarning: The `push_connection` function is deprecated. Pass the `connection` explicitly instead.
  warnings.warn(
/workspace/frappe-bench/env/lib/python3.11/site-packages/passlib/utils/__init__.py:854: DeprecationWarning: 'crypt' is deprecated and slated for removal in Python 3.13
  from crypt import crypt as _crypt
/workspace/frappe-bench/env/lib/python3.11/site-packages/rq/connections.py:72: DeprecationWarning: The `pop_connection` function is deprecated. Pass the `connection` explicitly instead.
  warnings.warn(
/workspace/frappe-bench/env/lib/python3.11/site-packages/rq/connections.py:58: DeprecationWarning: The `push_connection` function is deprecated. Pass the `connection` explicitly instead.
  warnings.warn(
/workspace/frappe-bench/env/lib/python3.11/site-packages/passlib/utils/__init__.py:854: DeprecationWarning: 'crypt' is deprecated and slated for removal in Python 3.13
  from crypt import crypt as _crypt
/workspace/frappe-bench/env/lib/python3.11/site-packages/rq/connections.py:72: DeprecationWarning: The `pop_connection` function is deprecated. Pass the `connection` explicitly instead.
  warnings.warn(
/workspace/frappe-bench/env/lib/python3.11/site-packages/rq/connections.py:58: DeprecationWarning: The `push_connection` function is deprecated. Pass the `connection` explicitly instead.
  warnings.warn(
/workspace/frappe-bench/env/lib/python3.11/site-packages/passlib/utils/__init__.py:854: DeprecationWarning: 'crypt' is deprecated and slated for removal in Python 3.13
  from crypt import crypt as _crypt
/workspace/frappe-bench/env/lib/python3.11/site-packages/rq/connections.py:72: DeprecationWarning: The `pop_connection` function is deprecated. Pass the `connection` explicitly instead.
  warnings.warn(
/workspace/frappe-bench/env/lib/python3.11/site-packages/rq/connections.py:58: DeprecationWarning: The `push_connection` function is deprecated. Pass the `connection` explicitly instead.
  warnings.warn(
/workspace/frappe-bench/env/lib/python3.11/site-packages/passlib/utils/__init__.py:854: DeprecationWarning: 'crypt' is deprecated and slated for removal in Python 3.13
  from crypt import crypt as _crypt
/workspace/frappe-bench/env/lib/python3.11/site-packages/rq/connections.py:72: DeprecationWarning: The `pop_connection` function is deprecated. Pass the `connection` explicitly instead.
  warnings.warn(
/workspace/frappe-bench/env/lib/python3.11/site-packages/rq/connections.py:58: DeprecationWarning: The `push_connection` function is deprecated. Pass the `connection` explicitly instead.
  warnings.warn(
/workspace/frappe-bench/env/lib/python3.11/site-packages/passlib/utils/__init__.py:854: DeprecationWarning: 'crypt' is deprecated and slated for removal in Python 3.13
  from crypt import crypt as _crypt
/workspace/frappe-bench/env/lib/python3.11/site-packages/rq/connections.py:72: DeprecationWarning: The `pop_connection` function is deprecated. Pass the `connection` explicitly instead.
  warnings.warn(
/workspace/frappe-bench/env/lib/python3.11/site-packages/rq/connections.py:58: DeprecationWarning: The `push_connection` function is deprecated. Pass the `connection` explicitly instead.
  warnings.warn(
/workspace/frappe-bench/env/lib/python3.11/site-packages/passlib/utils/__init__.py:854: DeprecationWarning: 'crypt' is deprecated and slated for removal in Python 3.13
  from crypt import crypt as _crypt
/workspace/frappe-bench/env/lib/python3.11/site-packages/pypdf/_crypt_providers/_cryptography.py:32: CryptographyDeprecationWarning: ARC4 has been moved to cryptography.hazmat.decrepit.ciphers.algorithms.ARC4 and will be removed from this module in 48.0.0.
  from cryptography.hazmat.primitives.ciphers.algorithms import AES, ARC4
/workspace/frappe-bench/env/lib/python3.11/site-packages/rq/connections.py:72: DeprecationWarning: The `pop_connection` function is deprecated. Pass the `connection` explicitly instead.
  warnings.warn(
/workspace/frappe-bench/env/lib/python3.11/site-packages/rq/connections.py:58: DeprecationWarning: The `push_connection` function is deprecated. Pass the `connection` explicitly instead.
  warnings.warn(
/workspace/frappe-bench/env/lib/python3.11/site-packages/passlib/utils/__init__.py:854: DeprecationWarning: 'crypt' is deprecated and slated for removal in Python 3.13
  from crypt import crypt as _crypt
/workspace/frappe-bench/env/lib/python3.11/site-packages/pypdf/_crypt_providers/_cryptography.py:32: CryptographyDeprecationWarning: ARC4 has been moved to cryptography.hazmat.decrepit.ciphers.algorithms.ARC4 and will be removed from this module in 48.0.0.
  from cryptography.hazmat.primitives.ciphers.algorithms import AES, ARC4
/workspace/frappe-bench/env/lib/python3.11/site-packages/rq/connections.py:72: DeprecationWarning: The `pop_connection` function is deprecated. Pass the `connection` explicitly instead.
  warnings.warn(
/workspace/frappe-bench/env/lib/python3.11/site-packages/rq/connections.py:58: DeprecationWarning: The `push_connection` function is deprecated. Pass the `connection` explicitly instead.
  warnings.warn(
/workspace/frappe-bench/env/lib/python3.11/site-packages/passlib/utils/__init__.py:854: DeprecationWarning: 'crypt' is deprecated and slated for removal in Python 3.13
  from crypt import crypt as _crypt
/workspace/frappe-bench/env/lib/python3.11/site-packages/rq/connections.py:72: DeprecationWarning: The `pop_connection` function is deprecated. Pass the `connection` explicitly instead.
  warnings.warn(
/workspace/frappe-bench/env/lib/python3.11/site-packages/rq/connections.py:58: DeprecationWarning: The `push_connection` function is deprecated. Pass the `connection` explicitly instead.
  warnings.warn(
/workspace/frappe-bench/env/lib/python3.11/site-packages/passlib/utils/__init__.py:854: DeprecationWarning: 'crypt' is deprecated and slated for removal in Python 3.13
  from crypt import crypt as _crypt
/workspace/frappe-bench/env/lib/python3.11/site-packages/pypdf/_crypt_providers/_cryptography.py:32: CryptographyDeprecationWarning: ARC4 has been moved to cryptography.hazmat.decrepit.ciphers.algorithms.ARC4 and will be removed from this module in 48.0.0.
  from cryptography.hazmat.primitives.ciphers.algorithms import AES, ARC4
/workspace/frappe-bench/env/lib/python3.11/site-packages/rq/connections.py:72: DeprecationWarning: The `pop_connection` function is deprecated. Pass the `connection` explicitly instead.
  warnings.warn(
/workspace/frappe-bench/env/lib/python3.11/site-packages/rq/connections.py:58: DeprecationWarning: The `push_connection` function is deprecated. Pass the `connection` explicitly instead.
  warnings.warn(
/workspace/frappe-bench/env/lib/python3.11/site-packages/passlib/utils/__init__.py:854: DeprecationWarning: 'crypt' is deprecated and slated for removal in Python 3.13
  from crypt import crypt as _crypt
/workspace/frappe-bench/env/lib/python3.11/site-packages/rq/connections.py:72: DeprecationWarning: The `pop_connection` function is deprecated. Pass the `connection` explicitly instead.
  warnings.warn(
/workspace/frappe-bench/env/lib/python3.11/site-packages/rq/connections.py:58: DeprecationWarning: The `push_connection` function is deprecated. Pass the `connection` explicitly instead.
  warnings.warn(
/workspace/frappe-bench/env/lib/python3.11/site-packages/passlib/utils/__init__.py:854: DeprecationWarning: 'crypt' is deprecated and slated for removal in Python 3.13
  from crypt import crypt as _crypt
/workspace/frappe-bench/env/lib/python3.11/site-packages/rq/connections.py:72: DeprecationWarning: The `pop_connection` function is deprecated. Pass the `connection` explicitly instead.
  warnings.warn(
/workspace/frappe-bench/env/lib/python3.11/site-packages/rq/connections.py:58: DeprecationWarning: The `push_connection` function is deprecated. Pass the `connection` explicitly instead.
  warnings.warn(
/workspace/frappe-bench/env/lib/python3.11/site-packages/passlib/utils/__init__.py:854: DeprecationWarning: 'crypt' is deprecated and slated for removal in Python 3.13
  from crypt import crypt as _crypt
/workspace/frappe-bench/env/lib/python3.11/site-packages/rq/connections.py:72: DeprecationWarning: The `pop_connection` function is deprecated. Pass the `connection` explicitly instead.
  warnings.warn(
/workspace/frappe-bench/env/lib/python3.11/site-packages/rq/connections.py:58: DeprecationWarning: The `push_connection` function is deprecated. Pass the `connection` explicitly instead.
  warnings.warn(
/workspace/frappe-bench/env/lib/python3.11/site-packages/passlib/utils/__init__.py:854: DeprecationWarning: 'crypt' is deprecated and slated for removal in Python 3.13
  from crypt import crypt as _crypt
/workspace/frappe-bench/env/lib/python3.11/site-packages/rq/connections.py:72: DeprecationWarning: The `pop_connection` function is deprecated. Pass the `connection` explicitly instead.
  warnings.warn(
/workspace/frappe-bench/env/lib/python3.11/site-packages/rq/connections.py:58: DeprecationWarning: The `push_connection` function is deprecated. Pass the `connection` explicitly instead.
  warnings.warn(
/workspace/frappe-bench/env/lib/python3.11/site-packages/passlib/utils/__init__.py:854: DeprecationWarning: 'crypt' is deprecated and slated for removal in Python 3.13
  from crypt import crypt as _crypt
/workspace/frappe-bench/env/lib/python3.11/site-packages/rq/connections.py:72: DeprecationWarning: The `pop_connection` function is deprecated. Pass the `connection` explicitly instead.
  warnings.warn(
/workspace/frappe-bench/env/lib/python3.11/site-packages/rq/connections.py:58: DeprecationWarning: The `push_connection` function is deprecated. Pass the `connection` explicitly instead.
  warnings.warn(
/workspace/frappe-bench/env/lib/python3.11/site-packages/passlib/utils/__init__.py:854: DeprecationWarning: 'crypt' is deprecated and slated for removal in Python 3.13
  from crypt import crypt as _crypt
/workspace/frappe-bench/env/lib/python3.11/site-packages/rq/connections.py:72: DeprecationWarning: The `pop_connection` function is deprecated. Pass the `connection` explicitly instead.
  warnings.warn(
/workspace/frappe-bench/env/lib/python3.11/site-packages/rq/connections.py:58: DeprecationWarning: The `push_connection` function is deprecated. Pass the `connection` explicitly instead.
  warnings.warn(
/workspace/frappe-bench/env/lib/python3.11/site-packages/passlib/utils/__init__.py:854: DeprecationWarning: 'crypt' is deprecated and slated for removal in Python 3.13
  from crypt import crypt as _crypt
/workspace/frappe-bench/env/lib/python3.11/site-packages/pypdf/_crypt_providers/_cryptography.py:32: CryptographyDeprecationWarning: ARC4 has been moved to cryptography.hazmat.decrepit.ciphers.algorithms.ARC4 and will be removed from this module in 48.0.0.
  from cryptography.hazmat.primitives.ciphers.algorithms import AES, ARC4
/workspace/frappe-bench/env/lib/python3.11/site-packages/rq/connections.py:72: DeprecationWarning: The `pop_connection` function is deprecated. Pass the `connection` explicitly instead.
  warnings.warn(
/workspace/frappe-bench/env/lib/python3.11/site-packages/rq/connections.py:58: DeprecationWarning: The `push_connection` function is deprecated. Pass the `connection` explicitly instead.
  warnings.warn(
/workspace/frappe-bench/env/lib/python3.11/site-packages/passlib/utils/__init__.py:854: DeprecationWarning: 'crypt' is deprecated and slated for removal in Python 3.13
  from crypt import crypt as _crypt
/workspace/frappe-bench/env/lib/python3.11/site-packages/rq/connections.py:72: DeprecationWarning: The `pop_connection` function is deprecated. Pass the `connection` explicitly instead.
  warnings.warn(
/workspace/frappe-bench/env/lib/python3.11/site-packages/rq/connections.py:58: DeprecationWarning: The `push_connection` function is deprecated. Pass the `connection` explicitly instead.
  warnings.warn(
/workspace/frappe-bench/env/lib/python3.11/site-packages/passlib/utils/__init__.py:854: DeprecationWarning: 'crypt' is deprecated and slated for removal in Python 3.13
  from crypt import crypt as _crypt
/workspace/frappe-bench/env/lib/python3.11/site-packages/rq/connections.py:72: DeprecationWarning: The `pop_connection` function is deprecated. Pass the `connection` explicitly instead.
  warnings.warn(
/workspace/frappe-bench/env/lib/python3.11/site-packages/rq/connections.py:58: DeprecationWarning: The `push_connection` function is deprecated. Pass the `connection` explicitly instead.
  warnings.warn(
/workspace/frappe-bench/env/lib/python3.11/site-packages/passlib/utils/__init__.py:854: DeprecationWarning: 'crypt' is deprecated and slated for removal in Python 3.13
  from crypt import crypt as _crypt
/workspace/frappe-bench/env/lib/python3.11/site-packages/rq/connections.py:72: DeprecationWarning: The `pop_connection` function is deprecated. Pass the `connection` explicitly instead.
  warnings.warn(
/workspace/frappe-bench/env/lib/python3.11/site-packages/rq/connections.py:58: DeprecationWarning: The `push_connection` function is deprecated. Pass the `connection` explicitly instead.
  warnings.warn(
/workspace/frappe-bench/env/lib/python3.11/site-packages/passlib/utils/__init__.py:854: DeprecationWarning: 'crypt' is deprecated and slated for removal in Python 3.13
  from crypt import crypt as _crypt
/workspace/frappe-bench/env/lib/python3.11/site-packages/rq/connections.py:72: DeprecationWarning: The `pop_connection` function is deprecated. Pass the `connection` explicitly instead.
  warnings.warn(
/workspace/frappe-bench/env/lib/python3.11/site-packages/rq/connections.py:58: DeprecationWarning: The `push_connection` function is deprecated. Pass the `connection` explicitly instead.
  warnings.warn(
/workspace/frappe-bench/env/lib/python3.11/site-packages/passlib/utils/__init__.py:854: DeprecationWarning: 'crypt' is deprecated and slated for removal in Python 3.13
  from crypt import crypt as _crypt
/workspace/frappe-bench/env/lib/python3.11/site-packages/rq/connections.py:72: DeprecationWarning: The `pop_connection` function is deprecated. Pass the `connection` explicitly instead.
  warnings.warn(
/workspace/frappe-bench/env/lib/python3.11/site-packages/rq/connections.py:58: DeprecationWarning: The `push_connection` function is deprecated. Pass the `connection` explicitly instead.
  warnings.warn(
/workspace/frappe-bench/env/lib/python3.11/site-packages/passlib/utils/__init__.py:854: DeprecationWarning: 'crypt' is deprecated and slated for removal in Python 3.13
  from crypt import crypt as _crypt
/workspace/frappe-bench/env/lib/python3.11/site-packages/rq/connections.py:72: DeprecationWarning: The `pop_connection` function is deprecated. Pass the `connection` explicitly instead.
  warnings.warn(
/workspace/frappe-bench/env/lib/python3.11/site-packages/rq/connections.py:58: DeprecationWarning: The `push_connection` function is deprecated. Pass the `connection` explicitly instead.
  warnings.warn(
/workspace/frappe-bench/env/lib/python3.11/site-packages/passlib/utils/__init__.py:854: DeprecationWarning: 'crypt' is deprecated and slated for removal in Python 3.13
  from crypt import crypt as _crypt
/workspace/frappe-bench/env/lib/python3.11/site-packages/rq/connections.py:72: DeprecationWarning: The `pop_connection` function is deprecated. Pass the `connection` explicitly instead.
  warnings.warn(
/workspace/frappe-bench/env/lib/python3.11/site-packages/rq/connections.py:58: DeprecationWarning: The `push_connection` function is deprecated. Pass the `connection` explicitly instead.
  warnings.warn(
/workspace/frappe-bench/env/lib/python3.11/site-packages/passlib/utils/__init__.py:854: DeprecationWarning: 'crypt' is deprecated and slated for removal in Python 3.13
  from crypt import crypt as _crypt
/workspace/frappe-bench/env/lib/python3.11/site-packages/rq/connections.py:72: DeprecationWarning: The `pop_connection` function is deprecated. Pass the `connection` explicitly instead.
  warnings.warn(
/workspace/frappe-bench/env/lib/python3.11/site-packages/rq/connections.py:58: DeprecationWarning: The `push_connection` function is deprecated. Pass the `connection` explicitly instead.
  warnings.warn(
/workspace/frappe-bench/env/lib/python3.11/site-packages/passlib/utils/__init__.py:854: DeprecationWarning: 'crypt' is deprecated and slated for removal in Python 3.13
  from crypt import crypt as _crypt
/workspace/frappe-bench/env/lib/python3.11/site-packages/rq/connections.py:72: DeprecationWarning: The `pop_connection` function is deprecated. Pass the `connection` explicitly instead.
  warnings.warn(
/workspace/frappe-bench/env/lib/python3.11/site-packages/rq/connections.py:58: DeprecationWarning: The `push_connection` function is deprecated. Pass the `connection` explicitly instead.
  warnings.warn(
/workspace/frappe-bench/env/lib/python3.11/site-packages/passlib/utils/__init__.py:854: DeprecationWarning: 'crypt' is deprecated and slated for removal in Python 3.13
  from crypt import crypt as _crypt
/workspace/frappe-bench/env/lib/python3.11/site-packages/rq/connections.py:72: DeprecationWarning: The `pop_connection` function is deprecated. Pass the `connection` explicitly instead.
  warnings.warn(
/workspace/frappe-bench/env/lib/python3.11/site-packages/rq/connections.py:58: DeprecationWarning: The `push_connection` function is deprecated. Pass the `connection` explicitly instead.
  warnings.warn(
/workspace/frappe-bench/env/lib/python3.11/site-packages/passlib/utils/__init__.py:854: DeprecationWarning: 'crypt' is deprecated and slated for removal in Python 3.13
  from crypt import crypt as _crypt
/workspace/frappe-bench/env/lib/python3.11/site-packages/rq/connections.py:72: DeprecationWarning: The `pop_connection` function is deprecated. Pass the `connection` explicitly instead.
  warnings.warn(
/workspace/frappe-bench/env/lib/python3.11/site-packages/rq/connections.py:58: DeprecationWarning: The `push_connection` function is deprecated. Pass the `connection` explicitly instead.
  warnings.warn(
/workspace/frappe-bench/env/lib/python3.11/site-packages/passlib/utils/__init__.py:854: DeprecationWarning: 'crypt' is deprecated and slated for removal in Python 3.13
  from crypt import crypt as _crypt
/workspace/frappe-bench/env/lib/python3.11/site-packages/rq/connections.py:72: DeprecationWarning: The `pop_connection` function is deprecated. Pass the `connection` explicitly instead.
  warnings.warn(
/workspace/frappe-bench/env/lib/python3.11/site-packages/rq/connections.py:58: DeprecationWarning: The `push_connection` function is deprecated. Pass the `connection` explicitly instead.
  warnings.warn(
/workspace/frappe-bench/env/lib/python3.11/site-packages/passlib/utils/__init__.py:854: DeprecationWarning: 'crypt' is deprecated and slated for removal in Python 3.13
  from crypt import crypt as _crypt
/workspace/frappe-bench/env/lib/python3.11/site-packages/rq/connections.py:72: DeprecationWarning: The `pop_connection` function is deprecated. Pass the `connection` explicitly instead.
  warnings.warn(
/workspace/frappe-bench/env/lib/python3.11/site-packages/rq/connections.py:58: DeprecationWarning: The `push_connection` function is deprecated. Pass the `connection` explicitly instead.
  warnings.warn(
/workspace/frappe-bench/env/lib/python3.11/site-packages/passlib/utils/__init__.py:854: DeprecationWarning: 'crypt' is deprecated and slated for removal in Python 3.13
  from crypt import crypt as _crypt
/workspace/frappe-bench/env/lib/python3.11/site-packages/rq/connections.py:72: DeprecationWarning: The `pop_connection` function is deprecated. Pass the `connection` explicitly instead.
  warnings.warn(
/workspace/frappe-bench/env/lib/python3.11/site-packages/rq/connections.py:58: DeprecationWarning: The `push_connection` function is deprecated. Pass the `connection` explicitly instead.
  warnings.warn(
/workspace/frappe-bench/env/lib/python3.11/site-packages/passlib/utils/__init__.py:854: DeprecationWarning: 'crypt' is deprecated and slated for removal in Python 3.13
  from crypt import crypt as _crypt
/workspace/frappe-bench/env/lib/python3.11/site-packages/rq/connections.py:72: DeprecationWarning: The `pop_connection` function is deprecated. Pass the `connection` explicitly instead.
  warnings.warn(
/workspace/frappe-bench/env/lib/python3.11/site-packages/rq/connections.py:58: DeprecationWarning: The `push_connection` function is deprecated. Pass the `connection` explicitly instead.
  warnings.warn(
/workspace/frappe-bench/env/lib/python3.11/site-packages/passlib/utils/__init__.py:854: DeprecationWarning: 'crypt' is deprecated and slated for removal in Python 3.13
  from crypt import crypt as _crypt
/workspace/frappe-bench/env/lib/python3.11/site-packages/rq/connections.py:72: DeprecationWarning: The `pop_connection` function is deprecated. Pass the `connection` explicitly instead.
  warnings.warn(
/workspace/frappe-bench/env/lib/python3.11/site-packages/rq/connections.py:58: DeprecationWarning: The `push_connection` function is deprecated. Pass the `connection` explicitly instead.
  warnings.warn(
/workspace/frappe-bench/env/lib/python3.11/site-packages/passlib/utils/__init__.py:854: DeprecationWarning: 'crypt' is deprecated and slated for removal in Python 3.13
  from crypt import crypt as _crypt
/workspace/frappe-bench/env/lib/python3.11/site-packages/rq/connections.py:72: DeprecationWarning: The `pop_connection` function is deprecated. Pass the `connection` explicitly instead.
  warnings.warn(
/workspace/frappe-bench/env/lib/python3.11/site-packages/rq/connections.py:58: DeprecationWarning: The `push_connection` function is deprecated. Pass the `connection` explicitly instead.
  warnings.warn(
/workspace/frappe-bench/env/lib/python3.11/site-packages/passlib/utils/__init__.py:854: DeprecationWarning: 'crypt' is deprecated and slated for removal in Python 3.13
  from crypt import crypt as _crypt
/workspace/frappe-bench/env/lib/python3.11/site-packages/rq/connections.py:72: DeprecationWarning: The `pop_connection` function is deprecated. Pass the `connection` explicitly instead.
  warnings.warn(
/workspace/frappe-bench/env/lib/python3.11/site-packages/rq/connections.py:58: DeprecationWarning: The `push_connection` function is deprecated. Pass the `connection` explicitly instead.
  warnings.warn(
/workspace/frappe-bench/env/lib/python3.11/site-packages/passlib/utils/__init__.py:854: DeprecationWarning: 'crypt' is deprecated and slated for removal in Python 3.13
  from crypt import crypt as _crypt
/workspace/frappe-bench/env/lib/python3.11/site-packages/rq/connections.py:72: DeprecationWarning: The `pop_connection` function is deprecated. Pass the `connection` explicitly instead.
  warnings.warn(
/workspace/frappe-bench/env/lib/python3.11/site-packages/rq/connections.py:58: DeprecationWarning: The `push_connection` function is deprecated. Pass the `connection` explicitly instead.
  warnings.warn(
/workspace/frappe-bench/env/lib/python3.11/site-packages/passlib/utils/__init__.py:854: DeprecationWarning: 'crypt' is deprecated and slated for removal in Python 3.13
  from crypt import crypt as _crypt
/workspace/frappe-bench/env/lib/python3.11/site-packages/rq/connections.py:72: DeprecationWarning: The `pop_connection` function is deprecated. Pass the `connection` explicitly instead.
  warnings.warn(
/workspace/frappe-bench/env/lib/python3.11/site-packages/rq/connections.py:58: DeprecationWarning: The `push_connection` function is deprecated. Pass the `connection` explicitly instead.
  warnings.warn(
/workspace/frappe-bench/env/lib/python3.11/site-packages/passlib/utils/__init__.py:854: DeprecationWarning: 'crypt' is deprecated and slated for removal in Python 3.13
  from crypt import crypt as _crypt
/workspace/frappe-bench/env/lib/python3.11/site-packages/rq/connections.py:72: DeprecationWarning: The `pop_connection` function is deprecated. Pass the `connection` explicitly instead.
  warnings.warn(
/workspace/frappe-bench/env/lib/python3.11/site-packages/rq/connections.py:58: DeprecationWarning: The `push_connection` function is deprecated. Pass the `connection` explicitly instead.
  warnings.warn(
/workspace/frappe-bench/env/lib/python3.11/site-packages/passlib/utils/__init__.py:854: DeprecationWarning: 'crypt' is deprecated and slated for removal in Python 3.13
  from crypt import crypt as _crypt
/workspace/frappe-bench/env/lib/python3.11/site-packages/rq/connections.py:72: DeprecationWarning: The `pop_connection` function is deprecated. Pass the `connection` explicitly instead.
  warnings.warn(
/workspace/frappe-bench/env/lib/python3.11/site-packages/rq/connections.py:58: DeprecationWarning: The `push_connection` function is deprecated. Pass the `connection` explicitly instead.
  warnings.warn(
/workspace/frappe-bench/env/lib/python3.11/site-packages/passlib/utils/__init__.py:854: DeprecationWarning: 'crypt' is deprecated and slated for removal in Python 3.13
  from crypt import crypt as _crypt
/workspace/frappe-bench/env/lib/python3.11/site-packages/rq/connections.py:72: DeprecationWarning: The `pop_connection` function is deprecated. Pass the `connection` explicitly instead.
  warnings.warn(
/workspace/frappe-bench/env/lib/python3.11/site-packages/rq/connections.py:58: DeprecationWarning: The `push_connection` function is deprecated. Pass the `connection` explicitly instead.
  warnings.warn(
/workspace/frappe-bench/env/lib/python3.11/site-packages/passlib/utils/__init__.py:854: DeprecationWarning: 'crypt' is deprecated and slated for removal in Python 3.13
  from crypt import crypt as _crypt
/workspace/frappe-bench/env/lib/python3.11/site-packages/rq/connections.py:72: DeprecationWarning: The `pop_connection` function is deprecated. Pass the `connection` explicitly instead.
  warnings.warn(
/workspace/frappe-bench/env/lib/python3.11/site-packages/rq/connections.py:58: DeprecationWarning: The `push_connection` function is deprecated. Pass the `connection` explicitly instead.
  warnings.warn(
/workspace/frappe-bench/env/lib/python3.11/site-packages/passlib/utils/__init__.py:854: DeprecationWarning: 'crypt' is deprecated and slated for removal in Python 3.13
  from crypt import crypt as _crypt
/workspace/frappe-bench/env/lib/python3.11/site-packages/pypdf/_crypt_providers/_cryptography.py:32: CryptographyDeprecationWarning: ARC4 has been moved to cryptography.hazmat.decrepit.ciphers.algorithms.ARC4 and will be removed from this module in 48.0.0.
  from cryptography.hazmat.primitives.ciphers.algorithms import AES, ARC4
/workspace/frappe-bench/env/lib/python3.11/site-packages/rq/connections.py:72: DeprecationWarning: The `pop_connection` function is deprecated. Pass the `connection` explicitly instead.
  warnings.warn(
/workspace/frappe-bench/env/lib/python3.11/site-packages/rq/connections.py:58: DeprecationWarning: The `push_connection` function is deprecated. Pass the `connection` explicitly instead.
  warnings.warn(
/workspace/frappe-bench/env/lib/python3.11/site-packages/passlib/utils/__init__.py:854: DeprecationWarning: 'crypt' is deprecated and slated for removal in Python 3.13
  from crypt import crypt as _crypt
/workspace/frappe-bench/env/lib/python3.11/site-packages/rq/connections.py:72: DeprecationWarning: The `pop_connection` function is deprecated. Pass the `connection` explicitly instead.
  warnings.warn(
/workspace/frappe-bench/env/lib/python3.11/site-packages/rq/connections.py:58: DeprecationWarning: The `push_connection` function is deprecated. Pass the `connection` explicitly instead.
  warnings.warn(
/workspace/frappe-bench/env/lib/python3.11/site-packages/passlib/utils/__init__.py:854: DeprecationWarning: 'crypt' is deprecated and slated for removal in Python 3.13
  from crypt import crypt as _crypt
/workspace/frappe-bench/env/lib/python3.11/site-packages/rq/connections.py:72: DeprecationWarning: The `pop_connection` function is deprecated. Pass the `connection` explicitly instead.
  warnings.warn(
/workspace/frappe-bench/env/lib/python3.11/site-packages/rq/connections.py:58: DeprecationWarning: The `push_connection` function is deprecated. Pass the `connection` explicitly instead.
  warnings.warn(
/workspace/frappe-bench/env/lib/python3.11/site-packages/passlib/utils/__init__.py:854: DeprecationWarning: 'crypt' is deprecated and slated for removal in Python 3.13
  from crypt import crypt as _crypt
/workspace/frappe-bench/env/lib/python3.11/site-packages/rq/connections.py:72: DeprecationWarning: The `pop_connection` function is deprecated. Pass the `connection` explicitly instead.
  warnings.warn(
/workspace/frappe-bench/env/lib/python3.11/site-packages/rq/connections.py:58: DeprecationWarning: The `push_connection` function is deprecated. Pass the `connection` explicitly instead.
  warnings.warn(
/workspace/frappe-bench/env/lib/python3.11/site-packages/passlib/utils/__init__.py:854: DeprecationWarning: 'crypt' is deprecated and slated for removal in Python 3.13
  from crypt import crypt as _crypt
/workspace/frappe-bench/env/lib/python3.11/site-packages/rq/connections.py:72: DeprecationWarning: The `pop_connection` function is deprecated. Pass the `connection` explicitly instead.
  warnings.warn(
/workspace/frappe-bench/env/lib/python3.11/site-packages/rq/connections.py:58: DeprecationWarning: The `push_connection` function is deprecated. Pass the `connection` explicitly instead.
  warnings.warn(
/workspace/frappe-bench/env/lib/python3.11/site-packages/passlib/utils/__init__.py:854: DeprecationWarning: 'crypt' is deprecated and slated for removal in Python 3.13
  from crypt import crypt as _crypt
/workspace/frappe-bench/env/lib/python3.11/site-packages/pypdf/_crypt_providers/_cryptography.py:32: CryptographyDeprecationWarning: ARC4 has been moved to cryptography.hazmat.decrepit.ciphers.algorithms.ARC4 and will be removed from this module in 48.0.0.
  from cryptography.hazmat.primitives.ciphers.algorithms import AES, ARC4
/workspace/frappe-bench/env/lib/python3.11/site-packages/rq/connections.py:72: DeprecationWarning: The `pop_connection` function is deprecated. Pass the `connection` explicitly instead.
  warnings.warn(
/workspace/frappe-bench/env/lib/python3.11/site-packages/rq/connections.py:58: DeprecationWarning: The `push_connection` function is deprecated. Pass the `connection` explicitly instead.
  warnings.warn(
/workspace/frappe-bench/env/lib/python3.11/site-packages/passlib/utils/__init__.py:854: DeprecationWarning: 'crypt' is deprecated and slated for removal in Python 3.13
  from crypt import crypt as _crypt
/workspace/frappe-bench/env/lib/python3.11/site-packages/rq/connections.py:72: DeprecationWarning: The `pop_connection` function is deprecated. Pass the `connection` explicitly instead.
  warnings.warn(
/workspace/frappe-bench/env/lib/python3.11/site-packages/rq/connections.py:58: DeprecationWarning: The `push_connection` function is deprecated. Pass the `connection` explicitly instead.
  warnings.warn(
/workspace/frappe-bench/env/lib/python3.11/site-packages/passlib/utils/__init__.py:854: DeprecationWarning: 'crypt' is deprecated and slated for removal in Python 3.13
  from crypt import crypt as _crypt
/workspace/frappe-bench/env/lib/python3.11/site-packages/rq/connections.py:72: DeprecationWarning: The `pop_connection` function is deprecated. Pass the `connection` explicitly instead.
  warnings.warn(
/workspace/frappe-bench/env/lib/python3.11/site-packages/rq/connections.py:58: DeprecationWarning: The `push_connection` function is deprecated. Pass the `connection` explicitly instead.
  warnings.warn(
/workspace/frappe-bench/env/lib/python3.11/site-packages/passlib/utils/__init__.py:854: DeprecationWarning: 'crypt' is deprecated and slated for removal in Python 3.13
  from crypt import crypt as _crypt
/workspace/frappe-bench/env/lib/python3.11/site-packages/pypdf/_crypt_providers/_cryptography.py:32: CryptographyDeprecationWarning: ARC4 has been moved to cryptography.hazmat.decrepit.ciphers.algorithms.ARC4 and will be removed from this module in 48.0.0.
  from cryptography.hazmat.primitives.ciphers.algorithms import AES, ARC4
/workspace/frappe-bench/env/lib/python3.11/site-packages/rq/connections.py:72: DeprecationWarning: The `pop_connection` function is deprecated. Pass the `connection` explicitly instead.
  warnings.warn(
/workspace/frappe-bench/env/lib/python3.11/site-packages/rq/connections.py:58: DeprecationWarning: The `push_connection` function is deprecated. Pass the `connection` explicitly instead.
  warnings.warn(
/workspace/frappe-bench/env/lib/python3.11/site-packages/passlib/utils/__init__.py:854: DeprecationWarning: 'crypt' is deprecated and slated for removal in Python 3.13
  from crypt import crypt as _crypt
/workspace/frappe-bench/env/lib/python3.11/site-packages/rq/connections.py:72: DeprecationWarning: The `pop_connection` function is deprecated. Pass the `connection` explicitly instead.
  warnings.warn(
/workspace/frappe-bench/env/lib/python3.11/site-packages/rq/connections.py:58: DeprecationWarning: The `push_connection` function is deprecated. Pass the `connection` explicitly instead.
  warnings.warn(
/workspace/frappe-bench/env/lib/python3.11/site-packages/passlib/utils/__init__.py:854: DeprecationWarning: 'crypt' is deprecated and slated for removal in Python 3.13
  from crypt import crypt as _crypt
/workspace/frappe-bench/env/lib/python3.11/site-packages/rq/connections.py:72: DeprecationWarning: The `pop_connection` function is deprecated. Pass the `connection` explicitly instead.
  warnings.warn(
/workspace/frappe-bench/env/lib/python3.11/site-packages/rq/connections.py:58: DeprecationWarning: The `push_connection` function is deprecated. Pass the `connection` explicitly instead.
  warnings.warn(
/workspace/frappe-bench/env/lib/python3.11/site-packages/passlib/utils/__init__.py:854: DeprecationWarning: 'crypt' is deprecated and slated for removal in Python 3.13
  from crypt import crypt as _crypt
/workspace/frappe-bench/env/lib/python3.11/site-packages/rq/connections.py:72: DeprecationWarning: The `pop_connection` function is deprecated. Pass the `connection` explicitly instead.
  warnings.warn(
/workspace/frappe-bench/env/lib/python3.11/site-packages/rq/connections.py:58: DeprecationWarning: The `push_connection` function is deprecated. Pass the `connection` explicitly instead.
  warnings.warn(
/workspace/frappe-bench/env/lib/python3.11/site-packages/passlib/utils/__init__.py:854: DeprecationWarning: 'crypt' is deprecated and slated for removal in Python 3.13
  from crypt import crypt as _crypt
/workspace/frappe-bench/env/lib/python3.11/site-packages/rq/connections.py:72: DeprecationWarning: The `pop_connection` function is deprecated. Pass the `connection` explicitly instead.
  warnings.warn(
/workspace/frappe-bench/env/lib/python3.11/site-packages/rq/connections.py:58: DeprecationWarning: The `push_connection` function is deprecated. Pass the `connection` explicitly instead.
  warnings.warn(
/workspace/frappe-bench/env/lib/python3.11/site-packages/passlib/utils/__init__.py:854: DeprecationWarning: 'crypt' is deprecated and slated for removal in Python 3.13
  from crypt import crypt as _crypt
/workspace/frappe-bench/env/lib/python3.11/site-packages/pypdf/_crypt_providers/_cryptography.py:32: CryptographyDeprecationWarning: ARC4 has been moved to cryptography.hazmat.decrepit.ciphers.algorithms.ARC4 and will be removed from this module in 48.0.0.
  from cryptography.hazmat.primitives.ciphers.algorithms import AES, ARC4
/workspace/frappe-bench/env/lib/python3.11/site-packages/rq/connections.py:72: DeprecationWarning: The `pop_connection` function is deprecated. Pass the `connection` explicitly instead.
  warnings.warn(
/workspace/frappe-bench/env/lib/python3.11/site-packages/rq/connections.py:58: DeprecationWarning: The `push_connection` function is deprecated. Pass the `connection` explicitly instead.
  warnings.warn(
/workspace/frappe-bench/env/lib/python3.11/site-packages/passlib/utils/__init__.py:854: DeprecationWarning: 'crypt' is deprecated and slated for removal in Python 3.13
  from crypt import crypt as _crypt
/workspace/frappe-bench/env/lib/python3.11/site-packages/rq/connections.py:72: DeprecationWarning: The `pop_connection` function is deprecated. Pass the `connection` explicitly instead.
  warnings.warn(
/workspace/frappe-bench/env/lib/python3.11/site-packages/rq/connections.py:58: DeprecationWarning: The `push_connection` function is deprecated. Pass the `connection` explicitly instead.
  warnings.warn(
/workspace/frappe-bench/env/lib/python3.11/site-packages/passlib/utils/__init__.py:854: DeprecationWarning: 'crypt' is deprecated and slated for removal in Python 3.13
  from crypt import crypt as _crypt
/workspace/frappe-bench/env/lib/python3.11/site-packages/rq/connections.py:72: DeprecationWarning: The `pop_connection` function is deprecated. Pass the `connection` explicitly instead.
  warnings.warn(
/workspace/frappe-bench/env/lib/python3.11/site-packages/rq/connections.py:58: DeprecationWarning: The `push_connection` function is deprecated. Pass the `connection` explicitly instead.
  warnings.warn(
/workspace/frappe-bench/env/lib/python3.11/site-packages/passlib/utils/__init__.py:854: DeprecationWarning: 'crypt' is deprecated and slated for removal in Python 3.13
  from crypt import crypt as _crypt
/workspace/frappe-bench/env/lib/python3.11/site-packages/rq/connections.py:72: DeprecationWarning: The `pop_connection` function is deprecated. Pass the `connection` explicitly instead.
  warnings.warn(
/workspace/frappe-bench/env/lib/python3.11/site-packages/rq/connections.py:58: DeprecationWarning: The `push_connection` function is deprecated. Pass the `connection` explicitly instead.
  warnings.warn(
/workspace/frappe-bench/env/lib/python3.11/site-packages/passlib/utils/__init__.py:854: DeprecationWarning: 'crypt' is deprecated and slated for removal in Python 3.13
  from crypt import crypt as _crypt
/workspace/frappe-bench/env/lib/python3.11/site-packages/rq/connections.py:72: DeprecationWarning: The `pop_connection` function is deprecated. Pass the `connection` explicitly instead.
  warnings.warn(
/workspace/frappe-bench/env/lib/python3.11/site-packages/rq/connections.py:58: DeprecationWarning: The `push_connection` function is deprecated. Pass the `connection` explicitly instead.
  warnings.warn(
/workspace/frappe-bench/env/lib/python3.11/site-packages/passlib/utils/__init__.py:854: DeprecationWarning: 'crypt' is deprecated and slated for removal in Python 3.13
  from crypt import crypt as _crypt
/workspace/frappe-bench/env/lib/python3.11/site-packages/rq/connections.py:72: DeprecationWarning: The `pop_connection` function is deprecated. Pass the `connection` explicitly instead.
  warnings.warn(
/workspace/frappe-bench/env/lib/python3.11/site-packages/rq/connections.py:58: DeprecationWarning: The `push_connection` function is deprecated. Pass the `connection` explicitly instead.
  warnings.warn(
/workspace/frappe-bench/env/lib/python3.11/site-packages/passlib/utils/__init__.py:854: DeprecationWarning: 'crypt' is deprecated and slated for removal in Python 3.13
  from crypt import crypt as _crypt
/workspace/frappe-bench/env/lib/python3.11/site-packages/rq/connections.py:72: DeprecationWarning: The `pop_connection` function is deprecated. Pass the `connection` explicitly instead.
  warnings.warn(
/workspace/frappe-bench/env/lib/python3.11/site-packages/rq/connections.py:58: DeprecationWarning: The `push_connection` function is deprecated. Pass the `connection` explicitly instead.
  warnings.warn(
/workspace/frappe-bench/env/lib/python3.11/site-packages/passlib/utils/__init__.py:854: DeprecationWarning: 'crypt' is deprecated and slated for removal in Python 3.13
  from crypt import crypt as _crypt
/workspace/frappe-bench/env/lib/python3.11/site-packages/rq/connections.py:72: DeprecationWarning: The `pop_connection` function is deprecated. Pass the `connection` explicitly instead.
  warnings.warn(
/workspace/frappe-bench/env/lib/python3.11/site-packages/rq/connections.py:58: DeprecationWarning: The `push_connection` function is deprecated. Pass the `connection` explicitly instead.
  warnings.warn(
/workspace/frappe-bench/env/lib/python3.11/site-packages/passlib/utils/__init__.py:854: DeprecationWarning: 'crypt' is deprecated and slated for removal in Python 3.13
  from crypt import crypt as _crypt
/workspace/frappe-bench/env/lib/python3.11/site-packages/rq/connections.py:72: DeprecationWarning: The `pop_connection` function is deprecated. Pass the `connection` explicitly instead.
  warnings.warn(
/workspace/frappe-bench/env/lib/python3.11/site-packages/rq/connections.py:58: DeprecationWarning: The `push_connection` function is deprecated. Pass the `connection` explicitly instead.
  warnings.warn(
/workspace/frappe-bench/env/lib/python3.11/site-packages/passlib/utils/__init__.py:854: DeprecationWarning: 'crypt' is deprecated and slated for removal in Python 3.13
  from crypt import crypt as _crypt
/workspace/frappe-bench/env/lib/python3.11/site-packages/rq/connections.py:72: DeprecationWarning: The `pop_connection` function is deprecated. Pass the `connection` explicitly instead.
  warnings.warn(
/workspace/frappe-bench/env/lib/python3.11/site-packages/rq/connections.py:58: DeprecationWarning: The `push_connection` function is deprecated. Pass the `connection` explicitly instead.
  warnings.warn(
/workspace/frappe-bench/env/lib/python3.11/site-packages/passlib/utils/__init__.py:854: DeprecationWarning: 'crypt' is deprecated and slated for removal in Python 3.13
  from crypt import crypt as _crypt
/workspace/frappe-bench/env/lib/python3.11/site-packages/rq/connections.py:72: DeprecationWarning: The `pop_connection` function is deprecated. Pass the `connection` explicitly instead.
  warnings.warn(
/workspace/frappe-bench/env/lib/python3.11/site-packages/rq/connections.py:58: DeprecationWarning: The `push_connection` function is deprecated. Pass the `connection` explicitly instead.
  warnings.warn(
/workspace/frappe-bench/env/lib/python3.11/site-packages/passlib/utils/__init__.py:854: DeprecationWarning: 'crypt' is deprecated and slated for removal in Python 3.13
  from crypt import crypt as _crypt
/workspace/frappe-bench/env/lib/python3.11/site-packages/rq/connections.py:72: DeprecationWarning: The `pop_connection` function is deprecated. Pass the `connection` explicitly instead.
  warnings.warn(
/workspace/frappe-bench/env/lib/python3.11/site-packages/rq/connections.py:58: DeprecationWarning: The `push_connection` function is deprecated. Pass the `connection` explicitly instead.
  warnings.warn(
/workspace/frappe-bench/env/lib/python3.11/site-packages/passlib/utils/__init__.py:854: DeprecationWarning: 'crypt' is deprecated and slated for removal in Python 3.13
  from crypt import crypt as _crypt
/workspace/frappe-bench/env/lib/python3.11/site-packages/rq/connections.py:72: DeprecationWarning: The `pop_connection` function is deprecated. Pass the `connection` explicitly instead.
  warnings.warn(
/workspace/frappe-bench/env/lib/python3.11/site-packages/rq/connections.py:58: DeprecationWarning: The `push_connection` function is deprecated. Pass the `connection` explicitly instead.
  warnings.warn(
/workspace/frappe-bench/env/lib/python3.11/site-packages/passlib/utils/__init__.py:854: DeprecationWarning: 'crypt' is deprecated and slated for removal in Python 3.13
  from crypt import crypt as _crypt
/workspace/frappe-bench/env/lib/python3.11/site-packages/rq/connections.py:72: DeprecationWarning: The `pop_connection` function is deprecated. Pass the `connection` explicitly instead.
  warnings.warn(
/workspace/frappe-bench/env/lib/python3.11/site-packages/rq/connections.py:58: DeprecationWarning: The `push_connection` function is deprecated. Pass the `connection` explicitly instead.
  warnings.warn(
/workspace/frappe-bench/env/lib/python3.11/site-packages/passlib/utils/__init__.py:854: DeprecationWarning: 'crypt' is deprecated and slated for removal in Python 3.13
  from crypt import crypt as _crypt
/workspace/frappe-bench/env/lib/python3.11/site-packages/pypdf/_crypt_providers/_cryptography.py:32: CryptographyDeprecationWarning: ARC4 has been moved to cryptography.hazmat.decrepit.ciphers.algorithms.ARC4 and will be removed from this module in 48.0.0.
  from cryptography.hazmat.primitives.ciphers.algorithms import AES, ARC4
/workspace/frappe-bench/env/lib/python3.11/site-packages/rq/connections.py:72: DeprecationWarning: The `pop_connection` function is deprecated. Pass the `connection` explicitly instead.
  warnings.warn(
2025-02-05 14:55:36,573 Could not connect to Redis instance: Connection closed by server. Retrying in 1 seconds...
Exception in thread Thread-2:
Traceback (most recent call last):
  File "/home/frappe/.pyenv/versions/3.11.6/lib/python3.11/threading.py", line 1045, in _bootstrap_inner
    self.run()
  File "/workspace/frappe-bench/env/lib/python3.11/site-packages/redis/client.py", line 1192, in run
    pubsub.get_message(ignore_subscribe_messages=True, timeout=sleep_time)
  File "/workspace/frappe-bench/env/lib/python3.11/site-packages/redis/client.py", line 1054, in get_message
    response = self.parse_response(block=(timeout is None), timeout=timeout)
               ^^^^^^^^^^^^^^^^^^^^^^^^^^^^^^^^^^^^^^^^^^^^^^^^^^^^^^^^^^^^^
  File "/workspace/frappe-bench/env/lib/python3.11/site-packages/redis/client.py", line 865, in parse_response
    response = self._execute(conn, try_read)
               ^^^^^^^^^^^^^^^^^^^^^^^^^^^^^
  File "/workspace/frappe-bench/env/lib/python3.11/site-packages/redis/client.py", line 841, in _execute
    return conn.retry.call_with_retry(
           ^^^^^^^^^^^^^^^^^^^^^^^^^^^
  File "/workspace/frappe-bench/env/lib/python3.11/site-packages/redis/retry.py", line 65, in call_with_retry
    fail(error)
  File "/workspace/frappe-bench/env/lib/python3.11/site-packages/redis/client.py", line 843, in <lambda>
    lambda error: self._disconnect_raise_connect(conn, error),
                  ^^^^^^^^^^^^^^^^^^^^^^^^^^^^^^^^^^^^^^^^^^^
  File "/workspace/frappe-bench/env/lib/python3.11/site-packages/redis/client.py", line 830, in _disconnect_raise_connect
    raise error
  File "/workspace/frappe-bench/env/lib/python3.11/site-packages/redis/retry.py", line 62, in call_with_retry
    return do()
           ^^^^
  File "/workspace/frappe-bench/env/lib/python3.11/site-packages/redis/client.py", line 842, in <lambda>
    lambda: command(*args, **kwargs),
            ^^^^^^^^^^^^^^^^^^^^^^^^
  File "/workspace/frappe-bench/env/lib/python3.11/site-packages/redis/client.py", line 859, in try_read
    if not conn.can_read(timeout=timeout):
           ^^^^^^^^^^^^^^^^^^^^^^^^^^^^^^
  File "/workspace/frappe-bench/env/lib/python3.11/site-packages/redis/connection.py", line 570, in can_read
    return self._parser.can_read(timeout)
           ^^^^^^^^^^^^^^^^^^^^^^^^^^^^^^
  File "/workspace/frappe-bench/env/lib/python3.11/site-packages/redis/_parsers/hiredis.py", line 79, in can_read
    return self.read_from_socket(timeout=timeout, raise_on_timeout=False)
           ^^^^^^^^^^^^^^^^^^^^^^^^^^^^^^^^^^^^^^^^^^^^^^^^^^^^^^^^^^^^^^
  File "/workspace/frappe-bench/env/lib/python3.11/site-packages/redis/_parsers/hiredis.py", line 90, in read_from_socket
    raise ConnectionError(SERVER_CLOSED_CONNECTION_ERROR)
redis.exceptions.ConnectionError: Connection closed by server.
/workspace/frappe-bench/env/lib/python3.11/site-packages/rq/connections.py:58: DeprecationWarning: The `push_connection` function is deprecated. Pass the `connection` explicitly instead.
  warnings.warn(
/workspace/frappe-bench/env/lib/python3.11/site-packages/passlib/utils/__init__.py:854: DeprecationWarning: 'crypt' is deprecated and slated for removal in Python 3.13
  from crypt import crypt as _crypt
/workspace/frappe-bench/env/lib/python3.11/site-packages/rq/connections.py:72: DeprecationWarning: The `pop_connection` function is deprecated. Pass the `connection` explicitly instead.
  warnings.warn(
/workspace/frappe-bench/env/lib/python3.11/site-packages/rq/connections.py:58: DeprecationWarning: The `push_connection` function is deprecated. Pass the `connection` explicitly instead.
  warnings.warn(
/workspace/frappe-bench/env/lib/python3.11/site-packages/passlib/utils/__init__.py:854: DeprecationWarning: 'crypt' is deprecated and slated for removal in Python 3.13
  from crypt import crypt as _crypt
/workspace/frappe-bench/env/lib/python3.11/site-packages/rq/connections.py:72: DeprecationWarning: The `pop_connection` function is deprecated. Pass the `connection` explicitly instead.
  warnings.warn(
/workspace/frappe-bench/env/lib/python3.11/site-packages/rq/connections.py:58: DeprecationWarning: The `push_connection` function is deprecated. Pass the `connection` explicitly instead.
  warnings.warn(
/workspace/frappe-bench/env/lib/python3.11/site-packages/passlib/utils/__init__.py:854: DeprecationWarning: 'crypt' is deprecated and slated for removal in Python 3.13
  from crypt import crypt as _crypt
/workspace/frappe-bench/env/lib/python3.11/site-packages/rq/connections.py:72: DeprecationWarning: The `pop_connection` function is deprecated. Pass the `connection` explicitly instead.
  warnings.warn(
/workspace/frappe-bench/env/lib/python3.11/site-packages/rq/connections.py:58: DeprecationWarning: The `push_connection` function is deprecated. Pass the `connection` explicitly instead.
  warnings.warn(
/workspace/frappe-bench/env/lib/python3.11/site-packages/passlib/utils/__init__.py:854: DeprecationWarning: 'crypt' is deprecated and slated for removal in Python 3.13
  from crypt import crypt as _crypt
/workspace/frappe-bench/env/lib/python3.11/site-packages/rq/connections.py:72: DeprecationWarning: The `pop_connection` function is deprecated. Pass the `connection` explicitly instead.
  warnings.warn(
/workspace/frappe-bench/env/lib/python3.11/site-packages/rq/connections.py:58: DeprecationWarning: The `push_connection` function is deprecated. Pass the `connection` explicitly instead.
  warnings.warn(
/workspace/frappe-bench/env/lib/python3.11/site-packages/passlib/utils/__init__.py:854: DeprecationWarning: 'crypt' is deprecated and slated for removal in Python 3.13
  from crypt import crypt as _crypt
/workspace/frappe-bench/env/lib/python3.11/site-packages/rq/connections.py:72: DeprecationWarning: The `pop_connection` function is deprecated. Pass the `connection` explicitly instead.
  warnings.warn(
/workspace/frappe-bench/env/lib/python3.11/site-packages/rq/connections.py:58: DeprecationWarning: The `push_connection` function is deprecated. Pass the `connection` explicitly instead.
  warnings.warn(
/workspace/frappe-bench/env/lib/python3.11/site-packages/passlib/utils/__init__.py:854: DeprecationWarning: 'crypt' is deprecated and slated for removal in Python 3.13
  from crypt import crypt as _crypt
/workspace/frappe-bench/env/lib/python3.11/site-packages/rq/connections.py:72: DeprecationWarning: The `pop_connection` function is deprecated. Pass the `connection` explicitly instead.
  warnings.warn(
/workspace/frappe-bench/env/lib/python3.11/site-packages/rq/connections.py:58: DeprecationWarning: The `push_connection` function is deprecated. Pass the `connection` explicitly instead.
  warnings.warn(
/workspace/frappe-bench/env/lib/python3.11/site-packages/passlib/utils/__init__.py:854: DeprecationWarning: 'crypt' is deprecated and slated for removal in Python 3.13
  from crypt import crypt as _crypt
/workspace/frappe-bench/env/lib/python3.11/site-packages/rq/connections.py:72: DeprecationWarning: The `pop_connection` function is deprecated. Pass the `connection` explicitly instead.
  warnings.warn(
/workspace/frappe-bench/env/lib/python3.11/site-packages/rq/connections.py:58: DeprecationWarning: The `push_connection` function is deprecated. Pass the `connection` explicitly instead.
  warnings.warn(
/workspace/frappe-bench/env/lib/python3.11/site-packages/passlib/utils/__init__.py:854: DeprecationWarning: 'crypt' is deprecated and slated for removal in Python 3.13
  from crypt import crypt as _crypt
/workspace/frappe-bench/env/lib/python3.11/site-packages/rq/connections.py:72: DeprecationWarning: The `pop_connection` function is deprecated. Pass the `connection` explicitly instead.
  warnings.warn(
/workspace/frappe-bench/env/lib/python3.11/site-packages/rq/connections.py:58: DeprecationWarning: The `push_connection` function is deprecated. Pass the `connection` explicitly instead.
  warnings.warn(
/workspace/frappe-bench/env/lib/python3.11/site-packages/passlib/utils/__init__.py:854: DeprecationWarning: 'crypt' is deprecated and slated for removal in Python 3.13
  from crypt import crypt as _crypt
/workspace/frappe-bench/env/lib/python3.11/site-packages/rq/connections.py:72: DeprecationWarning: The `pop_connection` function is deprecated. Pass the `connection` explicitly instead.
  warnings.warn(
/workspace/frappe-bench/env/lib/python3.11/site-packages/rq/connections.py:58: DeprecationWarning: The `push_connection` function is deprecated. Pass the `connection` explicitly instead.
  warnings.warn(
/workspace/frappe-bench/env/lib/python3.11/site-packages/passlib/utils/__init__.py:854: DeprecationWarning: 'crypt' is deprecated and slated for removal in Python 3.13
  from crypt import crypt as _crypt
/workspace/frappe-bench/env/lib/python3.11/site-packages/rq/connections.py:72: DeprecationWarning: The `pop_connection` function is deprecated. Pass the `connection` explicitly instead.
  warnings.warn(
/workspace/frappe-bench/env/lib/python3.11/site-packages/rq/connections.py:58: DeprecationWarning: The `push_connection` function is deprecated. Pass the `connection` explicitly instead.
  warnings.warn(
/workspace/frappe-bench/env/lib/python3.11/site-packages/passlib/utils/__init__.py:854: DeprecationWarning: 'crypt' is deprecated and slated for removal in Python 3.13
  from crypt import crypt as _crypt
/workspace/frappe-bench/env/lib/python3.11/site-packages/rq/connections.py:72: DeprecationWarning: The `pop_connection` function is deprecated. Pass the `connection` explicitly instead.
  warnings.warn(
/workspace/frappe-bench/env/lib/python3.11/site-packages/rq/connections.py:58: DeprecationWarning: The `push_connection` function is deprecated. Pass the `connection` explicitly instead.
  warnings.warn(
/workspace/frappe-bench/env/lib/python3.11/site-packages/passlib/utils/__init__.py:854: DeprecationWarning: 'crypt' is deprecated and slated for removal in Python 3.13
  from crypt import crypt as _crypt
/workspace/frappe-bench/env/lib/python3.11/site-packages/pypdf/_crypt_providers/_cryptography.py:32: CryptographyDeprecationWarning: ARC4 has been moved to cryptography.hazmat.decrepit.ciphers.algorithms.ARC4 and will be removed from this module in 48.0.0.
  from cryptography.hazmat.primitives.ciphers.algorithms import AES, ARC4
/workspace/frappe-bench/env/lib/python3.11/site-packages/rq/connections.py:72: DeprecationWarning: The `pop_connection` function is deprecated. Pass the `connection` explicitly instead.
  warnings.warn(
/workspace/frappe-bench/env/lib/python3.11/site-packages/rq/connections.py:58: DeprecationWarning: The `push_connection` function is deprecated. Pass the `connection` explicitly instead.
  warnings.warn(
/workspace/frappe-bench/env/lib/python3.11/site-packages/passlib/utils/__init__.py:854: DeprecationWarning: 'crypt' is deprecated and slated for removal in Python 3.13
  from crypt import crypt as _crypt
/workspace/frappe-bench/env/lib/python3.11/site-packages/rq/connections.py:72: DeprecationWarning: The `pop_connection` function is deprecated. Pass the `connection` explicitly instead.
  warnings.warn(
/workspace/frappe-bench/env/lib/python3.11/site-packages/rq/connections.py:58: DeprecationWarning: The `push_connection` function is deprecated. Pass the `connection` explicitly instead.
  warnings.warn(
/workspace/frappe-bench/env/lib/python3.11/site-packages/passlib/utils/__init__.py:854: DeprecationWarning: 'crypt' is deprecated and slated for removal in Python 3.13
  from crypt import crypt as _crypt
/workspace/frappe-bench/env/lib/python3.11/site-packages/rq/connections.py:72: DeprecationWarning: The `pop_connection` function is deprecated. Pass the `connection` explicitly instead.
  warnings.warn(
/workspace/frappe-bench/env/lib/python3.11/site-packages/rq/connections.py:58: DeprecationWarning: The `push_connection` function is deprecated. Pass the `connection` explicitly instead.
  warnings.warn(
/workspace/frappe-bench/env/lib/python3.11/site-packages/passlib/utils/__init__.py:854: DeprecationWarning: 'crypt' is deprecated and slated for removal in Python 3.13
  from crypt import crypt as _crypt
/workspace/frappe-bench/env/lib/python3.11/site-packages/rq/connections.py:72: DeprecationWarning: The `pop_connection` function is deprecated. Pass the `connection` explicitly instead.
  warnings.warn(
/workspace/frappe-bench/env/lib/python3.11/site-packages/rq/connections.py:58: DeprecationWarning: The `push_connection` function is deprecated. Pass the `connection` explicitly instead.
  warnings.warn(
/workspace/frappe-bench/env/lib/python3.11/site-packages/passlib/utils/__init__.py:854: DeprecationWarning: 'crypt' is deprecated and slated for removal in Python 3.13
  from crypt import crypt as _crypt
/workspace/frappe-bench/env/lib/python3.11/site-packages/rq/connections.py:72: DeprecationWarning: The `pop_connection` function is deprecated. Pass the `connection` explicitly instead.
  warnings.warn(
/workspace/frappe-bench/env/lib/python3.11/site-packages/rq/connections.py:58: DeprecationWarning: The `push_connection` function is deprecated. Pass the `connection` explicitly instead.
  warnings.warn(
/workspace/frappe-bench/env/lib/python3.11/site-packages/passlib/utils/__init__.py:854: DeprecationWarning: 'crypt' is deprecated and slated for removal in Python 3.13
  from crypt import crypt as _crypt
/workspace/frappe-bench/env/lib/python3.11/site-packages/rq/connections.py:72: DeprecationWarning: The `pop_connection` function is deprecated. Pass the `connection` explicitly instead.
  warnings.warn(
/workspace/frappe-bench/env/lib/python3.11/site-packages/rq/connections.py:58: DeprecationWarning: The `push_connection` function is deprecated. Pass the `connection` explicitly instead.
  warnings.warn(
/workspace/frappe-bench/env/lib/python3.11/site-packages/passlib/utils/__init__.py:854: DeprecationWarning: 'crypt' is deprecated and slated for removal in Python 3.13
  from crypt import crypt as _crypt
/workspace/frappe-bench/env/lib/python3.11/site-packages/rq/connections.py:72: DeprecationWarning: The `pop_connection` function is deprecated. Pass the `connection` explicitly instead.
  warnings.warn(
/workspace/frappe-bench/env/lib/python3.11/site-packages/rq/connections.py:58: DeprecationWarning: The `push_connection` function is deprecated. Pass the `connection` explicitly instead.
  warnings.warn(
/workspace/frappe-bench/env/lib/python3.11/site-packages/passlib/utils/__init__.py:854: DeprecationWarning: 'crypt' is deprecated and slated for removal in Python 3.13
  from crypt import crypt as _crypt
/workspace/frappe-bench/env/lib/python3.11/site-packages/rq/connections.py:72: DeprecationWarning: The `pop_connection` function is deprecated. Pass the `connection` explicitly instead.
  warnings.warn(
/workspace/frappe-bench/env/lib/python3.11/site-packages/rq/connections.py:58: DeprecationWarning: The `push_connection` function is deprecated. Pass the `connection` explicitly instead.
  warnings.warn(
/workspace/frappe-bench/env/lib/python3.11/site-packages/passlib/utils/__init__.py:854: DeprecationWarning: 'crypt' is deprecated and slated for removal in Python 3.13
  from crypt import crypt as _crypt
/workspace/frappe-bench/env/lib/python3.11/site-packages/rq/connections.py:72: DeprecationWarning: The `pop_connection` function is deprecated. Pass the `connection` explicitly instead.
  warnings.warn(
/workspace/frappe-bench/env/lib/python3.11/site-packages/rq/connections.py:58: DeprecationWarning: The `push_connection` function is deprecated. Pass the `connection` explicitly instead.
  warnings.warn(
/workspace/frappe-bench/env/lib/python3.11/site-packages/passlib/utils/__init__.py:854: DeprecationWarning: 'crypt' is deprecated and slated for removal in Python 3.13
  from crypt import crypt as _crypt
/workspace/frappe-bench/env/lib/python3.11/site-packages/rq/connections.py:72: DeprecationWarning: The `pop_connection` function is deprecated. Pass the `connection` explicitly instead.
  warnings.warn(
/workspace/frappe-bench/env/lib/python3.11/site-packages/rq/connections.py:58: DeprecationWarning: The `push_connection` function is deprecated. Pass the `connection` explicitly instead.
  warnings.warn(
/workspace/frappe-bench/env/lib/python3.11/site-packages/passlib/utils/__init__.py:854: DeprecationWarning: 'crypt' is deprecated and slated for removal in Python 3.13
  from crypt import crypt as _crypt
/workspace/frappe-bench/env/lib/python3.11/site-packages/rq/connections.py:72: DeprecationWarning: The `pop_connection` function is deprecated. Pass the `connection` explicitly instead.
  warnings.warn(
/workspace/frappe-bench/env/lib/python3.11/site-packages/rq/connections.py:58: DeprecationWarning: The `push_connection` function is deprecated. Pass the `connection` explicitly instead.
  warnings.warn(
/workspace/frappe-bench/env/lib/python3.11/site-packages/passlib/utils/__init__.py:854: DeprecationWarning: 'crypt' is deprecated and slated for removal in Python 3.13
  from crypt import crypt as _crypt
/workspace/frappe-bench/env/lib/python3.11/site-packages/rq/connections.py:72: DeprecationWarning: The `pop_connection` function is deprecated. Pass the `connection` explicitly instead.
  warnings.warn(
/workspace/frappe-bench/env/lib/python3.11/site-packages/rq/connections.py:58: DeprecationWarning: The `push_connection` function is deprecated. Pass the `connection` explicitly instead.
  warnings.warn(
/workspace/frappe-bench/env/lib/python3.11/site-packages/passlib/utils/__init__.py:854: DeprecationWarning: 'crypt' is deprecated and slated for removal in Python 3.13
  from crypt import crypt as _crypt
/workspace/frappe-bench/env/lib/python3.11/site-packages/rq/connections.py:72: DeprecationWarning: The `pop_connection` function is deprecated. Pass the `connection` explicitly instead.
  warnings.warn(
/workspace/frappe-bench/env/lib/python3.11/site-packages/rq/connections.py:58: DeprecationWarning: The `push_connection` function is deprecated. Pass the `connection` explicitly instead.
  warnings.warn(
/workspace/frappe-bench/env/lib/python3.11/site-packages/passlib/utils/__init__.py:854: DeprecationWarning: 'crypt' is deprecated and slated for removal in Python 3.13
  from crypt import crypt as _crypt
/workspace/frappe-bench/env/lib/python3.11/site-packages/rq/connections.py:72: DeprecationWarning: The `pop_connection` function is deprecated. Pass the `connection` explicitly instead.
  warnings.warn(
/workspace/frappe-bench/env/lib/python3.11/site-packages/rq/connections.py:58: DeprecationWarning: The `push_connection` function is deprecated. Pass the `connection` explicitly instead.
  warnings.warn(
/workspace/frappe-bench/env/lib/python3.11/site-packages/passlib/utils/__init__.py:854: DeprecationWarning: 'crypt' is deprecated and slated for removal in Python 3.13
  from crypt import crypt as _crypt
/workspace/frappe-bench/env/lib/python3.11/site-packages/rq/connections.py:72: DeprecationWarning: The `pop_connection` function is deprecated. Pass the `connection` explicitly instead.
  warnings.warn(
/workspace/frappe-bench/env/lib/python3.11/site-packages/rq/connections.py:58: DeprecationWarning: The `push_connection` function is deprecated. Pass the `connection` explicitly instead.
  warnings.warn(
/workspace/frappe-bench/env/lib/python3.11/site-packages/passlib/utils/__init__.py:854: DeprecationWarning: 'crypt' is deprecated and slated for removal in Python 3.13
  from crypt import crypt as _crypt
/workspace/frappe-bench/env/lib/python3.11/site-packages/rq/connections.py:72: DeprecationWarning: The `pop_connection` function is deprecated. Pass the `connection` explicitly instead.
  warnings.warn(
/workspace/frappe-bench/env/lib/python3.11/site-packages/rq/connections.py:58: DeprecationWarning: The `push_connection` function is deprecated. Pass the `connection` explicitly instead.
  warnings.warn(
/workspace/frappe-bench/env/lib/python3.11/site-packages/passlib/utils/__init__.py:854: DeprecationWarning: 'crypt' is deprecated and slated for removal in Python 3.13
  from crypt import crypt as _crypt
/workspace/frappe-bench/env/lib/python3.11/site-packages/rq/connections.py:72: DeprecationWarning: The `pop_connection` function is deprecated. Pass the `connection` explicitly instead.
  warnings.warn(
/workspace/frappe-bench/env/lib/python3.11/site-packages/rq/connections.py:58: DeprecationWarning: The `push_connection` function is deprecated. Pass the `connection` explicitly instead.
  warnings.warn(
/workspace/frappe-bench/env/lib/python3.11/site-packages/passlib/utils/__init__.py:854: DeprecationWarning: 'crypt' is deprecated and slated for removal in Python 3.13
  from crypt import crypt as _crypt
/workspace/frappe-bench/env/lib/python3.11/site-packages/rq/connections.py:72: DeprecationWarning: The `pop_connection` function is deprecated. Pass the `connection` explicitly instead.
  warnings.warn(
/workspace/frappe-bench/env/lib/python3.11/site-packages/rq/connections.py:58: DeprecationWarning: The `push_connection` function is deprecated. Pass the `connection` explicitly instead.
  warnings.warn(
/workspace/frappe-bench/env/lib/python3.11/site-packages/passlib/utils/__init__.py:854: DeprecationWarning: 'crypt' is deprecated and slated for removal in Python 3.13
  from crypt import crypt as _crypt
/workspace/frappe-bench/env/lib/python3.11/site-packages/rq/connections.py:72: DeprecationWarning: The `pop_connection` function is deprecated. Pass the `connection` explicitly instead.
  warnings.warn(
/workspace/frappe-bench/env/lib/python3.11/site-packages/rq/connections.py:58: DeprecationWarning: The `push_connection` function is deprecated. Pass the `connection` explicitly instead.
  warnings.warn(
/workspace/frappe-bench/env/lib/python3.11/site-packages/passlib/utils/__init__.py:854: DeprecationWarning: 'crypt' is deprecated and slated for removal in Python 3.13
  from crypt import crypt as _crypt
/workspace/frappe-bench/env/lib/python3.11/site-packages/rq/connections.py:72: DeprecationWarning: The `pop_connection` function is deprecated. Pass the `connection` explicitly instead.
  warnings.warn(
/workspace/frappe-bench/env/lib/python3.11/site-packages/rq/connections.py:58: DeprecationWarning: The `push_connection` function is deprecated. Pass the `connection` explicitly instead.
  warnings.warn(
/workspace/frappe-bench/env/lib/python3.11/site-packages/passlib/utils/__init__.py:854: DeprecationWarning: 'crypt' is deprecated and slated for removal in Python 3.13
  from crypt import crypt as _crypt
/workspace/frappe-bench/env/lib/python3.11/site-packages/rq/connections.py:72: DeprecationWarning: The `pop_connection` function is deprecated. Pass the `connection` explicitly instead.
  warnings.warn(
/workspace/frappe-bench/env/lib/python3.11/site-packages/rq/connections.py:58: DeprecationWarning: The `push_connection` function is deprecated. Pass the `connection` explicitly instead.
  warnings.warn(
/workspace/frappe-bench/env/lib/python3.11/site-packages/passlib/utils/__init__.py:854: DeprecationWarning: 'crypt' is deprecated and slated for removal in Python 3.13
  from crypt import crypt as _crypt
/workspace/frappe-bench/env/lib/python3.11/site-packages/rq/connections.py:72: DeprecationWarning: The `pop_connection` function is deprecated. Pass the `connection` explicitly instead.
  warnings.warn(
/workspace/frappe-bench/env/lib/python3.11/site-packages/rq/connections.py:58: DeprecationWarning: The `push_connection` function is deprecated. Pass the `connection` explicitly instead.
  warnings.warn(
/workspace/frappe-bench/env/lib/python3.11/site-packages/passlib/utils/__init__.py:854: DeprecationWarning: 'crypt' is deprecated and slated for removal in Python 3.13
  from crypt import crypt as _crypt
/workspace/frappe-bench/env/lib/python3.11/site-packages/rq/connections.py:72: DeprecationWarning: The `pop_connection` function is deprecated. Pass the `connection` explicitly instead.
  warnings.warn(
/workspace/frappe-bench/env/lib/python3.11/site-packages/rq/connections.py:58: DeprecationWarning: The `push_connection` function is deprecated. Pass the `connection` explicitly instead.
  warnings.warn(
/workspace/frappe-bench/env/lib/python3.11/site-packages/passlib/utils/__init__.py:854: DeprecationWarning: 'crypt' is deprecated and slated for removal in Python 3.13
  from crypt import crypt as _crypt
/workspace/frappe-bench/env/lib/python3.11/site-packages/rq/connections.py:72: DeprecationWarning: The `pop_connection` function is deprecated. Pass the `connection` explicitly instead.
  warnings.warn(
/workspace/frappe-bench/env/lib/python3.11/site-packages/rq/connections.py:58: DeprecationWarning: The `push_connection` function is deprecated. Pass the `connection` explicitly instead.
  warnings.warn(
/workspace/frappe-bench/env/lib/python3.11/site-packages/passlib/utils/__init__.py:854: DeprecationWarning: 'crypt' is deprecated and slated for removal in Python 3.13
  from crypt import crypt as _crypt
/workspace/frappe-bench/env/lib/python3.11/site-packages/rq/connections.py:72: DeprecationWarning: The `pop_connection` function is deprecated. Pass the `connection` explicitly instead.
  warnings.warn(
/workspace/frappe-bench/env/lib/python3.11/site-packages/rq/connections.py:58: DeprecationWarning: The `push_connection` function is deprecated. Pass the `connection` explicitly instead.
  warnings.warn(
/workspace/frappe-bench/env/lib/python3.11/site-packages/passlib/utils/__init__.py:854: DeprecationWarning: 'crypt' is deprecated and slated for removal in Python 3.13
  from crypt import crypt as _crypt
/workspace/frappe-bench/env/lib/python3.11/site-packages/pypdf/_crypt_providers/_cryptography.py:32: CryptographyDeprecationWarning: ARC4 has been moved to cryptography.hazmat.decrepit.ciphers.algorithms.ARC4 and will be removed from this module in 48.0.0.
  from cryptography.hazmat.primitives.ciphers.algorithms import AES, ARC4
/workspace/frappe-bench/env/lib/python3.11/site-packages/rq/connections.py:72: DeprecationWarning: The `pop_connection` function is deprecated. Pass the `connection` explicitly instead.
  warnings.warn(
/workspace/frappe-bench/env/lib/python3.11/site-packages/rq/connections.py:58: DeprecationWarning: The `push_connection` function is deprecated. Pass the `connection` explicitly instead.
  warnings.warn(
/workspace/frappe-bench/env/lib/python3.11/site-packages/passlib/utils/__init__.py:854: DeprecationWarning: 'crypt' is deprecated and slated for removal in Python 3.13
  from crypt import crypt as _crypt
/workspace/frappe-bench/env/lib/python3.11/site-packages/rq/connections.py:72: DeprecationWarning: The `pop_connection` function is deprecated. Pass the `connection` explicitly instead.
  warnings.warn(
/workspace/frappe-bench/env/lib/python3.11/site-packages/rq/connections.py:58: DeprecationWarning: The `push_connection` function is deprecated. Pass the `connection` explicitly instead.
  warnings.warn(
/workspace/frappe-bench/env/lib/python3.11/site-packages/passlib/utils/__init__.py:854: DeprecationWarning: 'crypt' is deprecated and slated for removal in Python 3.13
  from crypt import crypt as _crypt
/workspace/frappe-bench/env/lib/python3.11/site-packages/rq/connections.py:72: DeprecationWarning: The `pop_connection` function is deprecated. Pass the `connection` explicitly instead.
  warnings.warn(
/workspace/frappe-bench/env/lib/python3.11/site-packages/rq/connections.py:58: DeprecationWarning: The `push_connection` function is deprecated. Pass the `connection` explicitly instead.
  warnings.warn(
/workspace/frappe-bench/env/lib/python3.11/site-packages/passlib/utils/__init__.py:854: DeprecationWarning: 'crypt' is deprecated and slated for removal in Python 3.13
  from crypt import crypt as _crypt
/workspace/frappe-bench/env/lib/python3.11/site-packages/rq/connections.py:72: DeprecationWarning: The `pop_connection` function is deprecated. Pass the `connection` explicitly instead.
  warnings.warn(
/workspace/frappe-bench/env/lib/python3.11/site-packages/rq/connections.py:58: DeprecationWarning: The `push_connection` function is deprecated. Pass the `connection` explicitly instead.
  warnings.warn(
/workspace/frappe-bench/env/lib/python3.11/site-packages/passlib/utils/__init__.py:854: DeprecationWarning: 'crypt' is deprecated and slated for removal in Python 3.13
  from crypt import crypt as _crypt
/workspace/frappe-bench/env/lib/python3.11/site-packages/rq/connections.py:72: DeprecationWarning: The `pop_connection` function is deprecated. Pass the `connection` explicitly instead.
  warnings.warn(
/workspace/frappe-bench/env/lib/python3.11/site-packages/rq/connections.py:58: DeprecationWarning: The `push_connection` function is deprecated. Pass the `connection` explicitly instead.
  warnings.warn(
/workspace/frappe-bench/env/lib/python3.11/site-packages/passlib/utils/__init__.py:854: DeprecationWarning: 'crypt' is deprecated and slated for removal in Python 3.13
  from crypt import crypt as _crypt
/workspace/frappe-bench/env/lib/python3.11/site-packages/rq/connections.py:72: DeprecationWarning: The `pop_connection` function is deprecated. Pass the `connection` explicitly instead.
  warnings.warn(
/workspace/frappe-bench/env/lib/python3.11/site-packages/rq/connections.py:58: DeprecationWarning: The `push_connection` function is deprecated. Pass the `connection` explicitly instead.
  warnings.warn(
/workspace/frappe-bench/env/lib/python3.11/site-packages/passlib/utils/__init__.py:854: DeprecationWarning: 'crypt' is deprecated and slated for removal in Python 3.13
  from crypt import crypt as _crypt
/workspace/frappe-bench/env/lib/python3.11/site-packages/rq/connections.py:72: DeprecationWarning: The `pop_connection` function is deprecated. Pass the `connection` explicitly instead.
  warnings.warn(
/workspace/frappe-bench/env/lib/python3.11/site-packages/rq/connections.py:58: DeprecationWarning: The `push_connection` function is deprecated. Pass the `connection` explicitly instead.
  warnings.warn(
/workspace/frappe-bench/env/lib/python3.11/site-packages/passlib/utils/__init__.py:854: DeprecationWarning: 'crypt' is deprecated and slated for removal in Python 3.13
  from crypt import crypt as _crypt
/workspace/frappe-bench/env/lib/python3.11/site-packages/rq/connections.py:72: DeprecationWarning: The `pop_connection` function is deprecated. Pass the `connection` explicitly instead.
  warnings.warn(
/workspace/frappe-bench/env/lib/python3.11/site-packages/rq/connections.py:58: DeprecationWarning: The `push_connection` function is deprecated. Pass the `connection` explicitly instead.
  warnings.warn(
/workspace/frappe-bench/env/lib/python3.11/site-packages/passlib/utils/__init__.py:854: DeprecationWarning: 'crypt' is deprecated and slated for removal in Python 3.13
  from crypt import crypt as _crypt
/workspace/frappe-bench/env/lib/python3.11/site-packages/rq/connections.py:72: DeprecationWarning: The `pop_connection` function is deprecated. Pass the `connection` explicitly instead.
  warnings.warn(
/workspace/frappe-bench/env/lib/python3.11/site-packages/rq/connections.py:58: DeprecationWarning: The `push_connection` function is deprecated. Pass the `connection` explicitly instead.
  warnings.warn(
/workspace/frappe-bench/env/lib/python3.11/site-packages/passlib/utils/__init__.py:854: DeprecationWarning: 'crypt' is deprecated and slated for removal in Python 3.13
  from crypt import crypt as _crypt
/workspace/frappe-bench/env/lib/python3.11/site-packages/rq/connections.py:72: DeprecationWarning: The `pop_connection` function is deprecated. Pass the `connection` explicitly instead.
  warnings.warn(
/workspace/frappe-bench/env/lib/python3.11/site-packages/rq/connections.py:58: DeprecationWarning: The `push_connection` function is deprecated. Pass the `connection` explicitly instead.
  warnings.warn(
/workspace/frappe-bench/env/lib/python3.11/site-packages/passlib/utils/__init__.py:854: DeprecationWarning: 'crypt' is deprecated and slated for removal in Python 3.13
  from crypt import crypt as _crypt
/workspace/frappe-bench/env/lib/python3.11/site-packages/rq/connections.py:72: DeprecationWarning: The `pop_connection` function is deprecated. Pass the `connection` explicitly instead.
  warnings.warn(
/workspace/frappe-bench/env/lib/python3.11/site-packages/rq/connections.py:58: DeprecationWarning: The `push_connection` function is deprecated. Pass the `connection` explicitly instead.
  warnings.warn(
/workspace/frappe-bench/env/lib/python3.11/site-packages/passlib/utils/__init__.py:854: DeprecationWarning: 'crypt' is deprecated and slated for removal in Python 3.13
  from crypt import crypt as _crypt
/workspace/frappe-bench/env/lib/python3.11/site-packages/rq/connections.py:72: DeprecationWarning: The `pop_connection` function is deprecated. Pass the `connection` explicitly instead.
  warnings.warn(
/workspace/frappe-bench/env/lib/python3.11/site-packages/rq/connections.py:58: DeprecationWarning: The `push_connection` function is deprecated. Pass the `connection` explicitly instead.
  warnings.warn(
/workspace/frappe-bench/env/lib/python3.11/site-packages/passlib/utils/__init__.py:854: DeprecationWarning: 'crypt' is deprecated and slated for removal in Python 3.13
  from crypt import crypt as _crypt
/workspace/frappe-bench/env/lib/python3.11/site-packages/rq/connections.py:72: DeprecationWarning: The `pop_connection` function is deprecated. Pass the `connection` explicitly instead.
  warnings.warn(
/workspace/frappe-bench/env/lib/python3.11/site-packages/rq/connections.py:58: DeprecationWarning: The `push_connection` function is deprecated. Pass the `connection` explicitly instead.
  warnings.warn(
/workspace/frappe-bench/env/lib/python3.11/site-packages/passlib/utils/__init__.py:854: DeprecationWarning: 'crypt' is deprecated and slated for removal in Python 3.13
  from crypt import crypt as _crypt
/workspace/frappe-bench/env/lib/python3.11/site-packages/pypdf/_crypt_providers/_cryptography.py:32: CryptographyDeprecationWarning: ARC4 has been moved to cryptography.hazmat.decrepit.ciphers.algorithms.ARC4 and will be removed from this module in 48.0.0.
  from cryptography.hazmat.primitives.ciphers.algorithms import AES, ARC4
/workspace/frappe-bench/env/lib/python3.11/site-packages/rq/connections.py:72: DeprecationWarning: The `pop_connection` function is deprecated. Pass the `connection` explicitly instead.
  warnings.warn(
/workspace/frappe-bench/env/lib/python3.11/site-packages/rq/connections.py:58: DeprecationWarning: The `push_connection` function is deprecated. Pass the `connection` explicitly instead.
  warnings.warn(
/workspace/frappe-bench/env/lib/python3.11/site-packages/passlib/utils/__init__.py:854: DeprecationWarning: 'crypt' is deprecated and slated for removal in Python 3.13
  from crypt import crypt as _crypt
/workspace/frappe-bench/env/lib/python3.11/site-packages/rq/connections.py:72: DeprecationWarning: The `pop_connection` function is deprecated. Pass the `connection` explicitly instead.
  warnings.warn(
/workspace/frappe-bench/env/lib/python3.11/site-packages/rq/connections.py:58: DeprecationWarning: The `push_connection` function is deprecated. Pass the `connection` explicitly instead.
  warnings.warn(
/workspace/frappe-bench/env/lib/python3.11/site-packages/passlib/utils/__init__.py:854: DeprecationWarning: 'crypt' is deprecated and slated for removal in Python 3.13
  from crypt import crypt as _crypt
/workspace/frappe-bench/env/lib/python3.11/site-packages/rq/connections.py:72: DeprecationWarning: The `pop_connection` function is deprecated. Pass the `connection` explicitly instead.
  warnings.warn(
/workspace/frappe-bench/env/lib/python3.11/site-packages/rq/connections.py:58: DeprecationWarning: The `push_connection` function is deprecated. Pass the `connection` explicitly instead.
  warnings.warn(
/workspace/frappe-bench/env/lib/python3.11/site-packages/passlib/utils/__init__.py:854: DeprecationWarning: 'crypt' is deprecated and slated for removal in Python 3.13
  from crypt import crypt as _crypt
/workspace/frappe-bench/env/lib/python3.11/site-packages/rq/connections.py:72: DeprecationWarning: The `pop_connection` function is deprecated. Pass the `connection` explicitly instead.
  warnings.warn(
/workspace/frappe-bench/env/lib/python3.11/site-packages/rq/connections.py:58: DeprecationWarning: The `push_connection` function is deprecated. Pass the `connection` explicitly instead.
  warnings.warn(
/workspace/frappe-bench/env/lib/python3.11/site-packages/passlib/utils/__init__.py:854: DeprecationWarning: 'crypt' is deprecated and slated for removal in Python 3.13
  from crypt import crypt as _crypt
/workspace/frappe-bench/env/lib/python3.11/site-packages/rq/connections.py:72: DeprecationWarning: The `pop_connection` function is deprecated. Pass the `connection` explicitly instead.
  warnings.warn(
/workspace/frappe-bench/env/lib/python3.11/site-packages/rq/connections.py:58: DeprecationWarning: The `push_connection` function is deprecated. Pass the `connection` explicitly instead.
  warnings.warn(
/workspace/frappe-bench/env/lib/python3.11/site-packages/passlib/utils/__init__.py:854: DeprecationWarning: 'crypt' is deprecated and slated for removal in Python 3.13
  from crypt import crypt as _crypt
/workspace/frappe-bench/env/lib/python3.11/site-packages/rq/connections.py:72: DeprecationWarning: The `pop_connection` function is deprecated. Pass the `connection` explicitly instead.
  warnings.warn(
/workspace/frappe-bench/env/lib/python3.11/site-packages/rq/connections.py:58: DeprecationWarning: The `push_connection` function is deprecated. Pass the `connection` explicitly instead.
  warnings.warn(
/workspace/frappe-bench/env/lib/python3.11/site-packages/passlib/utils/__init__.py:854: DeprecationWarning: 'crypt' is deprecated and slated for removal in Python 3.13
  from crypt import crypt as _crypt
/workspace/frappe-bench/env/lib/python3.11/site-packages/rq/connections.py:72: DeprecationWarning: The `pop_connection` function is deprecated. Pass the `connection` explicitly instead.
  warnings.warn(
/workspace/frappe-bench/env/lib/python3.11/site-packages/rq/connections.py:58: DeprecationWarning: The `push_connection` function is deprecated. Pass the `connection` explicitly instead.
  warnings.warn(
/workspace/frappe-bench/env/lib/python3.11/site-packages/passlib/utils/__init__.py:854: DeprecationWarning: 'crypt' is deprecated and slated for removal in Python 3.13
  from crypt import crypt as _crypt
/workspace/frappe-bench/env/lib/python3.11/site-packages/rq/connections.py:72: DeprecationWarning: The `pop_connection` function is deprecated. Pass the `connection` explicitly instead.
  warnings.warn(
/workspace/frappe-bench/env/lib/python3.11/site-packages/rq/connections.py:58: DeprecationWarning: The `push_connection` function is deprecated. Pass the `connection` explicitly instead.
  warnings.warn(
/workspace/frappe-bench/env/lib/python3.11/site-packages/passlib/utils/__init__.py:854: DeprecationWarning: 'crypt' is deprecated and slated for removal in Python 3.13
  from crypt import crypt as _crypt
/workspace/frappe-bench/env/lib/python3.11/site-packages/rq/connections.py:72: DeprecationWarning: The `pop_connection` function is deprecated. Pass the `connection` explicitly instead.
  warnings.warn(
/workspace/frappe-bench/env/lib/python3.11/site-packages/rq/connections.py:58: DeprecationWarning: The `push_connection` function is deprecated. Pass the `connection` explicitly instead.
  warnings.warn(
/workspace/frappe-bench/env/lib/python3.11/site-packages/passlib/utils/__init__.py:854: DeprecationWarning: 'crypt' is deprecated and slated for removal in Python 3.13
  from crypt import crypt as _crypt
/workspace/frappe-bench/env/lib/python3.11/site-packages/rq/connections.py:72: DeprecationWarning: The `pop_connection` function is deprecated. Pass the `connection` explicitly instead.
  warnings.warn(
/workspace/frappe-bench/env/lib/python3.11/site-packages/rq/connections.py:58: DeprecationWarning: The `push_connection` function is deprecated. Pass the `connection` explicitly instead.
  warnings.warn(
/workspace/frappe-bench/env/lib/python3.11/site-packages/passlib/utils/__init__.py:854: DeprecationWarning: 'crypt' is deprecated and slated for removal in Python 3.13
  from crypt import crypt as _crypt
/workspace/frappe-bench/env/lib/python3.11/site-packages/rq/connections.py:72: DeprecationWarning: The `pop_connection` function is deprecated. Pass the `connection` explicitly instead.
  warnings.warn(
/workspace/frappe-bench/env/lib/python3.11/site-packages/rq/connections.py:58: DeprecationWarning: The `push_connection` function is deprecated. Pass the `connection` explicitly instead.
  warnings.warn(
/workspace/frappe-bench/env/lib/python3.11/site-packages/passlib/utils/__init__.py:854: DeprecationWarning: 'crypt' is deprecated and slated for removal in Python 3.13
  from crypt import crypt as _crypt
/workspace/frappe-bench/env/lib/python3.11/site-packages/rq/connections.py:72: DeprecationWarning: The `pop_connection` function is deprecated. Pass the `connection` explicitly instead.
  warnings.warn(
/workspace/frappe-bench/env/lib/python3.11/site-packages/rq/connections.py:58: DeprecationWarning: The `push_connection` function is deprecated. Pass the `connection` explicitly instead.
  warnings.warn(
/workspace/frappe-bench/env/lib/python3.11/site-packages/passlib/utils/__init__.py:854: DeprecationWarning: 'crypt' is deprecated and slated for removal in Python 3.13
  from crypt import crypt as _crypt
/workspace/frappe-bench/env/lib/python3.11/site-packages/rq/connections.py:72: DeprecationWarning: The `pop_connection` function is deprecated. Pass the `connection` explicitly instead.
  warnings.warn(
/workspace/frappe-bench/env/lib/python3.11/site-packages/rq/connections.py:58: DeprecationWarning: The `push_connection` function is deprecated. Pass the `connection` explicitly instead.
  warnings.warn(
/workspace/frappe-bench/env/lib/python3.11/site-packages/passlib/utils/__init__.py:854: DeprecationWarning: 'crypt' is deprecated and slated for removal in Python 3.13
  from crypt import crypt as _crypt
/workspace/frappe-bench/env/lib/python3.11/site-packages/pypdf/_crypt_providers/_cryptography.py:32: CryptographyDeprecationWarning: ARC4 has been moved to cryptography.hazmat.decrepit.ciphers.algorithms.ARC4 and will be removed from this module in 48.0.0.
  from cryptography.hazmat.primitives.ciphers.algorithms import AES, ARC4
/workspace/frappe-bench/env/lib/python3.11/site-packages/rq/connections.py:72: DeprecationWarning: The `pop_connection` function is deprecated. Pass the `connection` explicitly instead.
  warnings.warn(
/workspace/frappe-bench/env/lib/python3.11/site-packages/rq/connections.py:58: DeprecationWarning: The `push_connection` function is deprecated. Pass the `connection` explicitly instead.
  warnings.warn(
/workspace/frappe-bench/env/lib/python3.11/site-packages/passlib/utils/__init__.py:854: DeprecationWarning: 'crypt' is deprecated and slated for removal in Python 3.13
  from crypt import crypt as _crypt
/workspace/frappe-bench/env/lib/python3.11/site-packages/rq/connections.py:72: DeprecationWarning: The `pop_connection` function is deprecated. Pass the `connection` explicitly instead.
  warnings.warn(
/workspace/frappe-bench/env/lib/python3.11/site-packages/rq/connections.py:58: DeprecationWarning: The `push_connection` function is deprecated. Pass the `connection` explicitly instead.
  warnings.warn(
/workspace/frappe-bench/env/lib/python3.11/site-packages/passlib/utils/__init__.py:854: DeprecationWarning: 'crypt' is deprecated and slated for removal in Python 3.13
  from crypt import crypt as _crypt
/workspace/frappe-bench/env/lib/python3.11/site-packages/rq/connections.py:72: DeprecationWarning: The `pop_connection` function is deprecated. Pass the `connection` explicitly instead.
  warnings.warn(
/workspace/frappe-bench/env/lib/python3.11/site-packages/rq/connections.py:58: DeprecationWarning: The `push_connection` function is deprecated. Pass the `connection` explicitly instead.
  warnings.warn(
/workspace/frappe-bench/env/lib/python3.11/site-packages/passlib/utils/__init__.py:854: DeprecationWarning: 'crypt' is deprecated and slated for removal in Python 3.13
  from crypt import crypt as _crypt
/workspace/frappe-bench/env/lib/python3.11/site-packages/rq/connections.py:72: DeprecationWarning: The `pop_connection` function is deprecated. Pass the `connection` explicitly instead.
  warnings.warn(
/workspace/frappe-bench/env/lib/python3.11/site-packages/rq/connections.py:58: DeprecationWarning: The `push_connection` function is deprecated. Pass the `connection` explicitly instead.
  warnings.warn(
/workspace/frappe-bench/env/lib/python3.11/site-packages/passlib/utils/__init__.py:854: DeprecationWarning: 'crypt' is deprecated and slated for removal in Python 3.13
  from crypt import crypt as _crypt
/workspace/frappe-bench/env/lib/python3.11/site-packages/rq/connections.py:72: DeprecationWarning: The `pop_connection` function is deprecated. Pass the `connection` explicitly instead.
  warnings.warn(
/workspace/frappe-bench/env/lib/python3.11/site-packages/rq/connections.py:58: DeprecationWarning: The `push_connection` function is deprecated. Pass the `connection` explicitly instead.
  warnings.warn(
/workspace/frappe-bench/env/lib/python3.11/site-packages/passlib/utils/__init__.py:854: DeprecationWarning: 'crypt' is deprecated and slated for removal in Python 3.13
  from crypt import crypt as _crypt
/workspace/frappe-bench/env/lib/python3.11/site-packages/rq/connections.py:72: DeprecationWarning: The `pop_connection` function is deprecated. Pass the `connection` explicitly instead.
  warnings.warn(
/workspace/frappe-bench/env/lib/python3.11/site-packages/rq/connections.py:58: DeprecationWarning: The `push_connection` function is deprecated. Pass the `connection` explicitly instead.
  warnings.warn(
/workspace/frappe-bench/env/lib/python3.11/site-packages/passlib/utils/__init__.py:854: DeprecationWarning: 'crypt' is deprecated and slated for removal in Python 3.13
  from crypt import crypt as _crypt
/workspace/frappe-bench/env/lib/python3.11/site-packages/pypdf/_crypt_providers/_cryptography.py:32: CryptographyDeprecationWarning: ARC4 has been moved to cryptography.hazmat.decrepit.ciphers.algorithms.ARC4 and will be removed from this module in 48.0.0.
  from cryptography.hazmat.primitives.ciphers.algorithms import AES, ARC4
/workspace/frappe-bench/env/lib/python3.11/site-packages/rq/connections.py:72: DeprecationWarning: The `pop_connection` function is deprecated. Pass the `connection` explicitly instead.
  warnings.warn(
/workspace/frappe-bench/env/lib/python3.11/site-packages/rq/connections.py:58: DeprecationWarning: The `push_connection` function is deprecated. Pass the `connection` explicitly instead.
  warnings.warn(
/workspace/frappe-bench/env/lib/python3.11/site-packages/passlib/utils/__init__.py:854: DeprecationWarning: 'crypt' is deprecated and slated for removal in Python 3.13
  from crypt import crypt as _crypt
/workspace/frappe-bench/env/lib/python3.11/site-packages/rq/connections.py:72: DeprecationWarning: The `pop_connection` function is deprecated. Pass the `connection` explicitly instead.
  warnings.warn(
/workspace/frappe-bench/env/lib/python3.11/site-packages/rq/connections.py:58: DeprecationWarning: The `push_connection` function is deprecated. Pass the `connection` explicitly instead.
  warnings.warn(
/workspace/frappe-bench/env/lib/python3.11/site-packages/passlib/utils/__init__.py:854: DeprecationWarning: 'crypt' is deprecated and slated for removal in Python 3.13
  from crypt import crypt as _crypt
/workspace/frappe-bench/env/lib/python3.11/site-packages/pypdf/_crypt_providers/_cryptography.py:32: CryptographyDeprecationWarning: ARC4 has been moved to cryptography.hazmat.decrepit.ciphers.algorithms.ARC4 and will be removed from this module in 48.0.0.
  from cryptography.hazmat.primitives.ciphers.algorithms import AES, ARC4
/workspace/frappe-bench/env/lib/python3.11/site-packages/rq/connections.py:72: DeprecationWarning: The `pop_connection` function is deprecated. Pass the `connection` explicitly instead.
  warnings.warn(
/workspace/frappe-bench/env/lib/python3.11/site-packages/rq/connections.py:58: DeprecationWarning: The `push_connection` function is deprecated. Pass the `connection` explicitly instead.
  warnings.warn(
/workspace/frappe-bench/env/lib/python3.11/site-packages/passlib/utils/__init__.py:854: DeprecationWarning: 'crypt' is deprecated and slated for removal in Python 3.13
  from crypt import crypt as _crypt
/workspace/frappe-bench/env/lib/python3.11/site-packages/rq/connections.py:72: DeprecationWarning: The `pop_connection` function is deprecated. Pass the `connection` explicitly instead.
  warnings.warn(
/workspace/frappe-bench/env/lib/python3.11/site-packages/rq/connections.py:58: DeprecationWarning: The `push_connection` function is deprecated. Pass the `connection` explicitly instead.
  warnings.warn(
/workspace/frappe-bench/env/lib/python3.11/site-packages/passlib/utils/__init__.py:854: DeprecationWarning: 'crypt' is deprecated and slated for removal in Python 3.13
  from crypt import crypt as _crypt
/workspace/frappe-bench/env/lib/python3.11/site-packages/rq/connections.py:72: DeprecationWarning: The `pop_connection` function is deprecated. Pass the `connection` explicitly instead.
  warnings.warn(
/workspace/frappe-bench/env/lib/python3.11/site-packages/rq/connections.py:58: DeprecationWarning: The `push_connection` function is deprecated. Pass the `connection` explicitly instead.
  warnings.warn(
/workspace/frappe-bench/env/lib/python3.11/site-packages/passlib/utils/__init__.py:854: DeprecationWarning: 'crypt' is deprecated and slated for removal in Python 3.13
  from crypt import crypt as _crypt
/workspace/frappe-bench/env/lib/python3.11/site-packages/rq/connections.py:72: DeprecationWarning: The `pop_connection` function is deprecated. Pass the `connection` explicitly instead.
  warnings.warn(
/workspace/frappe-bench/env/lib/python3.11/site-packages/rq/connections.py:58: DeprecationWarning: The `push_connection` function is deprecated. Pass the `connection` explicitly instead.
  warnings.warn(
/workspace/frappe-bench/env/lib/python3.11/site-packages/passlib/utils/__init__.py:854: DeprecationWarning: 'crypt' is deprecated and slated for removal in Python 3.13
  from crypt import crypt as _crypt
/workspace/frappe-bench/env/lib/python3.11/site-packages/rq/connections.py:72: DeprecationWarning: The `pop_connection` function is deprecated. Pass the `connection` explicitly instead.
  warnings.warn(
/workspace/frappe-bench/env/lib/python3.11/site-packages/rq/connections.py:58: DeprecationWarning: The `push_connection` function is deprecated. Pass the `connection` explicitly instead.
  warnings.warn(
/workspace/frappe-bench/env/lib/python3.11/site-packages/passlib/utils/__init__.py:854: DeprecationWarning: 'crypt' is deprecated and slated for removal in Python 3.13
  from crypt import crypt as _crypt
/workspace/frappe-bench/env/lib/python3.11/site-packages/rq/connections.py:72: DeprecationWarning: The `pop_connection` function is deprecated. Pass the `connection` explicitly instead.
  warnings.warn(
/workspace/frappe-bench/env/lib/python3.11/site-packages/rq/connections.py:58: DeprecationWarning: The `push_connection` function is deprecated. Pass the `connection` explicitly instead.
  warnings.warn(
/workspace/frappe-bench/env/lib/python3.11/site-packages/passlib/utils/__init__.py:854: DeprecationWarning: 'crypt' is deprecated and slated for removal in Python 3.13
  from crypt import crypt as _crypt
/workspace/frappe-bench/env/lib/python3.11/site-packages/rq/connections.py:72: DeprecationWarning: The `pop_connection` function is deprecated. Pass the `connection` explicitly instead.
  warnings.warn(
/workspace/frappe-bench/env/lib/python3.11/site-packages/rq/connections.py:58: DeprecationWarning: The `push_connection` function is deprecated. Pass the `connection` explicitly instead.
  warnings.warn(
/workspace/frappe-bench/env/lib/python3.11/site-packages/passlib/utils/__init__.py:854: DeprecationWarning: 'crypt' is deprecated and slated for removal in Python 3.13
  from crypt import crypt as _crypt
/workspace/frappe-bench/env/lib/python3.11/site-packages/rq/connections.py:72: DeprecationWarning: The `pop_connection` function is deprecated. Pass the `connection` explicitly instead.
  warnings.warn(
/workspace/frappe-bench/env/lib/python3.11/site-packages/rq/connections.py:58: DeprecationWarning: The `push_connection` function is deprecated. Pass the `connection` explicitly instead.
  warnings.warn(
/workspace/frappe-bench/env/lib/python3.11/site-packages/passlib/utils/__init__.py:854: DeprecationWarning: 'crypt' is deprecated and slated for removal in Python 3.13
  from crypt import crypt as _crypt
/workspace/frappe-bench/env/lib/python3.11/site-packages/rq/connections.py:72: DeprecationWarning: The `pop_connection` function is deprecated. Pass the `connection` explicitly instead.
  warnings.warn(
/workspace/frappe-bench/env/lib/python3.11/site-packages/rq/connections.py:58: DeprecationWarning: The `push_connection` function is deprecated. Pass the `connection` explicitly instead.
  warnings.warn(
/workspace/frappe-bench/env/lib/python3.11/site-packages/passlib/utils/__init__.py:854: DeprecationWarning: 'crypt' is deprecated and slated for removal in Python 3.13
  from crypt import crypt as _crypt
/workspace/frappe-bench/env/lib/python3.11/site-packages/rq/connections.py:72: DeprecationWarning: The `pop_connection` function is deprecated. Pass the `connection` explicitly instead.
  warnings.warn(
/workspace/frappe-bench/env/lib/python3.11/site-packages/rq/connections.py:58: DeprecationWarning: The `push_connection` function is deprecated. Pass the `connection` explicitly instead.
  warnings.warn(
/workspace/frappe-bench/env/lib/python3.11/site-packages/passlib/utils/__init__.py:854: DeprecationWarning: 'crypt' is deprecated and slated for removal in Python 3.13
  from crypt import crypt as _crypt
/workspace/frappe-bench/env/lib/python3.11/site-packages/rq/connections.py:72: DeprecationWarning: The `pop_connection` function is deprecated. Pass the `connection` explicitly instead.
  warnings.warn(
/workspace/frappe-bench/env/lib/python3.11/site-packages/rq/connections.py:58: DeprecationWarning: The `push_connection` function is deprecated. Pass the `connection` explicitly instead.
  warnings.warn(
/workspace/frappe-bench/env/lib/python3.11/site-packages/passlib/utils/__init__.py:854: DeprecationWarning: 'crypt' is deprecated and slated for removal in Python 3.13
  from crypt import crypt as _crypt
/workspace/frappe-bench/env/lib/python3.11/site-packages/rq/connections.py:72: DeprecationWarning: The `pop_connection` function is deprecated. Pass the `connection` explicitly instead.
  warnings.warn(
/workspace/frappe-bench/env/lib/python3.11/site-packages/rq/connections.py:58: DeprecationWarning: The `push_connection` function is deprecated. Pass the `connection` explicitly instead.
  warnings.warn(
/workspace/frappe-bench/env/lib/python3.11/site-packages/passlib/utils/__init__.py:854: DeprecationWarning: 'crypt' is deprecated and slated for removal in Python 3.13
  from crypt import crypt as _crypt
/workspace/frappe-bench/env/lib/python3.11/site-packages/rq/connections.py:72: DeprecationWarning: The `pop_connection` function is deprecated. Pass the `connection` explicitly instead.
  warnings.warn(
/workspace/frappe-bench/env/lib/python3.11/site-packages/rq/connections.py:58: DeprecationWarning: The `push_connection` function is deprecated. Pass the `connection` explicitly instead.
  warnings.warn(
/workspace/frappe-bench/env/lib/python3.11/site-packages/passlib/utils/__init__.py:854: DeprecationWarning: 'crypt' is deprecated and slated for removal in Python 3.13
  from crypt import crypt as _crypt
/workspace/frappe-bench/env/lib/python3.11/site-packages/rq/connections.py:72: DeprecationWarning: The `pop_connection` function is deprecated. Pass the `connection` explicitly instead.
  warnings.warn(
/workspace/frappe-bench/env/lib/python3.11/site-packages/rq/connections.py:58: DeprecationWarning: The `push_connection` function is deprecated. Pass the `connection` explicitly instead.
  warnings.warn(
/workspace/frappe-bench/env/lib/python3.11/site-packages/passlib/utils/__init__.py:854: DeprecationWarning: 'crypt' is deprecated and slated for removal in Python 3.13
  from crypt import crypt as _crypt
/workspace/frappe-bench/env/lib/python3.11/site-packages/rq/connections.py:72: DeprecationWarning: The `pop_connection` function is deprecated. Pass the `connection` explicitly instead.
  warnings.warn(
/workspace/frappe-bench/env/lib/python3.11/site-packages/rq/connections.py:58: DeprecationWarning: The `push_connection` function is deprecated. Pass the `connection` explicitly instead.
  warnings.warn(
/workspace/frappe-bench/env/lib/python3.11/site-packages/passlib/utils/__init__.py:854: DeprecationWarning: 'crypt' is deprecated and slated for removal in Python 3.13
  from crypt import crypt as _crypt
/workspace/frappe-bench/env/lib/python3.11/site-packages/rq/connections.py:72: DeprecationWarning: The `pop_connection` function is deprecated. Pass the `connection` explicitly instead.
  warnings.warn(
/workspace/frappe-bench/env/lib/python3.11/site-packages/rq/connections.py:58: DeprecationWarning: The `push_connection` function is deprecated. Pass the `connection` explicitly instead.
  warnings.warn(
/workspace/frappe-bench/env/lib/python3.11/site-packages/passlib/utils/__init__.py:854: DeprecationWarning: 'crypt' is deprecated and slated for removal in Python 3.13
  from crypt import crypt as _crypt
/workspace/frappe-bench/env/lib/python3.11/site-packages/pypdf/_crypt_providers/_cryptography.py:32: CryptographyDeprecationWarning: ARC4 has been moved to cryptography.hazmat.decrepit.ciphers.algorithms.ARC4 and will be removed from this module in 48.0.0.
  from cryptography.hazmat.primitives.ciphers.algorithms import AES, ARC4
/workspace/frappe-bench/env/lib/python3.11/site-packages/rq/connections.py:72: DeprecationWarning: The `pop_connection` function is deprecated. Pass the `connection` explicitly instead.
  warnings.warn(
/workspace/frappe-bench/env/lib/python3.11/site-packages/rq/connections.py:58: DeprecationWarning: The `push_connection` function is deprecated. Pass the `connection` explicitly instead.
  warnings.warn(
/workspace/frappe-bench/env/lib/python3.11/site-packages/passlib/utils/__init__.py:854: DeprecationWarning: 'crypt' is deprecated and slated for removal in Python 3.13
  from crypt import crypt as _crypt
/workspace/frappe-bench/env/lib/python3.11/site-packages/rq/connections.py:72: DeprecationWarning: The `pop_connection` function is deprecated. Pass the `connection` explicitly instead.
  warnings.warn(
/workspace/frappe-bench/env/lib/python3.11/site-packages/rq/connections.py:58: DeprecationWarning: The `push_connection` function is deprecated. Pass the `connection` explicitly instead.
  warnings.warn(
/workspace/frappe-bench/env/lib/python3.11/site-packages/passlib/utils/__init__.py:854: DeprecationWarning: 'crypt' is deprecated and slated for removal in Python 3.13
  from crypt import crypt as _crypt
/workspace/frappe-bench/env/lib/python3.11/site-packages/rq/connections.py:72: DeprecationWarning: The `pop_connection` function is deprecated. Pass the `connection` explicitly instead.
  warnings.warn(
/workspace/frappe-bench/env/lib/python3.11/site-packages/rq/connections.py:58: DeprecationWarning: The `push_connection` function is deprecated. Pass the `connection` explicitly instead.
  warnings.warn(
/workspace/frappe-bench/env/lib/python3.11/site-packages/passlib/utils/__init__.py:854: DeprecationWarning: 'crypt' is deprecated and slated for removal in Python 3.13
  from crypt import crypt as _crypt
/workspace/frappe-bench/env/lib/python3.11/site-packages/pypdf/_crypt_providers/_cryptography.py:32: CryptographyDeprecationWarning: ARC4 has been moved to cryptography.hazmat.decrepit.ciphers.algorithms.ARC4 and will be removed from this module in 48.0.0.
  from cryptography.hazmat.primitives.ciphers.algorithms import AES, ARC4
/workspace/frappe-bench/env/lib/python3.11/site-packages/rq/connections.py:72: DeprecationWarning: The `pop_connection` function is deprecated. Pass the `connection` explicitly instead.
  warnings.warn(
/workspace/frappe-bench/env/lib/python3.11/site-packages/rq/connections.py:58: DeprecationWarning: The `push_connection` function is deprecated. Pass the `connection` explicitly instead.
  warnings.warn(
/workspace/frappe-bench/env/lib/python3.11/site-packages/passlib/utils/__init__.py:854: DeprecationWarning: 'crypt' is deprecated and slated for removal in Python 3.13
  from crypt import crypt as _crypt
/workspace/frappe-bench/env/lib/python3.11/site-packages/rq/connections.py:72: DeprecationWarning: The `pop_connection` function is deprecated. Pass the `connection` explicitly instead.
  warnings.warn(
/workspace/frappe-bench/env/lib/python3.11/site-packages/rq/connections.py:58: DeprecationWarning: The `push_connection` function is deprecated. Pass the `connection` explicitly instead.
  warnings.warn(
/workspace/frappe-bench/env/lib/python3.11/site-packages/passlib/utils/__init__.py:854: DeprecationWarning: 'crypt' is deprecated and slated for removal in Python 3.13
  from crypt import crypt as _crypt
/workspace/frappe-bench/env/lib/python3.11/site-packages/rq/connections.py:72: DeprecationWarning: The `pop_connection` function is deprecated. Pass the `connection` explicitly instead.
  warnings.warn(
/workspace/frappe-bench/env/lib/python3.11/site-packages/rq/connections.py:58: DeprecationWarning: The `push_connection` function is deprecated. Pass the `connection` explicitly instead.
  warnings.warn(
/workspace/frappe-bench/env/lib/python3.11/site-packages/passlib/utils/__init__.py:854: DeprecationWarning: 'crypt' is deprecated and slated for removal in Python 3.13
  from crypt import crypt as _crypt
/workspace/frappe-bench/env/lib/python3.11/site-packages/rq/connections.py:72: DeprecationWarning: The `pop_connection` function is deprecated. Pass the `connection` explicitly instead.
  warnings.warn(
/workspace/frappe-bench/env/lib/python3.11/site-packages/rq/connections.py:58: DeprecationWarning: The `push_connection` function is deprecated. Pass the `connection` explicitly instead.
  warnings.warn(
/workspace/frappe-bench/env/lib/python3.11/site-packages/passlib/utils/__init__.py:854: DeprecationWarning: 'crypt' is deprecated and slated for removal in Python 3.13
  from crypt import crypt as _crypt
/workspace/frappe-bench/env/lib/python3.11/site-packages/rq/connections.py:72: DeprecationWarning: The `pop_connection` function is deprecated. Pass the `connection` explicitly instead.
  warnings.warn(
/workspace/frappe-bench/env/lib/python3.11/site-packages/rq/connections.py:58: DeprecationWarning: The `push_connection` function is deprecated. Pass the `connection` explicitly instead.
  warnings.warn(
/workspace/frappe-bench/env/lib/python3.11/site-packages/passlib/utils/__init__.py:854: DeprecationWarning: 'crypt' is deprecated and slated for removal in Python 3.13
  from crypt import crypt as _crypt
/workspace/frappe-bench/env/lib/python3.11/site-packages/rq/connections.py:72: DeprecationWarning: The `pop_connection` function is deprecated. Pass the `connection` explicitly instead.
  warnings.warn(
/workspace/frappe-bench/env/lib/python3.11/site-packages/rq/connections.py:58: DeprecationWarning: The `push_connection` function is deprecated. Pass the `connection` explicitly instead.
  warnings.warn(
/workspace/frappe-bench/env/lib/python3.11/site-packages/passlib/utils/__init__.py:854: DeprecationWarning: 'crypt' is deprecated and slated for removal in Python 3.13
  from crypt import crypt as _crypt
/workspace/frappe-bench/env/lib/python3.11/site-packages/rq/connections.py:72: DeprecationWarning: The `pop_connection` function is deprecated. Pass the `connection` explicitly instead.
  warnings.warn(
/workspace/frappe-bench/env/lib/python3.11/site-packages/rq/connections.py:58: DeprecationWarning: The `push_connection` function is deprecated. Pass the `connection` explicitly instead.
  warnings.warn(
/workspace/frappe-bench/env/lib/python3.11/site-packages/passlib/utils/__init__.py:854: DeprecationWarning: 'crypt' is deprecated and slated for removal in Python 3.13
  from crypt import crypt as _crypt
/workspace/frappe-bench/env/lib/python3.11/site-packages/rq/connections.py:72: DeprecationWarning: The `pop_connection` function is deprecated. Pass the `connection` explicitly instead.
  warnings.warn(
/workspace/frappe-bench/env/lib/python3.11/site-packages/rq/connections.py:58: DeprecationWarning: The `push_connection` function is deprecated. Pass the `connection` explicitly instead.
  warnings.warn(
/workspace/frappe-bench/env/lib/python3.11/site-packages/passlib/utils/__init__.py:854: DeprecationWarning: 'crypt' is deprecated and slated for removal in Python 3.13
  from crypt import crypt as _crypt
/workspace/frappe-bench/env/lib/python3.11/site-packages/rq/connections.py:72: DeprecationWarning: The `pop_connection` function is deprecated. Pass the `connection` explicitly instead.
  warnings.warn(
/workspace/frappe-bench/env/lib/python3.11/site-packages/rq/connections.py:58: DeprecationWarning: The `push_connection` function is deprecated. Pass the `connection` explicitly instead.
  warnings.warn(
/workspace/frappe-bench/env/lib/python3.11/site-packages/passlib/utils/__init__.py:854: DeprecationWarning: 'crypt' is deprecated and slated for removal in Python 3.13
  from crypt import crypt as _crypt
/workspace/frappe-bench/env/lib/python3.11/site-packages/rq/connections.py:72: DeprecationWarning: The `pop_connection` function is deprecated. Pass the `connection` explicitly instead.
  warnings.warn(
/workspace/frappe-bench/env/lib/python3.11/site-packages/rq/connections.py:58: DeprecationWarning: The `push_connection` function is deprecated. Pass the `connection` explicitly instead.
  warnings.warn(
/workspace/frappe-bench/env/lib/python3.11/site-packages/passlib/utils/__init__.py:854: DeprecationWarning: 'crypt' is deprecated and slated for removal in Python 3.13
  from crypt import crypt as _crypt
/workspace/frappe-bench/env/lib/python3.11/site-packages/rq/connections.py:72: DeprecationWarning: The `pop_connection` function is deprecated. Pass the `connection` explicitly instead.
  warnings.warn(
/workspace/frappe-bench/env/lib/python3.11/site-packages/rq/connections.py:58: DeprecationWarning: The `push_connection` function is deprecated. Pass the `connection` explicitly instead.
  warnings.warn(
/workspace/frappe-bench/env/lib/python3.11/site-packages/passlib/utils/__init__.py:854: DeprecationWarning: 'crypt' is deprecated and slated for removal in Python 3.13
  from crypt import crypt as _crypt
/workspace/frappe-bench/env/lib/python3.11/site-packages/rq/connections.py:72: DeprecationWarning: The `pop_connection` function is deprecated. Pass the `connection` explicitly instead.
  warnings.warn(
/workspace/frappe-bench/env/lib/python3.11/site-packages/rq/connections.py:58: DeprecationWarning: The `push_connection` function is deprecated. Pass the `connection` explicitly instead.
  warnings.warn(
/workspace/frappe-bench/env/lib/python3.11/site-packages/passlib/utils/__init__.py:854: DeprecationWarning: 'crypt' is deprecated and slated for removal in Python 3.13
  from crypt import crypt as _crypt
/workspace/frappe-bench/env/lib/python3.11/site-packages/rq/connections.py:72: DeprecationWarning: The `pop_connection` function is deprecated. Pass the `connection` explicitly instead.
  warnings.warn(
/workspace/frappe-bench/env/lib/python3.11/site-packages/rq/connections.py:58: DeprecationWarning: The `push_connection` function is deprecated. Pass the `connection` explicitly instead.
  warnings.warn(
/workspace/frappe-bench/env/lib/python3.11/site-packages/passlib/utils/__init__.py:854: DeprecationWarning: 'crypt' is deprecated and slated for removal in Python 3.13
  from crypt import crypt as _crypt
/workspace/frappe-bench/env/lib/python3.11/site-packages/rq/connections.py:72: DeprecationWarning: The `pop_connection` function is deprecated. Pass the `connection` explicitly instead.
  warnings.warn(
/workspace/frappe-bench/env/lib/python3.11/site-packages/rq/connections.py:58: DeprecationWarning: The `push_connection` function is deprecated. Pass the `connection` explicitly instead.
  warnings.warn(
/workspace/frappe-bench/env/lib/python3.11/site-packages/passlib/utils/__init__.py:854: DeprecationWarning: 'crypt' is deprecated and slated for removal in Python 3.13
  from crypt import crypt as _crypt
/workspace/frappe-bench/env/lib/python3.11/site-packages/rq/connections.py:72: DeprecationWarning: The `pop_connection` function is deprecated. Pass the `connection` explicitly instead.
  warnings.warn(
/workspace/frappe-bench/env/lib/python3.11/site-packages/rq/connections.py:58: DeprecationWarning: The `push_connection` function is deprecated. Pass the `connection` explicitly instead.
  warnings.warn(
/workspace/frappe-bench/env/lib/python3.11/site-packages/passlib/utils/__init__.py:854: DeprecationWarning: 'crypt' is deprecated and slated for removal in Python 3.13
  from crypt import crypt as _crypt
/workspace/frappe-bench/env/lib/python3.11/site-packages/rq/connections.py:72: DeprecationWarning: The `pop_connection` function is deprecated. Pass the `connection` explicitly instead.
  warnings.warn(
/workspace/frappe-bench/env/lib/python3.11/site-packages/rq/connections.py:58: DeprecationWarning: The `push_connection` function is deprecated. Pass the `connection` explicitly instead.
  warnings.warn(
/workspace/frappe-bench/env/lib/python3.11/site-packages/passlib/utils/__init__.py:854: DeprecationWarning: 'crypt' is deprecated and slated for removal in Python 3.13
  from crypt import crypt as _crypt
/workspace/frappe-bench/env/lib/python3.11/site-packages/rq/connections.py:72: DeprecationWarning: The `pop_connection` function is deprecated. Pass the `connection` explicitly instead.
  warnings.warn(
/workspace/frappe-bench/env/lib/python3.11/site-packages/rq/connections.py:58: DeprecationWarning: The `push_connection` function is deprecated. Pass the `connection` explicitly instead.
  warnings.warn(
/workspace/frappe-bench/env/lib/python3.11/site-packages/passlib/utils/__init__.py:854: DeprecationWarning: 'crypt' is deprecated and slated for removal in Python 3.13
  from crypt import crypt as _crypt
/workspace/frappe-bench/env/lib/python3.11/site-packages/pypdf/_crypt_providers/_cryptography.py:32: CryptographyDeprecationWarning: ARC4 has been moved to cryptography.hazmat.decrepit.ciphers.algorithms.ARC4 and will be removed from this module in 48.0.0.
  from cryptography.hazmat.primitives.ciphers.algorithms import AES, ARC4
/workspace/frappe-bench/env/lib/python3.11/site-packages/rq/connections.py:72: DeprecationWarning: The `pop_connection` function is deprecated. Pass the `connection` explicitly instead.
  warnings.warn(
/workspace/frappe-bench/env/lib/python3.11/site-packages/rq/connections.py:58: DeprecationWarning: The `push_connection` function is deprecated. Pass the `connection` explicitly instead.
  warnings.warn(
/workspace/frappe-bench/env/lib/python3.11/site-packages/passlib/utils/__init__.py:854: DeprecationWarning: 'crypt' is deprecated and slated for removal in Python 3.13
  from crypt import crypt as _crypt
/workspace/frappe-bench/env/lib/python3.11/site-packages/rq/connections.py:72: DeprecationWarning: The `pop_connection` function is deprecated. Pass the `connection` explicitly instead.
  warnings.warn(
/workspace/frappe-bench/env/lib/python3.11/site-packages/rq/connections.py:58: DeprecationWarning: The `push_connection` function is deprecated. Pass the `connection` explicitly instead.
  warnings.warn(
/workspace/frappe-bench/env/lib/python3.11/site-packages/passlib/utils/__init__.py:854: DeprecationWarning: 'crypt' is deprecated and slated for removal in Python 3.13
  from crypt import crypt as _crypt
/workspace/frappe-bench/env/lib/python3.11/site-packages/pypdf/_crypt_providers/_cryptography.py:32: CryptographyDeprecationWarning: ARC4 has been moved to cryptography.hazmat.decrepit.ciphers.algorithms.ARC4 and will be removed from this module in 48.0.0.
  from cryptography.hazmat.primitives.ciphers.algorithms import AES, ARC4
/workspace/frappe-bench/env/lib/python3.11/site-packages/rq/connections.py:72: DeprecationWarning: The `pop_connection` function is deprecated. Pass the `connection` explicitly instead.
  warnings.warn(
/workspace/frappe-bench/env/lib/python3.11/site-packages/rq/connections.py:58: DeprecationWarning: The `push_connection` function is deprecated. Pass the `connection` explicitly instead.
  warnings.warn(
/workspace/frappe-bench/env/lib/python3.11/site-packages/passlib/utils/__init__.py:854: DeprecationWarning: 'crypt' is deprecated and slated for removal in Python 3.13
  from crypt import crypt as _crypt
/workspace/frappe-bench/env/lib/python3.11/site-packages/rq/connections.py:72: DeprecationWarning: The `pop_connection` function is deprecated. Pass the `connection` explicitly instead.
  warnings.warn(
/workspace/frappe-bench/env/lib/python3.11/site-packages/rq/connections.py:58: DeprecationWarning: The `push_connection` function is deprecated. Pass the `connection` explicitly instead.
  warnings.warn(
/workspace/frappe-bench/env/lib/python3.11/site-packages/passlib/utils/__init__.py:854: DeprecationWarning: 'crypt' is deprecated and slated for removal in Python 3.13
  from crypt import crypt as _crypt
/workspace/frappe-bench/env/lib/python3.11/site-packages/rq/connections.py:72: DeprecationWarning: The `pop_connection` function is deprecated. Pass the `connection` explicitly instead.
  warnings.warn(
/workspace/frappe-bench/env/lib/python3.11/site-packages/rq/connections.py:58: DeprecationWarning: The `push_connection` function is deprecated. Pass the `connection` explicitly instead.
  warnings.warn(
/workspace/frappe-bench/env/lib/python3.11/site-packages/passlib/utils/__init__.py:854: DeprecationWarning: 'crypt' is deprecated and slated for removal in Python 3.13
  from crypt import crypt as _crypt
/workspace/frappe-bench/env/lib/python3.11/site-packages/rq/connections.py:72: DeprecationWarning: The `pop_connection` function is deprecated. Pass the `connection` explicitly instead.
  warnings.warn(
/workspace/frappe-bench/env/lib/python3.11/site-packages/rq/connections.py:58: DeprecationWarning: The `push_connection` function is deprecated. Pass the `connection` explicitly instead.
  warnings.warn(
/workspace/frappe-bench/env/lib/python3.11/site-packages/passlib/utils/__init__.py:854: DeprecationWarning: 'crypt' is deprecated and slated for removal in Python 3.13
  from crypt import crypt as _crypt
/workspace/frappe-bench/env/lib/python3.11/site-packages/rq/connections.py:72: DeprecationWarning: The `pop_connection` function is deprecated. Pass the `connection` explicitly instead.
  warnings.warn(
/workspace/frappe-bench/env/lib/python3.11/site-packages/rq/connections.py:58: DeprecationWarning: The `push_connection` function is deprecated. Pass the `connection` explicitly instead.
  warnings.warn(
/workspace/frappe-bench/env/lib/python3.11/site-packages/passlib/utils/__init__.py:854: DeprecationWarning: 'crypt' is deprecated and slated for removal in Python 3.13
  from crypt import crypt as _crypt
/workspace/frappe-bench/env/lib/python3.11/site-packages/rq/connections.py:72: DeprecationWarning: The `pop_connection` function is deprecated. Pass the `connection` explicitly instead.
  warnings.warn(
/workspace/frappe-bench/env/lib/python3.11/site-packages/rq/connections.py:58: DeprecationWarning: The `push_connection` function is deprecated. Pass the `connection` explicitly instead.
  warnings.warn(
/workspace/frappe-bench/env/lib/python3.11/site-packages/passlib/utils/__init__.py:854: DeprecationWarning: 'crypt' is deprecated and slated for removal in Python 3.13
  from crypt import crypt as _crypt
/workspace/frappe-bench/env/lib/python3.11/site-packages/rq/connections.py:72: DeprecationWarning: The `pop_connection` function is deprecated. Pass the `connection` explicitly instead.
  warnings.warn(
/workspace/frappe-bench/env/lib/python3.11/site-packages/rq/connections.py:58: DeprecationWarning: The `push_connection` function is deprecated. Pass the `connection` explicitly instead.
  warnings.warn(
/workspace/frappe-bench/env/lib/python3.11/site-packages/passlib/utils/__init__.py:854: DeprecationWarning: 'crypt' is deprecated and slated for removal in Python 3.13
  from crypt import crypt as _crypt
/workspace/frappe-bench/env/lib/python3.11/site-packages/rq/connections.py:72: DeprecationWarning: The `pop_connection` function is deprecated. Pass the `connection` explicitly instead.
  warnings.warn(
/workspace/frappe-bench/env/lib/python3.11/site-packages/rq/connections.py:58: DeprecationWarning: The `push_connection` function is deprecated. Pass the `connection` explicitly instead.
  warnings.warn(
/workspace/frappe-bench/env/lib/python3.11/site-packages/passlib/utils/__init__.py:854: DeprecationWarning: 'crypt' is deprecated and slated for removal in Python 3.13
  from crypt import crypt as _crypt
/workspace/frappe-bench/env/lib/python3.11/site-packages/rq/connections.py:72: DeprecationWarning: The `pop_connection` function is deprecated. Pass the `connection` explicitly instead.
  warnings.warn(
/workspace/frappe-bench/env/lib/python3.11/site-packages/rq/connections.py:58: DeprecationWarning: The `push_connection` function is deprecated. Pass the `connection` explicitly instead.
  warnings.warn(
/workspace/frappe-bench/env/lib/python3.11/site-packages/passlib/utils/__init__.py:854: DeprecationWarning: 'crypt' is deprecated and slated for removal in Python 3.13
  from crypt import crypt as _crypt
/workspace/frappe-bench/env/lib/python3.11/site-packages/rq/connections.py:72: DeprecationWarning: The `pop_connection` function is deprecated. Pass the `connection` explicitly instead.
  warnings.warn(
/workspace/frappe-bench/env/lib/python3.11/site-packages/rq/connections.py:58: DeprecationWarning: The `push_connection` function is deprecated. Pass the `connection` explicitly instead.
  warnings.warn(
/workspace/frappe-bench/env/lib/python3.11/site-packages/passlib/utils/__init__.py:854: DeprecationWarning: 'crypt' is deprecated and slated for removal in Python 3.13
  from crypt import crypt as _crypt
/workspace/frappe-bench/env/lib/python3.11/site-packages/rq/connections.py:72: DeprecationWarning: The `pop_connection` function is deprecated. Pass the `connection` explicitly instead.
  warnings.warn(
/workspace/frappe-bench/env/lib/python3.11/site-packages/rq/connections.py:58: DeprecationWarning: The `push_connection` function is deprecated. Pass the `connection` explicitly instead.
  warnings.warn(
/workspace/frappe-bench/env/lib/python3.11/site-packages/passlib/utils/__init__.py:854: DeprecationWarning: 'crypt' is deprecated and slated for removal in Python 3.13
  from crypt import crypt as _crypt
/workspace/frappe-bench/env/lib/python3.11/site-packages/rq/connections.py:72: DeprecationWarning: The `pop_connection` function is deprecated. Pass the `connection` explicitly instead.
  warnings.warn(
/workspace/frappe-bench/env/lib/python3.11/site-packages/rq/connections.py:58: DeprecationWarning: The `push_connection` function is deprecated. Pass the `connection` explicitly instead.
  warnings.warn(
/workspace/frappe-bench/env/lib/python3.11/site-packages/passlib/utils/__init__.py:854: DeprecationWarning: 'crypt' is deprecated and slated for removal in Python 3.13
  from crypt import crypt as _crypt
/workspace/frappe-bench/env/lib/python3.11/site-packages/rq/connections.py:72: DeprecationWarning: The `pop_connection` function is deprecated. Pass the `connection` explicitly instead.
  warnings.warn(
/workspace/frappe-bench/env/lib/python3.11/site-packages/rq/connections.py:58: DeprecationWarning: The `push_connection` function is deprecated. Pass the `connection` explicitly instead.
  warnings.warn(
/workspace/frappe-bench/env/lib/python3.11/site-packages/passlib/utils/__init__.py:854: DeprecationWarning: 'crypt' is deprecated and slated for removal in Python 3.13
  from crypt import crypt as _crypt
/workspace/frappe-bench/env/lib/python3.11/site-packages/rq/connections.py:72: DeprecationWarning: The `pop_connection` function is deprecated. Pass the `connection` explicitly instead.
  warnings.warn(
/workspace/frappe-bench/env/lib/python3.11/site-packages/rq/connections.py:58: DeprecationWarning: The `push_connection` function is deprecated. Pass the `connection` explicitly instead.
  warnings.warn(
/workspace/frappe-bench/env/lib/python3.11/site-packages/passlib/utils/__init__.py:854: DeprecationWarning: 'crypt' is deprecated and slated for removal in Python 3.13
  from crypt import crypt as _crypt
/workspace/frappe-bench/env/lib/python3.11/site-packages/rq/connections.py:72: DeprecationWarning: The `pop_connection` function is deprecated. Pass the `connection` explicitly instead.
  warnings.warn(
/workspace/frappe-bench/env/lib/python3.11/site-packages/rq/connections.py:58: DeprecationWarning: The `push_connection` function is deprecated. Pass the `connection` explicitly instead.
  warnings.warn(
/workspace/frappe-bench/env/lib/python3.11/site-packages/passlib/utils/__init__.py:854: DeprecationWarning: 'crypt' is deprecated and slated for removal in Python 3.13
  from crypt import crypt as _crypt
/workspace/frappe-bench/env/lib/python3.11/site-packages/pypdf/_crypt_providers/_cryptography.py:32: CryptographyDeprecationWarning: ARC4 has been moved to cryptography.hazmat.decrepit.ciphers.algorithms.ARC4 and will be removed from this module in 48.0.0.
  from cryptography.hazmat.primitives.ciphers.algorithms import AES, ARC4
/workspace/frappe-bench/env/lib/python3.11/site-packages/rq/connections.py:72: DeprecationWarning: The `pop_connection` function is deprecated. Pass the `connection` explicitly instead.
  warnings.warn(
/workspace/frappe-bench/env/lib/python3.11/site-packages/rq/connections.py:58: DeprecationWarning: The `push_connection` function is deprecated. Pass the `connection` explicitly instead.
  warnings.warn(
/workspace/frappe-bench/env/lib/python3.11/site-packages/passlib/utils/__init__.py:854: DeprecationWarning: 'crypt' is deprecated and slated for removal in Python 3.13
  from crypt import crypt as _crypt
/workspace/frappe-bench/env/lib/python3.11/site-packages/rq/connections.py:72: DeprecationWarning: The `pop_connection` function is deprecated. Pass the `connection` explicitly instead.
  warnings.warn(
/workspace/frappe-bench/env/lib/python3.11/site-packages/rq/connections.py:58: DeprecationWarning: The `push_connection` function is deprecated. Pass the `connection` explicitly instead.
  warnings.warn(
/workspace/frappe-bench/env/lib/python3.11/site-packages/passlib/utils/__init__.py:854: DeprecationWarning: 'crypt' is deprecated and slated for removal in Python 3.13
  from crypt import crypt as _crypt
/workspace/frappe-bench/env/lib/python3.11/site-packages/rq/connections.py:72: DeprecationWarning: The `pop_connection` function is deprecated. Pass the `connection` explicitly instead.
  warnings.warn(
/workspace/frappe-bench/env/lib/python3.11/site-packages/rq/connections.py:58: DeprecationWarning: The `push_connection` function is deprecated. Pass the `connection` explicitly instead.
  warnings.warn(
/workspace/frappe-bench/env/lib/python3.11/site-packages/passlib/utils/__init__.py:854: DeprecationWarning: 'crypt' is deprecated and slated for removal in Python 3.13
  from crypt import crypt as _crypt
/workspace/frappe-bench/env/lib/python3.11/site-packages/rq/connections.py:72: DeprecationWarning: The `pop_connection` function is deprecated. Pass the `connection` explicitly instead.
  warnings.warn(
/workspace/frappe-bench/env/lib/python3.11/site-packages/rq/connections.py:58: DeprecationWarning: The `push_connection` function is deprecated. Pass the `connection` explicitly instead.
  warnings.warn(
/workspace/frappe-bench/env/lib/python3.11/site-packages/passlib/utils/__init__.py:854: DeprecationWarning: 'crypt' is deprecated and slated for removal in Python 3.13
  from crypt import crypt as _crypt
/workspace/frappe-bench/env/lib/python3.11/site-packages/rq/connections.py:72: DeprecationWarning: The `pop_connection` function is deprecated. Pass the `connection` explicitly instead.
  warnings.warn(
/workspace/frappe-bench/env/lib/python3.11/site-packages/rq/connections.py:58: DeprecationWarning: The `push_connection` function is deprecated. Pass the `connection` explicitly instead.
  warnings.warn(
/workspace/frappe-bench/env/lib/python3.11/site-packages/passlib/utils/__init__.py:854: DeprecationWarning: 'crypt' is deprecated and slated for removal in Python 3.13
  from crypt import crypt as _crypt
/workspace/frappe-bench/env/lib/python3.11/site-packages/rq/connections.py:72: DeprecationWarning: The `pop_connection` function is deprecated. Pass the `connection` explicitly instead.
  warnings.warn(
/workspace/frappe-bench/env/lib/python3.11/site-packages/rq/connections.py:58: DeprecationWarning: The `push_connection` function is deprecated. Pass the `connection` explicitly instead.
  warnings.warn(
/workspace/frappe-bench/env/lib/python3.11/site-packages/passlib/utils/__init__.py:854: DeprecationWarning: 'crypt' is deprecated and slated for removal in Python 3.13
  from crypt import crypt as _crypt
/workspace/frappe-bench/env/lib/python3.11/site-packages/rq/connections.py:72: DeprecationWarning: The `pop_connection` function is deprecated. Pass the `connection` explicitly instead.
  warnings.warn(
/workspace/frappe-bench/env/lib/python3.11/site-packages/rq/connections.py:58: DeprecationWarning: The `push_connection` function is deprecated. Pass the `connection` explicitly instead.
  warnings.warn(
/workspace/frappe-bench/env/lib/python3.11/site-packages/pypdf/_crypt_providers/_cryptography.py:32: CryptographyDeprecationWarning: ARC4 has been moved to cryptography.hazmat.decrepit.ciphers.algorithms.ARC4 and will be removed from this module in 48.0.0.
  from cryptography.hazmat.primitives.ciphers.algorithms import AES, ARC4
/workspace/frappe-bench/env/lib/python3.11/site-packages/rq/connections.py:72: DeprecationWarning: The `pop_connection` function is deprecated. Pass the `connection` explicitly instead.
  warnings.warn(
/workspace/frappe-bench/env/lib/python3.11/site-packages/rq/connections.py:58: DeprecationWarning: The `push_connection` function is deprecated. Pass the `connection` explicitly instead.
  warnings.warn(
/workspace/frappe-bench/env/lib/python3.11/site-packages/passlib/utils/__init__.py:854: DeprecationWarning: 'crypt' is deprecated and slated for removal in Python 3.13
  from crypt import crypt as _crypt
/workspace/frappe-bench/env/lib/python3.11/site-packages/rq/connections.py:72: DeprecationWarning: The `pop_connection` function is deprecated. Pass the `connection` explicitly instead.
  warnings.warn(
/workspace/frappe-bench/env/lib/python3.11/site-packages/rq/connections.py:58: DeprecationWarning: The `push_connection` function is deprecated. Pass the `connection` explicitly instead.
  warnings.warn(
/workspace/frappe-bench/env/lib/python3.11/site-packages/passlib/utils/__init__.py:854: DeprecationWarning: 'crypt' is deprecated and slated for removal in Python 3.13
  from crypt import crypt as _crypt
/workspace/frappe-bench/env/lib/python3.11/site-packages/rq/connections.py:72: DeprecationWarning: The `pop_connection` function is deprecated. Pass the `connection` explicitly instead.
  warnings.warn(
/workspace/frappe-bench/env/lib/python3.11/site-packages/rq/connections.py:58: DeprecationWarning: The `push_connection` function is deprecated. Pass the `connection` explicitly instead.
  warnings.warn(
/workspace/frappe-bench/env/lib/python3.11/site-packages/passlib/utils/__init__.py:854: DeprecationWarning: 'crypt' is deprecated and slated for removal in Python 3.13
  from crypt import crypt as _crypt
/workspace/frappe-bench/env/lib/python3.11/site-packages/rq/connections.py:72: DeprecationWarning: The `pop_connection` function is deprecated. Pass the `connection` explicitly instead.
  warnings.warn(
/workspace/frappe-bench/env/lib/python3.11/site-packages/rq/connections.py:58: DeprecationWarning: The `push_connection` function is deprecated. Pass the `connection` explicitly instead.
  warnings.warn(
/workspace/frappe-bench/env/lib/python3.11/site-packages/passlib/utils/__init__.py:854: DeprecationWarning: 'crypt' is deprecated and slated for removal in Python 3.13
  from crypt import crypt as _crypt
/workspace/frappe-bench/env/lib/python3.11/site-packages/rq/connections.py:72: DeprecationWarning: The `pop_connection` function is deprecated. Pass the `connection` explicitly instead.
  warnings.warn(
/workspace/frappe-bench/env/lib/python3.11/site-packages/rq/connections.py:58: DeprecationWarning: The `push_connection` function is deprecated. Pass the `connection` explicitly instead.
  warnings.warn(
/workspace/frappe-bench/env/lib/python3.11/site-packages/passlib/utils/__init__.py:854: DeprecationWarning: 'crypt' is deprecated and slated for removal in Python 3.13
  from crypt import crypt as _crypt
/workspace/frappe-bench/env/lib/python3.11/site-packages/rq/connections.py:72: DeprecationWarning: The `pop_connection` function is deprecated. Pass the `connection` explicitly instead.
  warnings.warn(
/workspace/frappe-bench/env/lib/python3.11/site-packages/rq/connections.py:58: DeprecationWarning: The `push_connection` function is deprecated. Pass the `connection` explicitly instead.
  warnings.warn(
/workspace/frappe-bench/env/lib/python3.11/site-packages/passlib/utils/__init__.py:854: DeprecationWarning: 'crypt' is deprecated and slated for removal in Python 3.13
  from crypt import crypt as _crypt
/workspace/frappe-bench/env/lib/python3.11/site-packages/rq/connections.py:72: DeprecationWarning: The `pop_connection` function is deprecated. Pass the `connection` explicitly instead.
  warnings.warn(
/workspace/frappe-bench/env/lib/python3.11/site-packages/rq/connections.py:58: DeprecationWarning: The `push_connection` function is deprecated. Pass the `connection` explicitly instead.
  warnings.warn(
/workspace/frappe-bench/env/lib/python3.11/site-packages/passlib/utils/__init__.py:854: DeprecationWarning: 'crypt' is deprecated and slated for removal in Python 3.13
  from crypt import crypt as _crypt
/workspace/frappe-bench/env/lib/python3.11/site-packages/rq/connections.py:72: DeprecationWarning: The `pop_connection` function is deprecated. Pass the `connection` explicitly instead.
  warnings.warn(
/workspace/frappe-bench/env/lib/python3.11/site-packages/rq/connections.py:58: DeprecationWarning: The `push_connection` function is deprecated. Pass the `connection` explicitly instead.
  warnings.warn(
/workspace/frappe-bench/env/lib/python3.11/site-packages/passlib/utils/__init__.py:854: DeprecationWarning: 'crypt' is deprecated and slated for removal in Python 3.13
  from crypt import crypt as _crypt
/workspace/frappe-bench/env/lib/python3.11/site-packages/rq/connections.py:72: DeprecationWarning: The `pop_connection` function is deprecated. Pass the `connection` explicitly instead.
  warnings.warn(
/workspace/frappe-bench/env/lib/python3.11/site-packages/rq/connections.py:58: DeprecationWarning: The `push_connection` function is deprecated. Pass the `connection` explicitly instead.
  warnings.warn(
/workspace/frappe-bench/env/lib/python3.11/site-packages/passlib/utils/__init__.py:854: DeprecationWarning: 'crypt' is deprecated and slated for removal in Python 3.13
  from crypt import crypt as _crypt
/workspace/frappe-bench/env/lib/python3.11/site-packages/rq/connections.py:72: DeprecationWarning: The `pop_connection` function is deprecated. Pass the `connection` explicitly instead.
  warnings.warn(
/workspace/frappe-bench/env/lib/python3.11/site-packages/rq/connections.py:58: DeprecationWarning: The `push_connection` function is deprecated. Pass the `connection` explicitly instead.
  warnings.warn(
/workspace/frappe-bench/env/lib/python3.11/site-packages/passlib/utils/__init__.py:854: DeprecationWarning: 'crypt' is deprecated and slated for removal in Python 3.13
  from crypt import crypt as _crypt
/workspace/frappe-bench/env/lib/python3.11/site-packages/rq/connections.py:72: DeprecationWarning: The `pop_connection` function is deprecated. Pass the `connection` explicitly instead.
  warnings.warn(
/workspace/frappe-bench/env/lib/python3.11/site-packages/rq/connections.py:58: DeprecationWarning: The `push_connection` function is deprecated. Pass the `connection` explicitly instead.
  warnings.warn(
/workspace/frappe-bench/env/lib/python3.11/site-packages/passlib/utils/__init__.py:854: DeprecationWarning: 'crypt' is deprecated and slated for removal in Python 3.13
  from crypt import crypt as _crypt
/workspace/frappe-bench/env/lib/python3.11/site-packages/rq/connections.py:72: DeprecationWarning: The `pop_connection` function is deprecated. Pass the `connection` explicitly instead.
  warnings.warn(
/workspace/frappe-bench/env/lib/python3.11/site-packages/rq/connections.py:58: DeprecationWarning: The `push_connection` function is deprecated. Pass the `connection` explicitly instead.
  warnings.warn(
/workspace/frappe-bench/env/lib/python3.11/site-packages/passlib/utils/__init__.py:854: DeprecationWarning: 'crypt' is deprecated and slated for removal in Python 3.13
  from crypt import crypt as _crypt
/workspace/frappe-bench/env/lib/python3.11/site-packages/rq/connections.py:72: DeprecationWarning: The `pop_connection` function is deprecated. Pass the `connection` explicitly instead.
  warnings.warn(
/workspace/frappe-bench/env/lib/python3.11/site-packages/rq/connections.py:58: DeprecationWarning: The `push_connection` function is deprecated. Pass the `connection` explicitly instead.
  warnings.warn(
/workspace/frappe-bench/env/lib/python3.11/site-packages/passlib/utils/__init__.py:854: DeprecationWarning: 'crypt' is deprecated and slated for removal in Python 3.13
  from crypt import crypt as _crypt
/workspace/frappe-bench/env/lib/python3.11/site-packages/rq/connections.py:72: DeprecationWarning: The `pop_connection` function is deprecated. Pass the `connection` explicitly instead.
  warnings.warn(
/workspace/frappe-bench/env/lib/python3.11/site-packages/rq/connections.py:58: DeprecationWarning: The `push_connection` function is deprecated. Pass the `connection` explicitly instead.
  warnings.warn(
/workspace/frappe-bench/env/lib/python3.11/site-packages/passlib/utils/__init__.py:854: DeprecationWarning: 'crypt' is deprecated and slated for removal in Python 3.13
  from crypt import crypt as _crypt
/workspace/frappe-bench/env/lib/python3.11/site-packages/rq/connections.py:72: DeprecationWarning: The `pop_connection` function is deprecated. Pass the `connection` explicitly instead.
  warnings.warn(
/workspace/frappe-bench/env/lib/python3.11/site-packages/rq/connections.py:58: DeprecationWarning: The `push_connection` function is deprecated. Pass the `connection` explicitly instead.
  warnings.warn(
/workspace/frappe-bench/env/lib/python3.11/site-packages/passlib/utils/__init__.py:854: DeprecationWarning: 'crypt' is deprecated and slated for removal in Python 3.13
  from crypt import crypt as _crypt
/workspace/frappe-bench/env/lib/python3.11/site-packages/rq/connections.py:72: DeprecationWarning: The `pop_connection` function is deprecated. Pass the `connection` explicitly instead.
  warnings.warn(
/workspace/frappe-bench/env/lib/python3.11/site-packages/rq/connections.py:58: DeprecationWarning: The `push_connection` function is deprecated. Pass the `connection` explicitly instead.
  warnings.warn(
/workspace/frappe-bench/env/lib/python3.11/site-packages/passlib/utils/__init__.py:854: DeprecationWarning: 'crypt' is deprecated and slated for removal in Python 3.13
  from crypt import crypt as _crypt
/workspace/frappe-bench/env/lib/python3.11/site-packages/rq/connections.py:72: DeprecationWarning: The `pop_connection` function is deprecated. Pass the `connection` explicitly instead.
  warnings.warn(
/workspace/frappe-bench/env/lib/python3.11/site-packages/rq/connections.py:58: DeprecationWarning: The `push_connection` function is deprecated. Pass the `connection` explicitly instead.
  warnings.warn(
/workspace/frappe-bench/env/lib/python3.11/site-packages/passlib/utils/__init__.py:854: DeprecationWarning: 'crypt' is deprecated and slated for removal in Python 3.13
  from crypt import crypt as _crypt
/workspace/frappe-bench/env/lib/python3.11/site-packages/rq/connections.py:72: DeprecationWarning: The `pop_connection` function is deprecated. Pass the `connection` explicitly instead.
  warnings.warn(
/workspace/frappe-bench/env/lib/python3.11/site-packages/rq/connections.py:58: DeprecationWarning: The `push_connection` function is deprecated. Pass the `connection` explicitly instead.
  warnings.warn(
/workspace/frappe-bench/env/lib/python3.11/site-packages/passlib/utils/__init__.py:854: DeprecationWarning: 'crypt' is deprecated and slated for removal in Python 3.13
  from crypt import crypt as _crypt
/workspace/frappe-bench/env/lib/python3.11/site-packages/pypdf/_crypt_providers/_cryptography.py:32: CryptographyDeprecationWarning: ARC4 has been moved to cryptography.hazmat.decrepit.ciphers.algorithms.ARC4 and will be removed from this module in 48.0.0.
  from cryptography.hazmat.primitives.ciphers.algorithms import AES, ARC4
/workspace/frappe-bench/env/lib/python3.11/site-packages/rq/connections.py:72: DeprecationWarning: The `pop_connection` function is deprecated. Pass the `connection` explicitly instead.
  warnings.warn(
/workspace/frappe-bench/env/lib/python3.11/site-packages/rq/connections.py:58: DeprecationWarning: The `push_connection` function is deprecated. Pass the `connection` explicitly instead.
  warnings.warn(
/workspace/frappe-bench/env/lib/python3.11/site-packages/passlib/utils/__init__.py:854: DeprecationWarning: 'crypt' is deprecated and slated for removal in Python 3.13
  from crypt import crypt as _crypt
/workspace/frappe-bench/env/lib/python3.11/site-packages/rq/connections.py:72: DeprecationWarning: The `pop_connection` function is deprecated. Pass the `connection` explicitly instead.
  warnings.warn(
/workspace/frappe-bench/env/lib/python3.11/site-packages/rq/connections.py:58: DeprecationWarning: The `push_connection` function is deprecated. Pass the `connection` explicitly instead.
  warnings.warn(
/workspace/frappe-bench/env/lib/python3.11/site-packages/passlib/utils/__init__.py:854: DeprecationWarning: 'crypt' is deprecated and slated for removal in Python 3.13
  from crypt import crypt as _crypt
/workspace/frappe-bench/env/lib/python3.11/site-packages/rq/connections.py:72: DeprecationWarning: The `pop_connection` function is deprecated. Pass the `connection` explicitly instead.
  warnings.warn(
/workspace/frappe-bench/env/lib/python3.11/site-packages/rq/connections.py:58: DeprecationWarning: The `push_connection` function is deprecated. Pass the `connection` explicitly instead.
  warnings.warn(
/workspace/frappe-bench/env/lib/python3.11/site-packages/passlib/utils/__init__.py:854: DeprecationWarning: 'crypt' is deprecated and slated for removal in Python 3.13
  from crypt import crypt as _crypt
/workspace/frappe-bench/env/lib/python3.11/site-packages/rq/connections.py:72: DeprecationWarning: The `pop_connection` function is deprecated. Pass the `connection` explicitly instead.
  warnings.warn(
/workspace/frappe-bench/env/lib/python3.11/site-packages/rq/connections.py:58: DeprecationWarning: The `push_connection` function is deprecated. Pass the `connection` explicitly instead.
  warnings.warn(
/workspace/frappe-bench/env/lib/python3.11/site-packages/passlib/utils/__init__.py:854: DeprecationWarning: 'crypt' is deprecated and slated for removal in Python 3.13
  from crypt import crypt as _crypt
/workspace/frappe-bench/env/lib/python3.11/site-packages/rq/connections.py:72: DeprecationWarning: The `pop_connection` function is deprecated. Pass the `connection` explicitly instead.
  warnings.warn(
/workspace/frappe-bench/env/lib/python3.11/site-packages/rq/connections.py:58: DeprecationWarning: The `push_connection` function is deprecated. Pass the `connection` explicitly instead.
  warnings.warn(
/workspace/frappe-bench/env/lib/python3.11/site-packages/passlib/utils/__init__.py:854: DeprecationWarning: 'crypt' is deprecated and slated for removal in Python 3.13
  from crypt import crypt as _crypt
/workspace/frappe-bench/env/lib/python3.11/site-packages/rq/connections.py:72: DeprecationWarning: The `pop_connection` function is deprecated. Pass the `connection` explicitly instead.
  warnings.warn(
/workspace/frappe-bench/env/lib/python3.11/site-packages/rq/connections.py:58: DeprecationWarning: The `push_connection` function is deprecated. Pass the `connection` explicitly instead.
  warnings.warn(
/workspace/frappe-bench/env/lib/python3.11/site-packages/passlib/utils/__init__.py:854: DeprecationWarning: 'crypt' is deprecated and slated for removal in Python 3.13
  from crypt import crypt as _crypt
/workspace/frappe-bench/env/lib/python3.11/site-packages/rq/connections.py:72: DeprecationWarning: The `pop_connection` function is deprecated. Pass the `connection` explicitly instead.
  warnings.warn(
/workspace/frappe-bench/env/lib/python3.11/site-packages/rq/connections.py:58: DeprecationWarning: The `push_connection` function is deprecated. Pass the `connection` explicitly instead.
  warnings.warn(
/workspace/frappe-bench/env/lib/python3.11/site-packages/passlib/utils/__init__.py:854: DeprecationWarning: 'crypt' is deprecated and slated for removal in Python 3.13
  from crypt import crypt as _crypt
/workspace/frappe-bench/env/lib/python3.11/site-packages/pypdf/_crypt_providers/_cryptography.py:32: CryptographyDeprecationWarning: ARC4 has been moved to cryptography.hazmat.decrepit.ciphers.algorithms.ARC4 and will be removed from this module in 48.0.0.
  from cryptography.hazmat.primitives.ciphers.algorithms import AES, ARC4
/workspace/frappe-bench/env/lib/python3.11/site-packages/rq/connections.py:72: DeprecationWarning: The `pop_connection` function is deprecated. Pass the `connection` explicitly instead.
  warnings.warn(
/workspace/frappe-bench/env/lib/python3.11/site-packages/rq/connections.py:58: DeprecationWarning: The `push_connection` function is deprecated. Pass the `connection` explicitly instead.
  warnings.warn(
/workspace/frappe-bench/env/lib/python3.11/site-packages/passlib/utils/__init__.py:854: DeprecationWarning: 'crypt' is deprecated and slated for removal in Python 3.13
  from crypt import crypt as _crypt
/workspace/frappe-bench/env/lib/python3.11/site-packages/rq/connections.py:72: DeprecationWarning: The `pop_connection` function is deprecated. Pass the `connection` explicitly instead.
  warnings.warn(
/workspace/frappe-bench/env/lib/python3.11/site-packages/rq/connections.py:58: DeprecationWarning: The `push_connection` function is deprecated. Pass the `connection` explicitly instead.
  warnings.warn(
/workspace/frappe-bench/env/lib/python3.11/site-packages/passlib/utils/__init__.py:854: DeprecationWarning: 'crypt' is deprecated and slated for removal in Python 3.13
  from crypt import crypt as _crypt
/workspace/frappe-bench/env/lib/python3.11/site-packages/rq/connections.py:72: DeprecationWarning: The `pop_connection` function is deprecated. Pass the `connection` explicitly instead.
  warnings.warn(
/workspace/frappe-bench/env/lib/python3.11/site-packages/rq/connections.py:58: DeprecationWarning: The `push_connection` function is deprecated. Pass the `connection` explicitly instead.
  warnings.warn(
/workspace/frappe-bench/env/lib/python3.11/site-packages/passlib/utils/__init__.py:854: DeprecationWarning: 'crypt' is deprecated and slated for removal in Python 3.13
  from crypt import crypt as _crypt
/workspace/frappe-bench/env/lib/python3.11/site-packages/rq/connections.py:72: DeprecationWarning: The `pop_connection` function is deprecated. Pass the `connection` explicitly instead.
  warnings.warn(
/workspace/frappe-bench/env/lib/python3.11/site-packages/rq/connections.py:58: DeprecationWarning: The `push_connection` function is deprecated. Pass the `connection` explicitly instead.
  warnings.warn(
/workspace/frappe-bench/env/lib/python3.11/site-packages/passlib/utils/__init__.py:854: DeprecationWarning: 'crypt' is deprecated and slated for removal in Python 3.13
  from crypt import crypt as _crypt
/workspace/frappe-bench/env/lib/python3.11/site-packages/rq/connections.py:72: DeprecationWarning: The `pop_connection` function is deprecated. Pass the `connection` explicitly instead.
  warnings.warn(
/workspace/frappe-bench/env/lib/python3.11/site-packages/rq/connections.py:58: DeprecationWarning: The `push_connection` function is deprecated. Pass the `connection` explicitly instead.
  warnings.warn(
/workspace/frappe-bench/env/lib/python3.11/site-packages/passlib/utils/__init__.py:854: DeprecationWarning: 'crypt' is deprecated and slated for removal in Python 3.13
  from crypt import crypt as _crypt
/workspace/frappe-bench/env/lib/python3.11/site-packages/rq/connections.py:72: DeprecationWarning: The `pop_connection` function is deprecated. Pass the `connection` explicitly instead.
  warnings.warn(
/workspace/frappe-bench/env/lib/python3.11/site-packages/rq/connections.py:58: DeprecationWarning: The `push_connection` function is deprecated. Pass the `connection` explicitly instead.
  warnings.warn(
/workspace/frappe-bench/env/lib/python3.11/site-packages/passlib/utils/__init__.py:854: DeprecationWarning: 'crypt' is deprecated and slated for removal in Python 3.13
  from crypt import crypt as _crypt
/workspace/frappe-bench/env/lib/python3.11/site-packages/rq/connections.py:72: DeprecationWarning: The `pop_connection` function is deprecated. Pass the `connection` explicitly instead.
  warnings.warn(
/workspace/frappe-bench/env/lib/python3.11/site-packages/rq/connections.py:58: DeprecationWarning: The `push_connection` function is deprecated. Pass the `connection` explicitly instead.
  warnings.warn(
/workspace/frappe-bench/env/lib/python3.11/site-packages/passlib/utils/__init__.py:854: DeprecationWarning: 'crypt' is deprecated and slated for removal in Python 3.13
  from crypt import crypt as _crypt
/workspace/frappe-bench/env/lib/python3.11/site-packages/rq/connections.py:72: DeprecationWarning: The `pop_connection` function is deprecated. Pass the `connection` explicitly instead.
  warnings.warn(
/workspace/frappe-bench/env/lib/python3.11/site-packages/rq/connections.py:58: DeprecationWarning: The `push_connection` function is deprecated. Pass the `connection` explicitly instead.
  warnings.warn(
/workspace/frappe-bench/env/lib/python3.11/site-packages/passlib/utils/__init__.py:854: DeprecationWarning: 'crypt' is deprecated and slated for removal in Python 3.13
  from crypt import crypt as _crypt
/workspace/frappe-bench/env/lib/python3.11/site-packages/rq/connections.py:72: DeprecationWarning: The `pop_connection` function is deprecated. Pass the `connection` explicitly instead.
  warnings.warn(
/workspace/frappe-bench/env/lib/python3.11/site-packages/rq/connections.py:58: DeprecationWarning: The `push_connection` function is deprecated. Pass the `connection` explicitly instead.
  warnings.warn(
/workspace/frappe-bench/env/lib/python3.11/site-packages/passlib/utils/__init__.py:854: DeprecationWarning: 'crypt' is deprecated and slated for removal in Python 3.13
  from crypt import crypt as _crypt
/workspace/frappe-bench/env/lib/python3.11/site-packages/rq/connections.py:72: DeprecationWarning: The `pop_connection` function is deprecated. Pass the `connection` explicitly instead.
  warnings.warn(
/workspace/frappe-bench/env/lib/python3.11/site-packages/rq/connections.py:58: DeprecationWarning: The `push_connection` function is deprecated. Pass the `connection` explicitly instead.
  warnings.warn(
/workspace/frappe-bench/env/lib/python3.11/site-packages/passlib/utils/__init__.py:854: DeprecationWarning: 'crypt' is deprecated and slated for removal in Python 3.13
  from crypt import crypt as _crypt
/workspace/frappe-bench/env/lib/python3.11/site-packages/rq/connections.py:72: DeprecationWarning: The `pop_connection` function is deprecated. Pass the `connection` explicitly instead.
  warnings.warn(
/workspace/frappe-bench/env/lib/python3.11/site-packages/rq/connections.py:58: DeprecationWarning: The `push_connection` function is deprecated. Pass the `connection` explicitly instead.
  warnings.warn(
/workspace/frappe-bench/env/lib/python3.11/site-packages/passlib/utils/__init__.py:854: DeprecationWarning: 'crypt' is deprecated and slated for removal in Python 3.13
  from crypt import crypt as _crypt
/workspace/frappe-bench/env/lib/python3.11/site-packages/rq/connections.py:72: DeprecationWarning: The `pop_connection` function is deprecated. Pass the `connection` explicitly instead.
  warnings.warn(
/workspace/frappe-bench/env/lib/python3.11/site-packages/rq/connections.py:58: DeprecationWarning: The `push_connection` function is deprecated. Pass the `connection` explicitly instead.
  warnings.warn(
/workspace/frappe-bench/env/lib/python3.11/site-packages/passlib/utils/__init__.py:854: DeprecationWarning: 'crypt' is deprecated and slated for removal in Python 3.13
  from crypt import crypt as _crypt
/workspace/frappe-bench/env/lib/python3.11/site-packages/rq/connections.py:72: DeprecationWarning: The `pop_connection` function is deprecated. Pass the `connection` explicitly instead.
  warnings.warn(
/workspace/frappe-bench/env/lib/python3.11/site-packages/rq/connections.py:58: DeprecationWarning: The `push_connection` function is deprecated. Pass the `connection` explicitly instead.
  warnings.warn(
/workspace/frappe-bench/env/lib/python3.11/site-packages/passlib/utils/__init__.py:854: DeprecationWarning: 'crypt' is deprecated and slated for removal in Python 3.13
  from crypt import crypt as _crypt
/workspace/frappe-bench/env/lib/python3.11/site-packages/pypdf/_crypt_providers/_cryptography.py:32: CryptographyDeprecationWarning: ARC4 has been moved to cryptography.hazmat.decrepit.ciphers.algorithms.ARC4 and will be removed from this module in 48.0.0.
  from cryptography.hazmat.primitives.ciphers.algorithms import AES, ARC4
/workspace/frappe-bench/env/lib/python3.11/site-packages/rq/connections.py:72: DeprecationWarning: The `pop_connection` function is deprecated. Pass the `connection` explicitly instead.
  warnings.warn(
/workspace/frappe-bench/env/lib/python3.11/site-packages/rq/connections.py:58: DeprecationWarning: The `push_connection` function is deprecated. Pass the `connection` explicitly instead.
  warnings.warn(
/workspace/frappe-bench/env/lib/python3.11/site-packages/passlib/utils/__init__.py:854: DeprecationWarning: 'crypt' is deprecated and slated for removal in Python 3.13
  from crypt import crypt as _crypt
/workspace/frappe-bench/env/lib/python3.11/site-packages/rq/connections.py:72: DeprecationWarning: The `pop_connection` function is deprecated. Pass the `connection` explicitly instead.
  warnings.warn(
/workspace/frappe-bench/env/lib/python3.11/site-packages/rq/connections.py:58: DeprecationWarning: The `push_connection` function is deprecated. Pass the `connection` explicitly instead.
  warnings.warn(
/workspace/frappe-bench/env/lib/python3.11/site-packages/passlib/utils/__init__.py:854: DeprecationWarning: 'crypt' is deprecated and slated for removal in Python 3.13
  from crypt import crypt as _crypt
/workspace/frappe-bench/env/lib/python3.11/site-packages/rq/connections.py:72: DeprecationWarning: The `pop_connection` function is deprecated. Pass the `connection` explicitly instead.
  warnings.warn(
/workspace/frappe-bench/env/lib/python3.11/site-packages/rq/connections.py:58: DeprecationWarning: The `push_connection` function is deprecated. Pass the `connection` explicitly instead.
  warnings.warn(
/workspace/frappe-bench/env/lib/python3.11/site-packages/passlib/utils/__init__.py:854: DeprecationWarning: 'crypt' is deprecated and slated for removal in Python 3.13
  from crypt import crypt as _crypt
/workspace/frappe-bench/env/lib/python3.11/site-packages/rq/connections.py:72: DeprecationWarning: The `pop_connection` function is deprecated. Pass the `connection` explicitly instead.
  warnings.warn(
/workspace/frappe-bench/env/lib/python3.11/site-packages/rq/connections.py:58: DeprecationWarning: The `push_connection` function is deprecated. Pass the `connection` explicitly instead.
  warnings.warn(
/workspace/frappe-bench/env/lib/python3.11/site-packages/passlib/utils/__init__.py:854: DeprecationWarning: 'crypt' is deprecated and slated for removal in Python 3.13
  from crypt import crypt as _crypt
/workspace/frappe-bench/env/lib/python3.11/site-packages/pypdf/_crypt_providers/_cryptography.py:32: CryptographyDeprecationWarning: ARC4 has been moved to cryptography.hazmat.decrepit.ciphers.algorithms.ARC4 and will be removed from this module in 48.0.0.
  from cryptography.hazmat.primitives.ciphers.algorithms import AES, ARC4
/workspace/frappe-bench/env/lib/python3.11/site-packages/rq/connections.py:72: DeprecationWarning: The `pop_connection` function is deprecated. Pass the `connection` explicitly instead.
  warnings.warn(
/workspace/frappe-bench/env/lib/python3.11/site-packages/rq/connections.py:58: DeprecationWarning: The `push_connection` function is deprecated. Pass the `connection` explicitly instead.
  warnings.warn(
/workspace/frappe-bench/env/lib/python3.11/site-packages/passlib/utils/__init__.py:854: DeprecationWarning: 'crypt' is deprecated and slated for removal in Python 3.13
  from crypt import crypt as _crypt
/workspace/frappe-bench/env/lib/python3.11/site-packages/rq/connections.py:72: DeprecationWarning: The `pop_connection` function is deprecated. Pass the `connection` explicitly instead.
  warnings.warn(
/workspace/frappe-bench/env/lib/python3.11/site-packages/rq/connections.py:58: DeprecationWarning: The `push_connection` function is deprecated. Pass the `connection` explicitly instead.
  warnings.warn(
/workspace/frappe-bench/env/lib/python3.11/site-packages/passlib/utils/__init__.py:854: DeprecationWarning: 'crypt' is deprecated and slated for removal in Python 3.13
  from crypt import crypt as _crypt
/workspace/frappe-bench/env/lib/python3.11/site-packages/rq/connections.py:72: DeprecationWarning: The `pop_connection` function is deprecated. Pass the `connection` explicitly instead.
  warnings.warn(
/workspace/frappe-bench/env/lib/python3.11/site-packages/rq/connections.py:58: DeprecationWarning: The `push_connection` function is deprecated. Pass the `connection` explicitly instead.
  warnings.warn(
/workspace/frappe-bench/env/lib/python3.11/site-packages/passlib/utils/__init__.py:854: DeprecationWarning: 'crypt' is deprecated and slated for removal in Python 3.13
  from crypt import crypt as _crypt
/workspace/frappe-bench/env/lib/python3.11/site-packages/rq/connections.py:72: DeprecationWarning: The `pop_connection` function is deprecated. Pass the `connection` explicitly instead.
  warnings.warn(
/workspace/frappe-bench/env/lib/python3.11/site-packages/rq/connections.py:58: DeprecationWarning: The `push_connection` function is deprecated. Pass the `connection` explicitly instead.
  warnings.warn(
/workspace/frappe-bench/env/lib/python3.11/site-packages/passlib/utils/__init__.py:854: DeprecationWarning: 'crypt' is deprecated and slated for removal in Python 3.13
  from crypt import crypt as _crypt
/workspace/frappe-bench/env/lib/python3.11/site-packages/rq/connections.py:72: DeprecationWarning: The `pop_connection` function is deprecated. Pass the `connection` explicitly instead.
  warnings.warn(
/workspace/frappe-bench/env/lib/python3.11/site-packages/rq/connections.py:58: DeprecationWarning: The `push_connection` function is deprecated. Pass the `connection` explicitly instead.
  warnings.warn(
/workspace/frappe-bench/env/lib/python3.11/site-packages/passlib/utils/__init__.py:854: DeprecationWarning: 'crypt' is deprecated and slated for removal in Python 3.13
  from crypt import crypt as _crypt
/workspace/frappe-bench/env/lib/python3.11/site-packages/rq/connections.py:72: DeprecationWarning: The `pop_connection` function is deprecated. Pass the `connection` explicitly instead.
  warnings.warn(
/workspace/frappe-bench/env/lib/python3.11/site-packages/rq/connections.py:58: DeprecationWarning: The `push_connection` function is deprecated. Pass the `connection` explicitly instead.
  warnings.warn(
/workspace/frappe-bench/env/lib/python3.11/site-packages/passlib/utils/__init__.py:854: DeprecationWarning: 'crypt' is deprecated and slated for removal in Python 3.13
  from crypt import crypt as _crypt
/workspace/frappe-bench/env/lib/python3.11/site-packages/rq/connections.py:72: DeprecationWarning: The `pop_connection` function is deprecated. Pass the `connection` explicitly instead.
  warnings.warn(
/workspace/frappe-bench/env/lib/python3.11/site-packages/rq/connections.py:58: DeprecationWarning: The `push_connection` function is deprecated. Pass the `connection` explicitly instead.
  warnings.warn(
/workspace/frappe-bench/env/lib/python3.11/site-packages/passlib/utils/__init__.py:854: DeprecationWarning: 'crypt' is deprecated and slated for removal in Python 3.13
  from crypt import crypt as _crypt
/workspace/frappe-bench/env/lib/python3.11/site-packages/rq/connections.py:72: DeprecationWarning: The `pop_connection` function is deprecated. Pass the `connection` explicitly instead.
  warnings.warn(
/workspace/frappe-bench/env/lib/python3.11/site-packages/rq/connections.py:58: DeprecationWarning: The `push_connection` function is deprecated. Pass the `connection` explicitly instead.
  warnings.warn(
/workspace/frappe-bench/env/lib/python3.11/site-packages/passlib/utils/__init__.py:854: DeprecationWarning: 'crypt' is deprecated and slated for removal in Python 3.13
  from crypt import crypt as _crypt
/workspace/frappe-bench/env/lib/python3.11/site-packages/rq/connections.py:72: DeprecationWarning: The `pop_connection` function is deprecated. Pass the `connection` explicitly instead.
  warnings.warn(
/workspace/frappe-bench/env/lib/python3.11/site-packages/rq/connections.py:58: DeprecationWarning: The `push_connection` function is deprecated. Pass the `connection` explicitly instead.
  warnings.warn(
/workspace/frappe-bench/env/lib/python3.11/site-packages/passlib/utils/__init__.py:854: DeprecationWarning: 'crypt' is deprecated and slated for removal in Python 3.13
  from crypt import crypt as _crypt
/workspace/frappe-bench/env/lib/python3.11/site-packages/rq/connections.py:72: DeprecationWarning: The `pop_connection` function is deprecated. Pass the `connection` explicitly instead.
  warnings.warn(
/workspace/frappe-bench/env/lib/python3.11/site-packages/rq/connections.py:58: DeprecationWarning: The `push_connection` function is deprecated. Pass the `connection` explicitly instead.
  warnings.warn(
/workspace/frappe-bench/env/lib/python3.11/site-packages/passlib/utils/__init__.py:854: DeprecationWarning: 'crypt' is deprecated and slated for removal in Python 3.13
  from crypt import crypt as _crypt
/workspace/frappe-bench/env/lib/python3.11/site-packages/rq/connections.py:72: DeprecationWarning: The `pop_connection` function is deprecated. Pass the `connection` explicitly instead.
  warnings.warn(
/workspace/frappe-bench/env/lib/python3.11/site-packages/rq/connections.py:58: DeprecationWarning: The `push_connection` function is deprecated. Pass the `connection` explicitly instead.
  warnings.warn(
/workspace/frappe-bench/env/lib/python3.11/site-packages/passlib/utils/__init__.py:854: DeprecationWarning: 'crypt' is deprecated and slated for removal in Python 3.13
  from crypt import crypt as _crypt
/workspace/frappe-bench/env/lib/python3.11/site-packages/rq/connections.py:72: DeprecationWarning: The `pop_connection` function is deprecated. Pass the `connection` explicitly instead.
  warnings.warn(
/workspace/frappe-bench/env/lib/python3.11/site-packages/rq/connections.py:58: DeprecationWarning: The `push_connection` function is deprecated. Pass the `connection` explicitly instead.
  warnings.warn(
/workspace/frappe-bench/env/lib/python3.11/site-packages/passlib/utils/__init__.py:854: DeprecationWarning: 'crypt' is deprecated and slated for removal in Python 3.13
  from crypt import crypt as _crypt
/workspace/frappe-bench/env/lib/python3.11/site-packages/rq/connections.py:72: DeprecationWarning: The `pop_connection` function is deprecated. Pass the `connection` explicitly instead.
  warnings.warn(
/workspace/frappe-bench/env/lib/python3.11/site-packages/rq/connections.py:58: DeprecationWarning: The `push_connection` function is deprecated. Pass the `connection` explicitly instead.
  warnings.warn(
/workspace/frappe-bench/env/lib/python3.11/site-packages/passlib/utils/__init__.py:854: DeprecationWarning: 'crypt' is deprecated and slated for removal in Python 3.13
  from crypt import crypt as _crypt
/workspace/frappe-bench/env/lib/python3.11/site-packages/rq/connections.py:72: DeprecationWarning: The `pop_connection` function is deprecated. Pass the `connection` explicitly instead.
  warnings.warn(
/workspace/frappe-bench/env/lib/python3.11/site-packages/rq/connections.py:58: DeprecationWarning: The `push_connection` function is deprecated. Pass the `connection` explicitly instead.
  warnings.warn(
/workspace/frappe-bench/env/lib/python3.11/site-packages/passlib/utils/__init__.py:854: DeprecationWarning: 'crypt' is deprecated and slated for removal in Python 3.13
  from crypt import crypt as _crypt
/workspace/frappe-bench/env/lib/python3.11/site-packages/rq/connections.py:72: DeprecationWarning: The `pop_connection` function is deprecated. Pass the `connection` explicitly instead.
  warnings.warn(
/workspace/frappe-bench/env/lib/python3.11/site-packages/rq/connections.py:58: DeprecationWarning: The `push_connection` function is deprecated. Pass the `connection` explicitly instead.
  warnings.warn(
/workspace/frappe-bench/env/lib/python3.11/site-packages/passlib/utils/__init__.py:854: DeprecationWarning: 'crypt' is deprecated and slated for removal in Python 3.13
  from crypt import crypt as _crypt
/workspace/frappe-bench/env/lib/python3.11/site-packages/rq/connections.py:72: DeprecationWarning: The `pop_connection` function is deprecated. Pass the `connection` explicitly instead.
  warnings.warn(
/workspace/frappe-bench/env/lib/python3.11/site-packages/rq/connections.py:58: DeprecationWarning: The `push_connection` function is deprecated. Pass the `connection` explicitly instead.
  warnings.warn(
/workspace/frappe-bench/env/lib/python3.11/site-packages/passlib/utils/__init__.py:854: DeprecationWarning: 'crypt' is deprecated and slated for removal in Python 3.13
  from crypt import crypt as _crypt
/workspace/frappe-bench/env/lib/python3.11/site-packages/rq/connections.py:72: DeprecationWarning: The `pop_connection` function is deprecated. Pass the `connection` explicitly instead.
  warnings.warn(
/workspace/frappe-bench/env/lib/python3.11/site-packages/rq/connections.py:58: DeprecationWarning: The `push_connection` function is deprecated. Pass the `connection` explicitly instead.
  warnings.warn(
/workspace/frappe-bench/env/lib/python3.11/site-packages/passlib/utils/__init__.py:854: DeprecationWarning: 'crypt' is deprecated and slated for removal in Python 3.13
  from crypt import crypt as _crypt
/workspace/frappe-bench/env/lib/python3.11/site-packages/pypdf/_crypt_providers/_cryptography.py:32: CryptographyDeprecationWarning: ARC4 has been moved to cryptography.hazmat.decrepit.ciphers.algorithms.ARC4 and will be removed from this module in 48.0.0.
  from cryptography.hazmat.primitives.ciphers.algorithms import AES, ARC4
/workspace/frappe-bench/env/lib/python3.11/site-packages/rq/connections.py:72: DeprecationWarning: The `pop_connection` function is deprecated. Pass the `connection` explicitly instead.
  warnings.warn(
/workspace/frappe-bench/env/lib/python3.11/site-packages/rq/connections.py:58: DeprecationWarning: The `push_connection` function is deprecated. Pass the `connection` explicitly instead.
  warnings.warn(
/workspace/frappe-bench/env/lib/python3.11/site-packages/passlib/utils/__init__.py:854: DeprecationWarning: 'crypt' is deprecated and slated for removal in Python 3.13
  from crypt import crypt as _crypt
/workspace/frappe-bench/env/lib/python3.11/site-packages/rq/connections.py:72: DeprecationWarning: The `pop_connection` function is deprecated. Pass the `connection` explicitly instead.
  warnings.warn(
/workspace/frappe-bench/env/lib/python3.11/site-packages/rq/connections.py:58: DeprecationWarning: The `push_connection` function is deprecated. Pass the `connection` explicitly instead.
  warnings.warn(
/workspace/frappe-bench/env/lib/python3.11/site-packages/passlib/utils/__init__.py:854: DeprecationWarning: 'crypt' is deprecated and slated for removal in Python 3.13
  from crypt import crypt as _crypt
/workspace/frappe-bench/env/lib/python3.11/site-packages/rq/connections.py:72: DeprecationWarning: The `pop_connection` function is deprecated. Pass the `connection` explicitly instead.
  warnings.warn(
/workspace/frappe-bench/env/lib/python3.11/site-packages/rq/connections.py:58: DeprecationWarning: The `push_connection` function is deprecated. Pass the `connection` explicitly instead.
  warnings.warn(
/workspace/frappe-bench/env/lib/python3.11/site-packages/passlib/utils/__init__.py:854: DeprecationWarning: 'crypt' is deprecated and slated for removal in Python 3.13
  from crypt import crypt as _crypt
/workspace/frappe-bench/env/lib/python3.11/site-packages/rq/connections.py:72: DeprecationWarning: The `pop_connection` function is deprecated. Pass the `connection` explicitly instead.
  warnings.warn(
/workspace/frappe-bench/env/lib/python3.11/site-packages/rq/connections.py:58: DeprecationWarning: The `push_connection` function is deprecated. Pass the `connection` explicitly instead.
  warnings.warn(
/workspace/frappe-bench/env/lib/python3.11/site-packages/passlib/utils/__init__.py:854: DeprecationWarning: 'crypt' is deprecated and slated for removal in Python 3.13
  from crypt import crypt as _crypt
/workspace/frappe-bench/env/lib/python3.11/site-packages/rq/connections.py:72: DeprecationWarning: The `pop_connection` function is deprecated. Pass the `connection` explicitly instead.
  warnings.warn(
/workspace/frappe-bench/env/lib/python3.11/site-packages/rq/connections.py:58: DeprecationWarning: The `push_connection` function is deprecated. Pass the `connection` explicitly instead.
  warnings.warn(
/workspace/frappe-bench/env/lib/python3.11/site-packages/passlib/utils/__init__.py:854: DeprecationWarning: 'crypt' is deprecated and slated for removal in Python 3.13
  from crypt import crypt as _crypt
/workspace/frappe-bench/env/lib/python3.11/site-packages/rq/connections.py:72: DeprecationWarning: The `pop_connection` function is deprecated. Pass the `connection` explicitly instead.
  warnings.warn(
/workspace/frappe-bench/env/lib/python3.11/site-packages/rq/connections.py:58: DeprecationWarning: The `push_connection` function is deprecated. Pass the `connection` explicitly instead.
  warnings.warn(
/workspace/frappe-bench/env/lib/python3.11/site-packages/passlib/utils/__init__.py:854: DeprecationWarning: 'crypt' is deprecated and slated for removal in Python 3.13
  from crypt import crypt as _crypt
/workspace/frappe-bench/env/lib/python3.11/site-packages/pypdf/_crypt_providers/_cryptography.py:32: CryptographyDeprecationWarning: ARC4 has been moved to cryptography.hazmat.decrepit.ciphers.algorithms.ARC4 and will be removed from this module in 48.0.0.
  from cryptography.hazmat.primitives.ciphers.algorithms import AES, ARC4
/workspace/frappe-bench/env/lib/python3.11/site-packages/rq/connections.py:72: DeprecationWarning: The `pop_connection` function is deprecated. Pass the `connection` explicitly instead.
  warnings.warn(
/workspace/frappe-bench/env/lib/python3.11/site-packages/rq/connections.py:58: DeprecationWarning: The `push_connection` function is deprecated. Pass the `connection` explicitly instead.
  warnings.warn(
/workspace/frappe-bench/env/lib/python3.11/site-packages/passlib/utils/__init__.py:854: DeprecationWarning: 'crypt' is deprecated and slated for removal in Python 3.13
  from crypt import crypt as _crypt
/workspace/frappe-bench/env/lib/python3.11/site-packages/rq/connections.py:72: DeprecationWarning: The `pop_connection` function is deprecated. Pass the `connection` explicitly instead.
  warnings.warn(
/workspace/frappe-bench/env/lib/python3.11/site-packages/rq/connections.py:58: DeprecationWarning: The `push_connection` function is deprecated. Pass the `connection` explicitly instead.
  warnings.warn(
/workspace/frappe-bench/env/lib/python3.11/site-packages/passlib/utils/__init__.py:854: DeprecationWarning: 'crypt' is deprecated and slated for removal in Python 3.13
  from crypt import crypt as _crypt
/workspace/frappe-bench/env/lib/python3.11/site-packages/rq/connections.py:72: DeprecationWarning: The `pop_connection` function is deprecated. Pass the `connection` explicitly instead.
  warnings.warn(
/workspace/frappe-bench/env/lib/python3.11/site-packages/rq/connections.py:58: DeprecationWarning: The `push_connection` function is deprecated. Pass the `connection` explicitly instead.
  warnings.warn(
/workspace/frappe-bench/env/lib/python3.11/site-packages/passlib/utils/__init__.py:854: DeprecationWarning: 'crypt' is deprecated and slated for removal in Python 3.13
  from crypt import crypt as _crypt
/workspace/frappe-bench/env/lib/python3.11/site-packages/rq/connections.py:72: DeprecationWarning: The `pop_connection` function is deprecated. Pass the `connection` explicitly instead.
  warnings.warn(
/workspace/frappe-bench/env/lib/python3.11/site-packages/rq/connections.py:58: DeprecationWarning: The `push_connection` function is deprecated. Pass the `connection` explicitly instead.
  warnings.warn(
/workspace/frappe-bench/env/lib/python3.11/site-packages/passlib/utils/__init__.py:854: DeprecationWarning: 'crypt' is deprecated and slated for removal in Python 3.13
  from crypt import crypt as _crypt
/workspace/frappe-bench/env/lib/python3.11/site-packages/rq/connections.py:72: DeprecationWarning: The `pop_connection` function is deprecated. Pass the `connection` explicitly instead.
  warnings.warn(
/workspace/frappe-bench/env/lib/python3.11/site-packages/rq/connections.py:58: DeprecationWarning: The `push_connection` function is deprecated. Pass the `connection` explicitly instead.
  warnings.warn(
/workspace/frappe-bench/env/lib/python3.11/site-packages/passlib/utils/__init__.py:854: DeprecationWarning: 'crypt' is deprecated and slated for removal in Python 3.13
  from crypt import crypt as _crypt
/workspace/frappe-bench/env/lib/python3.11/site-packages/pypdf/_crypt_providers/_cryptography.py:32: CryptographyDeprecationWarning: ARC4 has been moved to cryptography.hazmat.decrepit.ciphers.algorithms.ARC4 and will be removed from this module in 48.0.0.
  from cryptography.hazmat.primitives.ciphers.algorithms import AES, ARC4
/workspace/frappe-bench/env/lib/python3.11/site-packages/rq/connections.py:72: DeprecationWarning: The `pop_connection` function is deprecated. Pass the `connection` explicitly instead.
  warnings.warn(
/workspace/frappe-bench/env/lib/python3.11/site-packages/rq/connections.py:58: DeprecationWarning: The `push_connection` function is deprecated. Pass the `connection` explicitly instead.
  warnings.warn(
/workspace/frappe-bench/env/lib/python3.11/site-packages/passlib/utils/__init__.py:854: DeprecationWarning: 'crypt' is deprecated and slated for removal in Python 3.13
  from crypt import crypt as _crypt
/workspace/frappe-bench/env/lib/python3.11/site-packages/rq/connections.py:72: DeprecationWarning: The `pop_connection` function is deprecated. Pass the `connection` explicitly instead.
  warnings.warn(
/workspace/frappe-bench/env/lib/python3.11/site-packages/rq/connections.py:58: DeprecationWarning: The `push_connection` function is deprecated. Pass the `connection` explicitly instead.
  warnings.warn(
/workspace/frappe-bench/env/lib/python3.11/site-packages/passlib/utils/__init__.py:854: DeprecationWarning: 'crypt' is deprecated and slated for removal in Python 3.13
  from crypt import crypt as _crypt
/workspace/frappe-bench/env/lib/python3.11/site-packages/rq/connections.py:72: DeprecationWarning: The `pop_connection` function is deprecated. Pass the `connection` explicitly instead.
  warnings.warn(
/workspace/frappe-bench/env/lib/python3.11/site-packages/rq/connections.py:58: DeprecationWarning: The `push_connection` function is deprecated. Pass the `connection` explicitly instead.
  warnings.warn(
/workspace/frappe-bench/env/lib/python3.11/site-packages/passlib/utils/__init__.py:854: DeprecationWarning: 'crypt' is deprecated and slated for removal in Python 3.13
  from crypt import crypt as _crypt
/workspace/frappe-bench/env/lib/python3.11/site-packages/pypdf/_crypt_providers/_cryptography.py:32: CryptographyDeprecationWarning: ARC4 has been moved to cryptography.hazmat.decrepit.ciphers.algorithms.ARC4 and will be removed from this module in 48.0.0.
  from cryptography.hazmat.primitives.ciphers.algorithms import AES, ARC4
/workspace/frappe-bench/env/lib/python3.11/site-packages/rq/connections.py:72: DeprecationWarning: The `pop_connection` function is deprecated. Pass the `connection` explicitly instead.
  warnings.warn(
/workspace/frappe-bench/env/lib/python3.11/site-packages/rq/connections.py:58: DeprecationWarning: The `push_connection` function is deprecated. Pass the `connection` explicitly instead.
  warnings.warn(
/workspace/frappe-bench/env/lib/python3.11/site-packages/passlib/utils/__init__.py:854: DeprecationWarning: 'crypt' is deprecated and slated for removal in Python 3.13
  from crypt import crypt as _crypt
/workspace/frappe-bench/env/lib/python3.11/site-packages/rq/connections.py:72: DeprecationWarning: The `pop_connection` function is deprecated. Pass the `connection` explicitly instead.
  warnings.warn(
/workspace/frappe-bench/env/lib/python3.11/site-packages/rq/connections.py:58: DeprecationWarning: The `push_connection` function is deprecated. Pass the `connection` explicitly instead.
  warnings.warn(
/workspace/frappe-bench/env/lib/python3.11/site-packages/passlib/utils/__init__.py:854: DeprecationWarning: 'crypt' is deprecated and slated for removal in Python 3.13
  from crypt import crypt as _crypt
/workspace/frappe-bench/env/lib/python3.11/site-packages/rq/connections.py:72: DeprecationWarning: The `pop_connection` function is deprecated. Pass the `connection` explicitly instead.
  warnings.warn(
/workspace/frappe-bench/env/lib/python3.11/site-packages/rq/connections.py:58: DeprecationWarning: The `push_connection` function is deprecated. Pass the `connection` explicitly instead.
  warnings.warn(
/workspace/frappe-bench/env/lib/python3.11/site-packages/passlib/utils/__init__.py:854: DeprecationWarning: 'crypt' is deprecated and slated for removal in Python 3.13
  from crypt import crypt as _crypt
/workspace/frappe-bench/env/lib/python3.11/site-packages/rq/connections.py:72: DeprecationWarning: The `pop_connection` function is deprecated. Pass the `connection` explicitly instead.
  warnings.warn(
/workspace/frappe-bench/env/lib/python3.11/site-packages/rq/connections.py:58: DeprecationWarning: The `push_connection` function is deprecated. Pass the `connection` explicitly instead.
  warnings.warn(
/workspace/frappe-bench/env/lib/python3.11/site-packages/passlib/utils/__init__.py:854: DeprecationWarning: 'crypt' is deprecated and slated for removal in Python 3.13
  from crypt import crypt as _crypt
/workspace/frappe-bench/env/lib/python3.11/site-packages/rq/connections.py:72: DeprecationWarning: The `pop_connection` function is deprecated. Pass the `connection` explicitly instead.
  warnings.warn(
/workspace/frappe-bench/env/lib/python3.11/site-packages/rq/connections.py:58: DeprecationWarning: The `push_connection` function is deprecated. Pass the `connection` explicitly instead.
  warnings.warn(
/workspace/frappe-bench/env/lib/python3.11/site-packages/passlib/utils/__init__.py:854: DeprecationWarning: 'crypt' is deprecated and slated for removal in Python 3.13
  from crypt import crypt as _crypt
/workspace/frappe-bench/env/lib/python3.11/site-packages/rq/connections.py:72: DeprecationWarning: The `pop_connection` function is deprecated. Pass the `connection` explicitly instead.
  warnings.warn(
/workspace/frappe-bench/env/lib/python3.11/site-packages/rq/connections.py:58: DeprecationWarning: The `push_connection` function is deprecated. Pass the `connection` explicitly instead.
  warnings.warn(
/workspace/frappe-bench/env/lib/python3.11/site-packages/passlib/utils/__init__.py:854: DeprecationWarning: 'crypt' is deprecated and slated for removal in Python 3.13
  from crypt import crypt as _crypt
/workspace/frappe-bench/env/lib/python3.11/site-packages/rq/connections.py:72: DeprecationWarning: The `pop_connection` function is deprecated. Pass the `connection` explicitly instead.
  warnings.warn(
/workspace/frappe-bench/env/lib/python3.11/site-packages/rq/connections.py:58: DeprecationWarning: The `push_connection` function is deprecated. Pass the `connection` explicitly instead.
  warnings.warn(
/workspace/frappe-bench/env/lib/python3.11/site-packages/passlib/utils/__init__.py:854: DeprecationWarning: 'crypt' is deprecated and slated for removal in Python 3.13
  from crypt import crypt as _crypt
/workspace/frappe-bench/env/lib/python3.11/site-packages/rq/connections.py:72: DeprecationWarning: The `pop_connection` function is deprecated. Pass the `connection` explicitly instead.
  warnings.warn(
/workspace/frappe-bench/env/lib/python3.11/site-packages/rq/connections.py:58: DeprecationWarning: The `push_connection` function is deprecated. Pass the `connection` explicitly instead.
  warnings.warn(
/workspace/frappe-bench/env/lib/python3.11/site-packages/passlib/utils/__init__.py:854: DeprecationWarning: 'crypt' is deprecated and slated for removal in Python 3.13
  from crypt import crypt as _crypt
/workspace/frappe-bench/env/lib/python3.11/site-packages/rq/connections.py:72: DeprecationWarning: The `pop_connection` function is deprecated. Pass the `connection` explicitly instead.
  warnings.warn(
/workspace/frappe-bench/env/lib/python3.11/site-packages/rq/connections.py:58: DeprecationWarning: The `push_connection` function is deprecated. Pass the `connection` explicitly instead.
  warnings.warn(
/workspace/frappe-bench/env/lib/python3.11/site-packages/passlib/utils/__init__.py:854: DeprecationWarning: 'crypt' is deprecated and slated for removal in Python 3.13
  from crypt import crypt as _crypt
/workspace/frappe-bench/env/lib/python3.11/site-packages/rq/connections.py:72: DeprecationWarning: The `pop_connection` function is deprecated. Pass the `connection` explicitly instead.
  warnings.warn(
/workspace/frappe-bench/env/lib/python3.11/site-packages/rq/connections.py:58: DeprecationWarning: The `push_connection` function is deprecated. Pass the `connection` explicitly instead.
  warnings.warn(
/workspace/frappe-bench/env/lib/python3.11/site-packages/passlib/utils/__init__.py:854: DeprecationWarning: 'crypt' is deprecated and slated for removal in Python 3.13
  from crypt import crypt as _crypt
/workspace/frappe-bench/env/lib/python3.11/site-packages/rq/connections.py:72: DeprecationWarning: The `pop_connection` function is deprecated. Pass the `connection` explicitly instead.
  warnings.warn(
/workspace/frappe-bench/env/lib/python3.11/site-packages/rq/connections.py:58: DeprecationWarning: The `push_connection` function is deprecated. Pass the `connection` explicitly instead.
  warnings.warn(
/workspace/frappe-bench/env/lib/python3.11/site-packages/passlib/utils/__init__.py:854: DeprecationWarning: 'crypt' is deprecated and slated for removal in Python 3.13
  from crypt import crypt as _crypt
/workspace/frappe-bench/env/lib/python3.11/site-packages/rq/connections.py:72: DeprecationWarning: The `pop_connection` function is deprecated. Pass the `connection` explicitly instead.
  warnings.warn(
/workspace/frappe-bench/env/lib/python3.11/site-packages/rq/connections.py:58: DeprecationWarning: The `push_connection` function is deprecated. Pass the `connection` explicitly instead.
  warnings.warn(
/workspace/frappe-bench/env/lib/python3.11/site-packages/passlib/utils/__init__.py:854: DeprecationWarning: 'crypt' is deprecated and slated for removal in Python 3.13
  from crypt import crypt as _crypt
/workspace/frappe-bench/env/lib/python3.11/site-packages/rq/connections.py:72: DeprecationWarning: The `pop_connection` function is deprecated. Pass the `connection` explicitly instead.
  warnings.warn(
/workspace/frappe-bench/env/lib/python3.11/site-packages/rq/connections.py:58: DeprecationWarning: The `push_connection` function is deprecated. Pass the `connection` explicitly instead.
  warnings.warn(
/workspace/frappe-bench/env/lib/python3.11/site-packages/passlib/utils/__init__.py:854: DeprecationWarning: 'crypt' is deprecated and slated for removal in Python 3.13
  from crypt import crypt as _crypt
/workspace/frappe-bench/env/lib/python3.11/site-packages/pypdf/_crypt_providers/_cryptography.py:32: CryptographyDeprecationWarning: ARC4 has been moved to cryptography.hazmat.decrepit.ciphers.algorithms.ARC4 and will be removed from this module in 48.0.0.
  from cryptography.hazmat.primitives.ciphers.algorithms import AES, ARC4
/workspace/frappe-bench/env/lib/python3.11/site-packages/rq/connections.py:72: DeprecationWarning: The `pop_connection` function is deprecated. Pass the `connection` explicitly instead.
  warnings.warn(
/workspace/frappe-bench/env/lib/python3.11/site-packages/rq/connections.py:58: DeprecationWarning: The `push_connection` function is deprecated. Pass the `connection` explicitly instead.
  warnings.warn(
/workspace/frappe-bench/env/lib/python3.11/site-packages/passlib/utils/__init__.py:854: DeprecationWarning: 'crypt' is deprecated and slated for removal in Python 3.13
  from crypt import crypt as _crypt
/workspace/frappe-bench/env/lib/python3.11/site-packages/rq/connections.py:72: DeprecationWarning: The `pop_connection` function is deprecated. Pass the `connection` explicitly instead.
  warnings.warn(
/workspace/frappe-bench/env/lib/python3.11/site-packages/rq/connections.py:58: DeprecationWarning: The `push_connection` function is deprecated. Pass the `connection` explicitly instead.
  warnings.warn(
/workspace/frappe-bench/env/lib/python3.11/site-packages/passlib/utils/__init__.py:854: DeprecationWarning: 'crypt' is deprecated and slated for removal in Python 3.13
  from crypt import crypt as _crypt
/workspace/frappe-bench/env/lib/python3.11/site-packages/rq/connections.py:72: DeprecationWarning: The `pop_connection` function is deprecated. Pass the `connection` explicitly instead.
  warnings.warn(
/workspace/frappe-bench/env/lib/python3.11/site-packages/rq/connections.py:58: DeprecationWarning: The `push_connection` function is deprecated. Pass the `connection` explicitly instead.
  warnings.warn(
/workspace/frappe-bench/env/lib/python3.11/site-packages/passlib/utils/__init__.py:854: DeprecationWarning: 'crypt' is deprecated and slated for removal in Python 3.13
  from crypt import crypt as _crypt
/workspace/frappe-bench/env/lib/python3.11/site-packages/pypdf/_crypt_providers/_cryptography.py:32: CryptographyDeprecationWarning: ARC4 has been moved to cryptography.hazmat.decrepit.ciphers.algorithms.ARC4 and will be removed from this module in 48.0.0.
  from cryptography.hazmat.primitives.ciphers.algorithms import AES, ARC4
/workspace/frappe-bench/env/lib/python3.11/site-packages/rq/connections.py:72: DeprecationWarning: The `pop_connection` function is deprecated. Pass the `connection` explicitly instead.
  warnings.warn(
/workspace/frappe-bench/env/lib/python3.11/site-packages/rq/connections.py:58: DeprecationWarning: The `push_connection` function is deprecated. Pass the `connection` explicitly instead.
  warnings.warn(
/workspace/frappe-bench/env/lib/python3.11/site-packages/passlib/utils/__init__.py:854: DeprecationWarning: 'crypt' is deprecated and slated for removal in Python 3.13
  from crypt import crypt as _crypt
/workspace/frappe-bench/env/lib/python3.11/site-packages/rq/connections.py:72: DeprecationWarning: The `pop_connection` function is deprecated. Pass the `connection` explicitly instead.
  warnings.warn(
/workspace/frappe-bench/env/lib/python3.11/site-packages/rq/connections.py:58: DeprecationWarning: The `push_connection` function is deprecated. Pass the `connection` explicitly instead.
  warnings.warn(
/workspace/frappe-bench/env/lib/python3.11/site-packages/passlib/utils/__init__.py:854: DeprecationWarning: 'crypt' is deprecated and slated for removal in Python 3.13
  from crypt import crypt as _crypt
/workspace/frappe-bench/env/lib/python3.11/site-packages/rq/connections.py:72: DeprecationWarning: The `pop_connection` function is deprecated. Pass the `connection` explicitly instead.
  warnings.warn(
/workspace/frappe-bench/env/lib/python3.11/site-packages/rq/connections.py:58: DeprecationWarning: The `push_connection` function is deprecated. Pass the `connection` explicitly instead.
  warnings.warn(
/workspace/frappe-bench/env/lib/python3.11/site-packages/passlib/utils/__init__.py:854: DeprecationWarning: 'crypt' is deprecated and slated for removal in Python 3.13
  from crypt import crypt as _crypt
/workspace/frappe-bench/env/lib/python3.11/site-packages/rq/connections.py:72: DeprecationWarning: The `pop_connection` function is deprecated. Pass the `connection` explicitly instead.
  warnings.warn(
/workspace/frappe-bench/env/lib/python3.11/site-packages/rq/connections.py:58: DeprecationWarning: The `push_connection` function is deprecated. Pass the `connection` explicitly instead.
  warnings.warn(
/workspace/frappe-bench/env/lib/python3.11/site-packages/passlib/utils/__init__.py:854: DeprecationWarning: 'crypt' is deprecated and slated for removal in Python 3.13
  from crypt import crypt as _crypt
/workspace/frappe-bench/env/lib/python3.11/site-packages/pypdf/_crypt_providers/_cryptography.py:32: CryptographyDeprecationWarning: ARC4 has been moved to cryptography.hazmat.decrepit.ciphers.algorithms.ARC4 and will be removed from this module in 48.0.0.
  from cryptography.hazmat.primitives.ciphers.algorithms import AES, ARC4
/workspace/frappe-bench/env/lib/python3.11/site-packages/rq/connections.py:72: DeprecationWarning: The `pop_connection` function is deprecated. Pass the `connection` explicitly instead.
  warnings.warn(
/workspace/frappe-bench/env/lib/python3.11/site-packages/rq/connections.py:58: DeprecationWarning: The `push_connection` function is deprecated. Pass the `connection` explicitly instead.
  warnings.warn(
/workspace/frappe-bench/env/lib/python3.11/site-packages/passlib/utils/__init__.py:854: DeprecationWarning: 'crypt' is deprecated and slated for removal in Python 3.13
  from crypt import crypt as _crypt
/workspace/frappe-bench/env/lib/python3.11/site-packages/rq/connections.py:72: DeprecationWarning: The `pop_connection` function is deprecated. Pass the `connection` explicitly instead.
  warnings.warn(
/workspace/frappe-bench/env/lib/python3.11/site-packages/rq/connections.py:58: DeprecationWarning: The `push_connection` function is deprecated. Pass the `connection` explicitly instead.
  warnings.warn(
/workspace/frappe-bench/env/lib/python3.11/site-packages/passlib/utils/__init__.py:854: DeprecationWarning: 'crypt' is deprecated and slated for removal in Python 3.13
  from crypt import crypt as _crypt
/workspace/frappe-bench/env/lib/python3.11/site-packages/rq/connections.py:72: DeprecationWarning: The `pop_connection` function is deprecated. Pass the `connection` explicitly instead.
  warnings.warn(
/workspace/frappe-bench/env/lib/python3.11/site-packages/rq/connections.py:58: DeprecationWarning: The `push_connection` function is deprecated. Pass the `connection` explicitly instead.
  warnings.warn(
/workspace/frappe-bench/env/lib/python3.11/site-packages/passlib/utils/__init__.py:854: DeprecationWarning: 'crypt' is deprecated and slated for removal in Python 3.13
  from crypt import crypt as _crypt
/workspace/frappe-bench/env/lib/python3.11/site-packages/rq/connections.py:72: DeprecationWarning: The `pop_connection` function is deprecated. Pass the `connection` explicitly instead.
  warnings.warn(
/workspace/frappe-bench/env/lib/python3.11/site-packages/rq/connections.py:58: DeprecationWarning: The `push_connection` function is deprecated. Pass the `connection` explicitly instead.
  warnings.warn(
/workspace/frappe-bench/env/lib/python3.11/site-packages/passlib/utils/__init__.py:854: DeprecationWarning: 'crypt' is deprecated and slated for removal in Python 3.13
  from crypt import crypt as _crypt
/workspace/frappe-bench/env/lib/python3.11/site-packages/rq/connections.py:72: DeprecationWarning: The `pop_connection` function is deprecated. Pass the `connection` explicitly instead.
  warnings.warn(
/workspace/frappe-bench/env/lib/python3.11/site-packages/rq/connections.py:58: DeprecationWarning: The `push_connection` function is deprecated. Pass the `connection` explicitly instead.
  warnings.warn(
/workspace/frappe-bench/env/lib/python3.11/site-packages/passlib/utils/__init__.py:854: DeprecationWarning: 'crypt' is deprecated and slated for removal in Python 3.13
  from crypt import crypt as _crypt
/workspace/frappe-bench/env/lib/python3.11/site-packages/rq/connections.py:72: DeprecationWarning: The `pop_connection` function is deprecated. Pass the `connection` explicitly instead.
  warnings.warn(
/workspace/frappe-bench/env/lib/python3.11/site-packages/rq/connections.py:58: DeprecationWarning: The `push_connection` function is deprecated. Pass the `connection` explicitly instead.
  warnings.warn(
/workspace/frappe-bench/env/lib/python3.11/site-packages/passlib/utils/__init__.py:854: DeprecationWarning: 'crypt' is deprecated and slated for removal in Python 3.13
  from crypt import crypt as _crypt
/workspace/frappe-bench/env/lib/python3.11/site-packages/rq/connections.py:72: DeprecationWarning: The `pop_connection` function is deprecated. Pass the `connection` explicitly instead.
  warnings.warn(
/workspace/frappe-bench/env/lib/python3.11/site-packages/rq/connections.py:58: DeprecationWarning: The `push_connection` function is deprecated. Pass the `connection` explicitly instead.
  warnings.warn(
/workspace/frappe-bench/env/lib/python3.11/site-packages/passlib/utils/__init__.py:854: DeprecationWarning: 'crypt' is deprecated and slated for removal in Python 3.13
  from crypt import crypt as _crypt
/workspace/frappe-bench/env/lib/python3.11/site-packages/rq/connections.py:72: DeprecationWarning: The `pop_connection` function is deprecated. Pass the `connection` explicitly instead.
  warnings.warn(
/workspace/frappe-bench/env/lib/python3.11/site-packages/rq/connections.py:58: DeprecationWarning: The `push_connection` function is deprecated. Pass the `connection` explicitly instead.
  warnings.warn(
/workspace/frappe-bench/env/lib/python3.11/site-packages/passlib/utils/__init__.py:854: DeprecationWarning: 'crypt' is deprecated and slated for removal in Python 3.13
  from crypt import crypt as _crypt
/workspace/frappe-bench/env/lib/python3.11/site-packages/rq/connections.py:72: DeprecationWarning: The `pop_connection` function is deprecated. Pass the `connection` explicitly instead.
  warnings.warn(
/workspace/frappe-bench/env/lib/python3.11/site-packages/rq/connections.py:58: DeprecationWarning: The `push_connection` function is deprecated. Pass the `connection` explicitly instead.
  warnings.warn(
/workspace/frappe-bench/env/lib/python3.11/site-packages/passlib/utils/__init__.py:854: DeprecationWarning: 'crypt' is deprecated and slated for removal in Python 3.13
  from crypt import crypt as _crypt
/workspace/frappe-bench/env/lib/python3.11/site-packages/rq/connections.py:72: DeprecationWarning: The `pop_connection` function is deprecated. Pass the `connection` explicitly instead.
  warnings.warn(
/workspace/frappe-bench/env/lib/python3.11/site-packages/rq/connections.py:58: DeprecationWarning: The `push_connection` function is deprecated. Pass the `connection` explicitly instead.
  warnings.warn(
/workspace/frappe-bench/env/lib/python3.11/site-packages/passlib/utils/__init__.py:854: DeprecationWarning: 'crypt' is deprecated and slated for removal in Python 3.13
  from crypt import crypt as _crypt
/workspace/frappe-bench/env/lib/python3.11/site-packages/rq/connections.py:72: DeprecationWarning: The `pop_connection` function is deprecated. Pass the `connection` explicitly instead.
  warnings.warn(
/workspace/frappe-bench/env/lib/python3.11/site-packages/rq/connections.py:58: DeprecationWarning: The `push_connection` function is deprecated. Pass the `connection` explicitly instead.
  warnings.warn(
/workspace/frappe-bench/env/lib/python3.11/site-packages/passlib/utils/__init__.py:854: DeprecationWarning: 'crypt' is deprecated and slated for removal in Python 3.13
  from crypt import crypt as _crypt
/workspace/frappe-bench/env/lib/python3.11/site-packages/rq/connections.py:72: DeprecationWarning: The `pop_connection` function is deprecated. Pass the `connection` explicitly instead.
  warnings.warn(
/workspace/frappe-bench/env/lib/python3.11/site-packages/rq/connections.py:58: DeprecationWarning: The `push_connection` function is deprecated. Pass the `connection` explicitly instead.
  warnings.warn(
/workspace/frappe-bench/env/lib/python3.11/site-packages/passlib/utils/__init__.py:854: DeprecationWarning: 'crypt' is deprecated and slated for removal in Python 3.13
  from crypt import crypt as _crypt
/workspace/frappe-bench/env/lib/python3.11/site-packages/rq/connections.py:72: DeprecationWarning: The `pop_connection` function is deprecated. Pass the `connection` explicitly instead.
  warnings.warn(
/workspace/frappe-bench/env/lib/python3.11/site-packages/rq/connections.py:58: DeprecationWarning: The `push_connection` function is deprecated. Pass the `connection` explicitly instead.
  warnings.warn(
/workspace/frappe-bench/env/lib/python3.11/site-packages/passlib/utils/__init__.py:854: DeprecationWarning: 'crypt' is deprecated and slated for removal in Python 3.13
  from crypt import crypt as _crypt
/workspace/frappe-bench/env/lib/python3.11/site-packages/rq/connections.py:72: DeprecationWarning: The `pop_connection` function is deprecated. Pass the `connection` explicitly instead.
  warnings.warn(
/workspace/frappe-bench/env/lib/python3.11/site-packages/rq/connections.py:58: DeprecationWarning: The `push_connection` function is deprecated. Pass the `connection` explicitly instead.
  warnings.warn(
/workspace/frappe-bench/env/lib/python3.11/site-packages/passlib/utils/__init__.py:854: DeprecationWarning: 'crypt' is deprecated and slated for removal in Python 3.13
  from crypt import crypt as _crypt
/workspace/frappe-bench/env/lib/python3.11/site-packages/rq/connections.py:72: DeprecationWarning: The `pop_connection` function is deprecated. Pass the `connection` explicitly instead.
  warnings.warn(
/workspace/frappe-bench/env/lib/python3.11/site-packages/rq/connections.py:58: DeprecationWarning: The `push_connection` function is deprecated. Pass the `connection` explicitly instead.
  warnings.warn(
/workspace/frappe-bench/env/lib/python3.11/site-packages/passlib/utils/__init__.py:854: DeprecationWarning: 'crypt' is deprecated and slated for removal in Python 3.13
  from crypt import crypt as _crypt
/workspace/frappe-bench/env/lib/python3.11/site-packages/rq/connections.py:72: DeprecationWarning: The `pop_connection` function is deprecated. Pass the `connection` explicitly instead.
  warnings.warn(
/workspace/frappe-bench/env/lib/python3.11/site-packages/rq/connections.py:58: DeprecationWarning: The `push_connection` function is deprecated. Pass the `connection` explicitly instead.
  warnings.warn(
/workspace/frappe-bench/env/lib/python3.11/site-packages/passlib/utils/__init__.py:854: DeprecationWarning: 'crypt' is deprecated and slated for removal in Python 3.13
  from crypt import crypt as _crypt
/workspace/frappe-bench/env/lib/python3.11/site-packages/rq/connections.py:72: DeprecationWarning: The `pop_connection` function is deprecated. Pass the `connection` explicitly instead.
  warnings.warn(
/workspace/frappe-bench/env/lib/python3.11/site-packages/rq/connections.py:58: DeprecationWarning: The `push_connection` function is deprecated. Pass the `connection` explicitly instead.
  warnings.warn(
/workspace/frappe-bench/env/lib/python3.11/site-packages/passlib/utils/__init__.py:854: DeprecationWarning: 'crypt' is deprecated and slated for removal in Python 3.13
  from crypt import crypt as _crypt
/workspace/frappe-bench/env/lib/python3.11/site-packages/rq/connections.py:72: DeprecationWarning: The `pop_connection` function is deprecated. Pass the `connection` explicitly instead.
  warnings.warn(
/workspace/frappe-bench/env/lib/python3.11/site-packages/rq/connections.py:58: DeprecationWarning: The `push_connection` function is deprecated. Pass the `connection` explicitly instead.
  warnings.warn(
/workspace/frappe-bench/env/lib/python3.11/site-packages/passlib/utils/__init__.py:854: DeprecationWarning: 'crypt' is deprecated and slated for removal in Python 3.13
  from crypt import crypt as _crypt
/workspace/frappe-bench/env/lib/python3.11/site-packages/pypdf/_crypt_providers/_cryptography.py:32: CryptographyDeprecationWarning: ARC4 has been moved to cryptography.hazmat.decrepit.ciphers.algorithms.ARC4 and will be removed from this module in 48.0.0.
  from cryptography.hazmat.primitives.ciphers.algorithms import AES, ARC4
/workspace/frappe-bench/env/lib/python3.11/site-packages/rq/connections.py:72: DeprecationWarning: The `pop_connection` function is deprecated. Pass the `connection` explicitly instead.
  warnings.warn(
/workspace/frappe-bench/env/lib/python3.11/site-packages/rq/connections.py:58: DeprecationWarning: The `push_connection` function is deprecated. Pass the `connection` explicitly instead.
  warnings.warn(
/workspace/frappe-bench/env/lib/python3.11/site-packages/passlib/utils/__init__.py:854: DeprecationWarning: 'crypt' is deprecated and slated for removal in Python 3.13
  from crypt import crypt as _crypt
/workspace/frappe-bench/env/lib/python3.11/site-packages/rq/connections.py:72: DeprecationWarning: The `pop_connection` function is deprecated. Pass the `connection` explicitly instead.
  warnings.warn(
/workspace/frappe-bench/env/lib/python3.11/site-packages/rq/connections.py:58: DeprecationWarning: The `push_connection` function is deprecated. Pass the `connection` explicitly instead.
  warnings.warn(
/workspace/frappe-bench/env/lib/python3.11/site-packages/passlib/utils/__init__.py:854: DeprecationWarning: 'crypt' is deprecated and slated for removal in Python 3.13
  from crypt import crypt as _crypt
/workspace/frappe-bench/env/lib/python3.11/site-packages/rq/connections.py:72: DeprecationWarning: The `pop_connection` function is deprecated. Pass the `connection` explicitly instead.
  warnings.warn(
/workspace/frappe-bench/env/lib/python3.11/site-packages/rq/connections.py:58: DeprecationWarning: The `push_connection` function is deprecated. Pass the `connection` explicitly instead.
  warnings.warn(
/workspace/frappe-bench/env/lib/python3.11/site-packages/passlib/utils/__init__.py:854: DeprecationWarning: 'crypt' is deprecated and slated for removal in Python 3.13
  from crypt import crypt as _crypt
/workspace/frappe-bench/env/lib/python3.11/site-packages/rq/connections.py:72: DeprecationWarning: The `pop_connection` function is deprecated. Pass the `connection` explicitly instead.
  warnings.warn(
/workspace/frappe-bench/env/lib/python3.11/site-packages/rq/connections.py:58: DeprecationWarning: The `push_connection` function is deprecated. Pass the `connection` explicitly instead.
  warnings.warn(
/workspace/frappe-bench/env/lib/python3.11/site-packages/passlib/utils/__init__.py:854: DeprecationWarning: 'crypt' is deprecated and slated for removal in Python 3.13
  from crypt import crypt as _crypt
/workspace/frappe-bench/env/lib/python3.11/site-packages/rq/connections.py:72: DeprecationWarning: The `pop_connection` function is deprecated. Pass the `connection` explicitly instead.
  warnings.warn(
/workspace/frappe-bench/env/lib/python3.11/site-packages/rq/connections.py:58: DeprecationWarning: The `push_connection` function is deprecated. Pass the `connection` explicitly instead.
  warnings.warn(
/workspace/frappe-bench/env/lib/python3.11/site-packages/passlib/utils/__init__.py:854: DeprecationWarning: 'crypt' is deprecated and slated for removal in Python 3.13
  from crypt import crypt as _crypt
/workspace/frappe-bench/env/lib/python3.11/site-packages/rq/connections.py:72: DeprecationWarning: The `pop_connection` function is deprecated. Pass the `connection` explicitly instead.
  warnings.warn(
/workspace/frappe-bench/env/lib/python3.11/site-packages/rq/connections.py:58: DeprecationWarning: The `push_connection` function is deprecated. Pass the `connection` explicitly instead.
  warnings.warn(
/workspace/frappe-bench/env/lib/python3.11/site-packages/passlib/utils/__init__.py:854: DeprecationWarning: 'crypt' is deprecated and slated for removal in Python 3.13
  from crypt import crypt as _crypt
/workspace/frappe-bench/env/lib/python3.11/site-packages/rq/connections.py:72: DeprecationWarning: The `pop_connection` function is deprecated. Pass the `connection` explicitly instead.
  warnings.warn(
/workspace/frappe-bench/env/lib/python3.11/site-packages/rq/connections.py:58: DeprecationWarning: The `push_connection` function is deprecated. Pass the `connection` explicitly instead.
  warnings.warn(
/workspace/frappe-bench/env/lib/python3.11/site-packages/passlib/utils/__init__.py:854: DeprecationWarning: 'crypt' is deprecated and slated for removal in Python 3.13
  from crypt import crypt as _crypt
/workspace/frappe-bench/env/lib/python3.11/site-packages/rq/connections.py:72: DeprecationWarning: The `pop_connection` function is deprecated. Pass the `connection` explicitly instead.
  warnings.warn(
/workspace/frappe-bench/env/lib/python3.11/site-packages/rq/connections.py:58: DeprecationWarning: The `push_connection` function is deprecated. Pass the `connection` explicitly instead.
  warnings.warn(
/workspace/frappe-bench/env/lib/python3.11/site-packages/passlib/utils/__init__.py:854: DeprecationWarning: 'crypt' is deprecated and slated for removal in Python 3.13
  from crypt import crypt as _crypt
/workspace/frappe-bench/env/lib/python3.11/site-packages/rq/connections.py:72: DeprecationWarning: The `pop_connection` function is deprecated. Pass the `connection` explicitly instead.
  warnings.warn(
/workspace/frappe-bench/env/lib/python3.11/site-packages/rq/connections.py:58: DeprecationWarning: The `push_connection` function is deprecated. Pass the `connection` explicitly instead.
  warnings.warn(
/workspace/frappe-bench/env/lib/python3.11/site-packages/passlib/utils/__init__.py:854: DeprecationWarning: 'crypt' is deprecated and slated for removal in Python 3.13
  from crypt import crypt as _crypt
/workspace/frappe-bench/env/lib/python3.11/site-packages/rq/connections.py:72: DeprecationWarning: The `pop_connection` function is deprecated. Pass the `connection` explicitly instead.
  warnings.warn(
/workspace/frappe-bench/env/lib/python3.11/site-packages/rq/connections.py:58: DeprecationWarning: The `push_connection` function is deprecated. Pass the `connection` explicitly instead.
  warnings.warn(
/workspace/frappe-bench/env/lib/python3.11/site-packages/passlib/utils/__init__.py:854: DeprecationWarning: 'crypt' is deprecated and slated for removal in Python 3.13
  from crypt import crypt as _crypt
/workspace/frappe-bench/env/lib/python3.11/site-packages/rq/connections.py:72: DeprecationWarning: The `pop_connection` function is deprecated. Pass the `connection` explicitly instead.
  warnings.warn(
/workspace/frappe-bench/env/lib/python3.11/site-packages/rq/connections.py:58: DeprecationWarning: The `push_connection` function is deprecated. Pass the `connection` explicitly instead.
  warnings.warn(
/workspace/frappe-bench/env/lib/python3.11/site-packages/passlib/utils/__init__.py:854: DeprecationWarning: 'crypt' is deprecated and slated for removal in Python 3.13
  from crypt import crypt as _crypt
/workspace/frappe-bench/env/lib/python3.11/site-packages/rq/connections.py:72: DeprecationWarning: The `pop_connection` function is deprecated. Pass the `connection` explicitly instead.
  warnings.warn(
/workspace/frappe-bench/env/lib/python3.11/site-packages/rq/connections.py:58: DeprecationWarning: The `push_connection` function is deprecated. Pass the `connection` explicitly instead.
  warnings.warn(
/workspace/frappe-bench/env/lib/python3.11/site-packages/passlib/utils/__init__.py:854: DeprecationWarning: 'crypt' is deprecated and slated for removal in Python 3.13
  from crypt import crypt as _crypt
/workspace/frappe-bench/env/lib/python3.11/site-packages/pypdf/_crypt_providers/_cryptography.py:32: CryptographyDeprecationWarning: ARC4 has been moved to cryptography.hazmat.decrepit.ciphers.algorithms.ARC4 and will be removed from this module in 48.0.0.
  from cryptography.hazmat.primitives.ciphers.algorithms import AES, ARC4
/workspace/frappe-bench/env/lib/python3.11/site-packages/rq/connections.py:72: DeprecationWarning: The `pop_connection` function is deprecated. Pass the `connection` explicitly instead.
  warnings.warn(
/workspace/frappe-bench/env/lib/python3.11/site-packages/rq/connections.py:58: DeprecationWarning: The `push_connection` function is deprecated. Pass the `connection` explicitly instead.
  warnings.warn(
/workspace/frappe-bench/env/lib/python3.11/site-packages/passlib/utils/__init__.py:854: DeprecationWarning: 'crypt' is deprecated and slated for removal in Python 3.13
  from crypt import crypt as _crypt
/workspace/frappe-bench/env/lib/python3.11/site-packages/rq/connections.py:72: DeprecationWarning: The `pop_connection` function is deprecated. Pass the `connection` explicitly instead.
  warnings.warn(
/workspace/frappe-bench/env/lib/python3.11/site-packages/rq/connections.py:58: DeprecationWarning: The `push_connection` function is deprecated. Pass the `connection` explicitly instead.
  warnings.warn(
/workspace/frappe-bench/env/lib/python3.11/site-packages/passlib/utils/__init__.py:854: DeprecationWarning: 'crypt' is deprecated and slated for removal in Python 3.13
  from crypt import crypt as _crypt
/workspace/frappe-bench/env/lib/python3.11/site-packages/rq/connections.py:72: DeprecationWarning: The `pop_connection` function is deprecated. Pass the `connection` explicitly instead.
  warnings.warn(
/workspace/frappe-bench/env/lib/python3.11/site-packages/rq/connections.py:58: DeprecationWarning: The `push_connection` function is deprecated. Pass the `connection` explicitly instead.
  warnings.warn(
/workspace/frappe-bench/env/lib/python3.11/site-packages/passlib/utils/__init__.py:854: DeprecationWarning: 'crypt' is deprecated and slated for removal in Python 3.13
  from crypt import crypt as _crypt
/workspace/frappe-bench/env/lib/python3.11/site-packages/rq/connections.py:72: DeprecationWarning: The `pop_connection` function is deprecated. Pass the `connection` explicitly instead.
  warnings.warn(
/workspace/frappe-bench/env/lib/python3.11/site-packages/rq/connections.py:58: DeprecationWarning: The `push_connection` function is deprecated. Pass the `connection` explicitly instead.
  warnings.warn(
/workspace/frappe-bench/env/lib/python3.11/site-packages/passlib/utils/__init__.py:854: DeprecationWarning: 'crypt' is deprecated and slated for removal in Python 3.13
  from crypt import crypt as _crypt
/workspace/frappe-bench/env/lib/python3.11/site-packages/rq/connections.py:72: DeprecationWarning: The `pop_connection` function is deprecated. Pass the `connection` explicitly instead.
  warnings.warn(
/workspace/frappe-bench/env/lib/python3.11/site-packages/rq/connections.py:58: DeprecationWarning: The `push_connection` function is deprecated. Pass the `connection` explicitly instead.
  warnings.warn(
/workspace/frappe-bench/env/lib/python3.11/site-packages/passlib/utils/__init__.py:854: DeprecationWarning: 'crypt' is deprecated and slated for removal in Python 3.13
  from crypt import crypt as _crypt
/workspace/frappe-bench/env/lib/python3.11/site-packages/rq/connections.py:72: DeprecationWarning: The `pop_connection` function is deprecated. Pass the `connection` explicitly instead.
  warnings.warn(
/workspace/frappe-bench/env/lib/python3.11/site-packages/rq/connections.py:58: DeprecationWarning: The `push_connection` function is deprecated. Pass the `connection` explicitly instead.
  warnings.warn(
/workspace/frappe-bench/env/lib/python3.11/site-packages/passlib/utils/__init__.py:854: DeprecationWarning: 'crypt' is deprecated and slated for removal in Python 3.13
  from crypt import crypt as _crypt
/workspace/frappe-bench/env/lib/python3.11/site-packages/pypdf/_crypt_providers/_cryptography.py:32: CryptographyDeprecationWarning: ARC4 has been moved to cryptography.hazmat.decrepit.ciphers.algorithms.ARC4 and will be removed from this module in 48.0.0.
  from cryptography.hazmat.primitives.ciphers.algorithms import AES, ARC4
/workspace/frappe-bench/env/lib/python3.11/site-packages/rq/connections.py:72: DeprecationWarning: The `pop_connection` function is deprecated. Pass the `connection` explicitly instead.
  warnings.warn(
/workspace/frappe-bench/env/lib/python3.11/site-packages/rq/connections.py:58: DeprecationWarning: The `push_connection` function is deprecated. Pass the `connection` explicitly instead.
  warnings.warn(
/workspace/frappe-bench/env/lib/python3.11/site-packages/passlib/utils/__init__.py:854: DeprecationWarning: 'crypt' is deprecated and slated for removal in Python 3.13
  from crypt import crypt as _crypt
/workspace/frappe-bench/env/lib/python3.11/site-packages/rq/connections.py:72: DeprecationWarning: The `pop_connection` function is deprecated. Pass the `connection` explicitly instead.
  warnings.warn(
/workspace/frappe-bench/env/lib/python3.11/site-packages/rq/connections.py:58: DeprecationWarning: The `push_connection` function is deprecated. Pass the `connection` explicitly instead.
  warnings.warn(
/workspace/frappe-bench/env/lib/python3.11/site-packages/passlib/utils/__init__.py:854: DeprecationWarning: 'crypt' is deprecated and slated for removal in Python 3.13
  from crypt import crypt as _crypt
/workspace/frappe-bench/env/lib/python3.11/site-packages/rq/connections.py:72: DeprecationWarning: The `pop_connection` function is deprecated. Pass the `connection` explicitly instead.
  warnings.warn(
/workspace/frappe-bench/env/lib/python3.11/site-packages/rq/connections.py:58: DeprecationWarning: The `push_connection` function is deprecated. Pass the `connection` explicitly instead.
  warnings.warn(
/workspace/frappe-bench/env/lib/python3.11/site-packages/passlib/utils/__init__.py:854: DeprecationWarning: 'crypt' is deprecated and slated for removal in Python 3.13
  from crypt import crypt as _crypt
/workspace/frappe-bench/env/lib/python3.11/site-packages/rq/connections.py:72: DeprecationWarning: The `pop_connection` function is deprecated. Pass the `connection` explicitly instead.
  warnings.warn(
/workspace/frappe-bench/env/lib/python3.11/site-packages/rq/connections.py:58: DeprecationWarning: The `push_connection` function is deprecated. Pass the `connection` explicitly instead.
  warnings.warn(
/workspace/frappe-bench/env/lib/python3.11/site-packages/passlib/utils/__init__.py:854: DeprecationWarning: 'crypt' is deprecated and slated for removal in Python 3.13
  from crypt import crypt as _crypt
/workspace/frappe-bench/env/lib/python3.11/site-packages/pypdf/_crypt_providers/_cryptography.py:32: CryptographyDeprecationWarning: ARC4 has been moved to cryptography.hazmat.decrepit.ciphers.algorithms.ARC4 and will be removed from this module in 48.0.0.
  from cryptography.hazmat.primitives.ciphers.algorithms import AES, ARC4
/workspace/frappe-bench/env/lib/python3.11/site-packages/rq/connections.py:72: DeprecationWarning: The `pop_connection` function is deprecated. Pass the `connection` explicitly instead.
  warnings.warn(
/workspace/frappe-bench/env/lib/python3.11/site-packages/rq/connections.py:58: DeprecationWarning: The `push_connection` function is deprecated. Pass the `connection` explicitly instead.
  warnings.warn(
/workspace/frappe-bench/env/lib/python3.11/site-packages/passlib/utils/__init__.py:854: DeprecationWarning: 'crypt' is deprecated and slated for removal in Python 3.13
  from crypt import crypt as _crypt
/workspace/frappe-bench/env/lib/python3.11/site-packages/rq/connections.py:72: DeprecationWarning: The `pop_connection` function is deprecated. Pass the `connection` explicitly instead.
  warnings.warn(
/workspace/frappe-bench/env/lib/python3.11/site-packages/rq/connections.py:58: DeprecationWarning: The `push_connection` function is deprecated. Pass the `connection` explicitly instead.
  warnings.warn(
/workspace/frappe-bench/env/lib/python3.11/site-packages/passlib/utils/__init__.py:854: DeprecationWarning: 'crypt' is deprecated and slated for removal in Python 3.13
  from crypt import crypt as _crypt
/workspace/frappe-bench/env/lib/python3.11/site-packages/rq/connections.py:72: DeprecationWarning: The `pop_connection` function is deprecated. Pass the `connection` explicitly instead.
  warnings.warn(
/workspace/frappe-bench/env/lib/python3.11/site-packages/rq/connections.py:58: DeprecationWarning: The `push_connection` function is deprecated. Pass the `connection` explicitly instead.
  warnings.warn(
/workspace/frappe-bench/env/lib/python3.11/site-packages/passlib/utils/__init__.py:854: DeprecationWarning: 'crypt' is deprecated and slated for removal in Python 3.13
  from crypt import crypt as _crypt
/workspace/frappe-bench/env/lib/python3.11/site-packages/rq/connections.py:72: DeprecationWarning: The `pop_connection` function is deprecated. Pass the `connection` explicitly instead.
  warnings.warn(
/workspace/frappe-bench/env/lib/python3.11/site-packages/rq/connections.py:58: DeprecationWarning: The `push_connection` function is deprecated. Pass the `connection` explicitly instead.
  warnings.warn(
/workspace/frappe-bench/env/lib/python3.11/site-packages/passlib/utils/__init__.py:854: DeprecationWarning: 'crypt' is deprecated and slated for removal in Python 3.13
  from crypt import crypt as _crypt
/workspace/frappe-bench/env/lib/python3.11/site-packages/rq/connections.py:72: DeprecationWarning: The `pop_connection` function is deprecated. Pass the `connection` explicitly instead.
  warnings.warn(
/workspace/frappe-bench/env/lib/python3.11/site-packages/rq/connections.py:58: DeprecationWarning: The `push_connection` function is deprecated. Pass the `connection` explicitly instead.
  warnings.warn(
/workspace/frappe-bench/env/lib/python3.11/site-packages/passlib/utils/__init__.py:854: DeprecationWarning: 'crypt' is deprecated and slated for removal in Python 3.13
  from crypt import crypt as _crypt
/workspace/frappe-bench/env/lib/python3.11/site-packages/rq/connections.py:72: DeprecationWarning: The `pop_connection` function is deprecated. Pass the `connection` explicitly instead.
  warnings.warn(
/workspace/frappe-bench/env/lib/python3.11/site-packages/rq/connections.py:58: DeprecationWarning: The `push_connection` function is deprecated. Pass the `connection` explicitly instead.
  warnings.warn(
/workspace/frappe-bench/env/lib/python3.11/site-packages/passlib/utils/__init__.py:854: DeprecationWarning: 'crypt' is deprecated and slated for removal in Python 3.13
  from crypt import crypt as _crypt
/workspace/frappe-bench/env/lib/python3.11/site-packages/rq/connections.py:72: DeprecationWarning: The `pop_connection` function is deprecated. Pass the `connection` explicitly instead.
  warnings.warn(
/workspace/frappe-bench/env/lib/python3.11/site-packages/rq/connections.py:58: DeprecationWarning: The `push_connection` function is deprecated. Pass the `connection` explicitly instead.
  warnings.warn(
/workspace/frappe-bench/env/lib/python3.11/site-packages/passlib/utils/__init__.py:854: DeprecationWarning: 'crypt' is deprecated and slated for removal in Python 3.13
  from crypt import crypt as _crypt
/workspace/frappe-bench/env/lib/python3.11/site-packages/rq/connections.py:72: DeprecationWarning: The `pop_connection` function is deprecated. Pass the `connection` explicitly instead.
  warnings.warn(
/workspace/frappe-bench/env/lib/python3.11/site-packages/rq/connections.py:58: DeprecationWarning: The `push_connection` function is deprecated. Pass the `connection` explicitly instead.
  warnings.warn(
/workspace/frappe-bench/env/lib/python3.11/site-packages/passlib/utils/__init__.py:854: DeprecationWarning: 'crypt' is deprecated and slated for removal in Python 3.13
  from crypt import crypt as _crypt
/workspace/frappe-bench/env/lib/python3.11/site-packages/pypdf/_crypt_providers/_cryptography.py:32: CryptographyDeprecationWarning: ARC4 has been moved to cryptography.hazmat.decrepit.ciphers.algorithms.ARC4 and will be removed from this module in 48.0.0.
  from cryptography.hazmat.primitives.ciphers.algorithms import AES, ARC4
/workspace/frappe-bench/env/lib/python3.11/site-packages/rq/connections.py:72: DeprecationWarning: The `pop_connection` function is deprecated. Pass the `connection` explicitly instead.
  warnings.warn(
/workspace/frappe-bench/env/lib/python3.11/site-packages/rq/connections.py:58: DeprecationWarning: The `push_connection` function is deprecated. Pass the `connection` explicitly instead.
  warnings.warn(
/workspace/frappe-bench/env/lib/python3.11/site-packages/passlib/utils/__init__.py:854: DeprecationWarning: 'crypt' is deprecated and slated for removal in Python 3.13
  from crypt import crypt as _crypt
/workspace/frappe-bench/env/lib/python3.11/site-packages/rq/connections.py:72: DeprecationWarning: The `pop_connection` function is deprecated. Pass the `connection` explicitly instead.
  warnings.warn(
/workspace/frappe-bench/env/lib/python3.11/site-packages/rq/connections.py:58: DeprecationWarning: The `push_connection` function is deprecated. Pass the `connection` explicitly instead.
  warnings.warn(
/workspace/frappe-bench/env/lib/python3.11/site-packages/passlib/utils/__init__.py:854: DeprecationWarning: 'crypt' is deprecated and slated for removal in Python 3.13
  from crypt import crypt as _crypt
/workspace/frappe-bench/env/lib/python3.11/site-packages/rq/connections.py:72: DeprecationWarning: The `pop_connection` function is deprecated. Pass the `connection` explicitly instead.
  warnings.warn(
/workspace/frappe-bench/env/lib/python3.11/site-packages/rq/connections.py:58: DeprecationWarning: The `push_connection` function is deprecated. Pass the `connection` explicitly instead.
  warnings.warn(
/workspace/frappe-bench/env/lib/python3.11/site-packages/passlib/utils/__init__.py:854: DeprecationWarning: 'crypt' is deprecated and slated for removal in Python 3.13
  from crypt import crypt as _crypt
/workspace/frappe-bench/env/lib/python3.11/site-packages/rq/connections.py:72: DeprecationWarning: The `pop_connection` function is deprecated. Pass the `connection` explicitly instead.
  warnings.warn(
/workspace/frappe-bench/env/lib/python3.11/site-packages/rq/connections.py:58: DeprecationWarning: The `push_connection` function is deprecated. Pass the `connection` explicitly instead.
  warnings.warn(
/workspace/frappe-bench/env/lib/python3.11/site-packages/passlib/utils/__init__.py:854: DeprecationWarning: 'crypt' is deprecated and slated for removal in Python 3.13
  from crypt import crypt as _crypt
/workspace/frappe-bench/env/lib/python3.11/site-packages/rq/connections.py:72: DeprecationWarning: The `pop_connection` function is deprecated. Pass the `connection` explicitly instead.
  warnings.warn(
/workspace/frappe-bench/env/lib/python3.11/site-packages/rq/connections.py:58: DeprecationWarning: The `push_connection` function is deprecated. Pass the `connection` explicitly instead.
  warnings.warn(
/workspace/frappe-bench/env/lib/python3.11/site-packages/passlib/utils/__init__.py:854: DeprecationWarning: 'crypt' is deprecated and slated for removal in Python 3.13
  from crypt import crypt as _crypt
/workspace/frappe-bench/env/lib/python3.11/site-packages/rq/connections.py:72: DeprecationWarning: The `pop_connection` function is deprecated. Pass the `connection` explicitly instead.
  warnings.warn(
/workspace/frappe-bench/env/lib/python3.11/site-packages/rq/connections.py:58: DeprecationWarning: The `push_connection` function is deprecated. Pass the `connection` explicitly instead.
  warnings.warn(
/workspace/frappe-bench/env/lib/python3.11/site-packages/passlib/utils/__init__.py:854: DeprecationWarning: 'crypt' is deprecated and slated for removal in Python 3.13
  from crypt import crypt as _crypt
/workspace/frappe-bench/env/lib/python3.11/site-packages/rq/connections.py:72: DeprecationWarning: The `pop_connection` function is deprecated. Pass the `connection` explicitly instead.
  warnings.warn(
/workspace/frappe-bench/env/lib/python3.11/site-packages/rq/connections.py:58: DeprecationWarning: The `push_connection` function is deprecated. Pass the `connection` explicitly instead.
  warnings.warn(
/workspace/frappe-bench/env/lib/python3.11/site-packages/passlib/utils/__init__.py:854: DeprecationWarning: 'crypt' is deprecated and slated for removal in Python 3.13
  from crypt import crypt as _crypt
/workspace/frappe-bench/env/lib/python3.11/site-packages/rq/connections.py:72: DeprecationWarning: The `pop_connection` function is deprecated. Pass the `connection` explicitly instead.
  warnings.warn(
/workspace/frappe-bench/env/lib/python3.11/site-packages/rq/connections.py:58: DeprecationWarning: The `push_connection` function is deprecated. Pass the `connection` explicitly instead.
  warnings.warn(
/workspace/frappe-bench/env/lib/python3.11/site-packages/passlib/utils/__init__.py:854: DeprecationWarning: 'crypt' is deprecated and slated for removal in Python 3.13
  from crypt import crypt as _crypt
/workspace/frappe-bench/env/lib/python3.11/site-packages/rq/connections.py:72: DeprecationWarning: The `pop_connection` function is deprecated. Pass the `connection` explicitly instead.
  warnings.warn(
/workspace/frappe-bench/env/lib/python3.11/site-packages/rq/connections.py:58: DeprecationWarning: The `push_connection` function is deprecated. Pass the `connection` explicitly instead.
  warnings.warn(
/workspace/frappe-bench/env/lib/python3.11/site-packages/passlib/utils/__init__.py:854: DeprecationWarning: 'crypt' is deprecated and slated for removal in Python 3.13
  from crypt import crypt as _crypt
/workspace/frappe-bench/env/lib/python3.11/site-packages/rq/connections.py:72: DeprecationWarning: The `pop_connection` function is deprecated. Pass the `connection` explicitly instead.
  warnings.warn(
/workspace/frappe-bench/env/lib/python3.11/site-packages/rq/connections.py:58: DeprecationWarning: The `push_connection` function is deprecated. Pass the `connection` explicitly instead.
  warnings.warn(
/workspace/frappe-bench/env/lib/python3.11/site-packages/passlib/utils/__init__.py:854: DeprecationWarning: 'crypt' is deprecated and slated for removal in Python 3.13
  from crypt import crypt as _crypt
/workspace/frappe-bench/env/lib/python3.11/site-packages/pypdf/_crypt_providers/_cryptography.py:32: CryptographyDeprecationWarning: ARC4 has been moved to cryptography.hazmat.decrepit.ciphers.algorithms.ARC4 and will be removed from this module in 48.0.0.
  from cryptography.hazmat.primitives.ciphers.algorithms import AES, ARC4
/workspace/frappe-bench/env/lib/python3.11/site-packages/rq/connections.py:72: DeprecationWarning: The `pop_connection` function is deprecated. Pass the `connection` explicitly instead.
  warnings.warn(
/workspace/frappe-bench/env/lib/python3.11/site-packages/rq/connections.py:58: DeprecationWarning: The `push_connection` function is deprecated. Pass the `connection` explicitly instead.
  warnings.warn(
/workspace/frappe-bench/env/lib/python3.11/site-packages/passlib/utils/__init__.py:854: DeprecationWarning: 'crypt' is deprecated and slated for removal in Python 3.13
  from crypt import crypt as _crypt
/workspace/frappe-bench/env/lib/python3.11/site-packages/rq/connections.py:72: DeprecationWarning: The `pop_connection` function is deprecated. Pass the `connection` explicitly instead.
  warnings.warn(
/workspace/frappe-bench/env/lib/python3.11/site-packages/rq/connections.py:58: DeprecationWarning: The `push_connection` function is deprecated. Pass the `connection` explicitly instead.
  warnings.warn(
/workspace/frappe-bench/env/lib/python3.11/site-packages/passlib/utils/__init__.py:854: DeprecationWarning: 'crypt' is deprecated and slated for removal in Python 3.13
  from crypt import crypt as _crypt
/workspace/frappe-bench/env/lib/python3.11/site-packages/rq/connections.py:72: DeprecationWarning: The `pop_connection` function is deprecated. Pass the `connection` explicitly instead.
  warnings.warn(
/workspace/frappe-bench/env/lib/python3.11/site-packages/rq/connections.py:58: DeprecationWarning: The `push_connection` function is deprecated. Pass the `connection` explicitly instead.
  warnings.warn(
/workspace/frappe-bench/env/lib/python3.11/site-packages/passlib/utils/__init__.py:854: DeprecationWarning: 'crypt' is deprecated and slated for removal in Python 3.13
  from crypt import crypt as _crypt
/workspace/frappe-bench/env/lib/python3.11/site-packages/rq/connections.py:72: DeprecationWarning: The `pop_connection` function is deprecated. Pass the `connection` explicitly instead.
  warnings.warn(
/workspace/frappe-bench/env/lib/python3.11/site-packages/rq/connections.py:58: DeprecationWarning: The `push_connection` function is deprecated. Pass the `connection` explicitly instead.
  warnings.warn(
/workspace/frappe-bench/env/lib/python3.11/site-packages/passlib/utils/__init__.py:854: DeprecationWarning: 'crypt' is deprecated and slated for removal in Python 3.13
  from crypt import crypt as _crypt
/workspace/frappe-bench/env/lib/python3.11/site-packages/pypdf/_crypt_providers/_cryptography.py:32: CryptographyDeprecationWarning: ARC4 has been moved to cryptography.hazmat.decrepit.ciphers.algorithms.ARC4 and will be removed from this module in 48.0.0.
  from cryptography.hazmat.primitives.ciphers.algorithms import AES, ARC4
/workspace/frappe-bench/env/lib/python3.11/site-packages/rq/connections.py:72: DeprecationWarning: The `pop_connection` function is deprecated. Pass the `connection` explicitly instead.
  warnings.warn(
/workspace/frappe-bench/env/lib/python3.11/site-packages/rq/connections.py:58: DeprecationWarning: The `push_connection` function is deprecated. Pass the `connection` explicitly instead.
  warnings.warn(
/workspace/frappe-bench/env/lib/python3.11/site-packages/passlib/utils/__init__.py:854: DeprecationWarning: 'crypt' is deprecated and slated for removal in Python 3.13
  from crypt import crypt as _crypt
/workspace/frappe-bench/env/lib/python3.11/site-packages/rq/connections.py:72: DeprecationWarning: The `pop_connection` function is deprecated. Pass the `connection` explicitly instead.
  warnings.warn(
/workspace/frappe-bench/env/lib/python3.11/site-packages/rq/connections.py:58: DeprecationWarning: The `push_connection` function is deprecated. Pass the `connection` explicitly instead.
  warnings.warn(
/workspace/frappe-bench/env/lib/python3.11/site-packages/passlib/utils/__init__.py:854: DeprecationWarning: 'crypt' is deprecated and slated for removal in Python 3.13
  from crypt import crypt as _crypt
/workspace/frappe-bench/env/lib/python3.11/site-packages/rq/connections.py:72: DeprecationWarning: The `pop_connection` function is deprecated. Pass the `connection` explicitly instead.
  warnings.warn(
/workspace/frappe-bench/env/lib/python3.11/site-packages/rq/connections.py:58: DeprecationWarning: The `push_connection` function is deprecated. Pass the `connection` explicitly instead.
  warnings.warn(
/workspace/frappe-bench/env/lib/python3.11/site-packages/passlib/utils/__init__.py:854: DeprecationWarning: 'crypt' is deprecated and slated for removal in Python 3.13
  from crypt import crypt as _crypt
/workspace/frappe-bench/env/lib/python3.11/site-packages/rq/connections.py:72: DeprecationWarning: The `pop_connection` function is deprecated. Pass the `connection` explicitly instead.
  warnings.warn(
/workspace/frappe-bench/env/lib/python3.11/site-packages/rq/connections.py:58: DeprecationWarning: The `push_connection` function is deprecated. Pass the `connection` explicitly instead.
  warnings.warn(
/workspace/frappe-bench/env/lib/python3.11/site-packages/passlib/utils/__init__.py:854: DeprecationWarning: 'crypt' is deprecated and slated for removal in Python 3.13
  from crypt import crypt as _crypt
/workspace/frappe-bench/env/lib/python3.11/site-packages/rq/connections.py:72: DeprecationWarning: The `pop_connection` function is deprecated. Pass the `connection` explicitly instead.
  warnings.warn(
/workspace/frappe-bench/env/lib/python3.11/site-packages/rq/connections.py:58: DeprecationWarning: The `push_connection` function is deprecated. Pass the `connection` explicitly instead.
  warnings.warn(
/workspace/frappe-bench/env/lib/python3.11/site-packages/passlib/utils/__init__.py:854: DeprecationWarning: 'crypt' is deprecated and slated for removal in Python 3.13
  from crypt import crypt as _crypt
/workspace/frappe-bench/env/lib/python3.11/site-packages/rq/connections.py:72: DeprecationWarning: The `pop_connection` function is deprecated. Pass the `connection` explicitly instead.
  warnings.warn(
/workspace/frappe-bench/env/lib/python3.11/site-packages/rq/connections.py:58: DeprecationWarning: The `push_connection` function is deprecated. Pass the `connection` explicitly instead.
  warnings.warn(
/workspace/frappe-bench/env/lib/python3.11/site-packages/passlib/utils/__init__.py:854: DeprecationWarning: 'crypt' is deprecated and slated for removal in Python 3.13
  from crypt import crypt as _crypt
/workspace/frappe-bench/env/lib/python3.11/site-packages/rq/connections.py:72: DeprecationWarning: The `pop_connection` function is deprecated. Pass the `connection` explicitly instead.
  warnings.warn(
/workspace/frappe-bench/env/lib/python3.11/site-packages/rq/connections.py:58: DeprecationWarning: The `push_connection` function is deprecated. Pass the `connection` explicitly instead.
  warnings.warn(
/workspace/frappe-bench/env/lib/python3.11/site-packages/passlib/utils/__init__.py:854: DeprecationWarning: 'crypt' is deprecated and slated for removal in Python 3.13
  from crypt import crypt as _crypt
/workspace/frappe-bench/env/lib/python3.11/site-packages/rq/connections.py:72: DeprecationWarning: The `pop_connection` function is deprecated. Pass the `connection` explicitly instead.
  warnings.warn(
/workspace/frappe-bench/env/lib/python3.11/site-packages/rq/connections.py:58: DeprecationWarning: The `push_connection` function is deprecated. Pass the `connection` explicitly instead.
  warnings.warn(
/workspace/frappe-bench/env/lib/python3.11/site-packages/passlib/utils/__init__.py:854: DeprecationWarning: 'crypt' is deprecated and slated for removal in Python 3.13
  from crypt import crypt as _crypt
/workspace/frappe-bench/env/lib/python3.11/site-packages/rq/connections.py:72: DeprecationWarning: The `pop_connection` function is deprecated. Pass the `connection` explicitly instead.
  warnings.warn(
/workspace/frappe-bench/env/lib/python3.11/site-packages/rq/connections.py:58: DeprecationWarning: The `push_connection` function is deprecated. Pass the `connection` explicitly instead.
  warnings.warn(
/workspace/frappe-bench/env/lib/python3.11/site-packages/passlib/utils/__init__.py:854: DeprecationWarning: 'crypt' is deprecated and slated for removal in Python 3.13
  from crypt import crypt as _crypt
/workspace/frappe-bench/env/lib/python3.11/site-packages/rq/connections.py:72: DeprecationWarning: The `pop_connection` function is deprecated. Pass the `connection` explicitly instead.
  warnings.warn(
/workspace/frappe-bench/env/lib/python3.11/site-packages/rq/connections.py:58: DeprecationWarning: The `push_connection` function is deprecated. Pass the `connection` explicitly instead.
  warnings.warn(
/workspace/frappe-bench/env/lib/python3.11/site-packages/passlib/utils/__init__.py:854: DeprecationWarning: 'crypt' is deprecated and slated for removal in Python 3.13
  from crypt import crypt as _crypt
/workspace/frappe-bench/env/lib/python3.11/site-packages/rq/connections.py:72: DeprecationWarning: The `pop_connection` function is deprecated. Pass the `connection` explicitly instead.
  warnings.warn(
/workspace/frappe-bench/env/lib/python3.11/site-packages/rq/connections.py:58: DeprecationWarning: The `push_connection` function is deprecated. Pass the `connection` explicitly instead.
  warnings.warn(
/workspace/frappe-bench/env/lib/python3.11/site-packages/passlib/utils/__init__.py:854: DeprecationWarning: 'crypt' is deprecated and slated for removal in Python 3.13
  from crypt import crypt as _crypt
/workspace/frappe-bench/env/lib/python3.11/site-packages/pypdf/_crypt_providers/_cryptography.py:32: CryptographyDeprecationWarning: ARC4 has been moved to cryptography.hazmat.decrepit.ciphers.algorithms.ARC4 and will be removed from this module in 48.0.0.
  from cryptography.hazmat.primitives.ciphers.algorithms import AES, ARC4
/workspace/frappe-bench/env/lib/python3.11/site-packages/rq/connections.py:72: DeprecationWarning: The `pop_connection` function is deprecated. Pass the `connection` explicitly instead.
  warnings.warn(
/workspace/frappe-bench/env/lib/python3.11/site-packages/rq/connections.py:58: DeprecationWarning: The `push_connection` function is deprecated. Pass the `connection` explicitly instead.
  warnings.warn(
/workspace/frappe-bench/env/lib/python3.11/site-packages/passlib/utils/__init__.py:854: DeprecationWarning: 'crypt' is deprecated and slated for removal in Python 3.13
  from crypt import crypt as _crypt
/workspace/frappe-bench/env/lib/python3.11/site-packages/rq/connections.py:72: DeprecationWarning: The `pop_connection` function is deprecated. Pass the `connection` explicitly instead.
  warnings.warn(
/workspace/frappe-bench/env/lib/python3.11/site-packages/rq/connections.py:58: DeprecationWarning: The `push_connection` function is deprecated. Pass the `connection` explicitly instead.
  warnings.warn(
/workspace/frappe-bench/env/lib/python3.11/site-packages/passlib/utils/__init__.py:854: DeprecationWarning: 'crypt' is deprecated and slated for removal in Python 3.13
  from crypt import crypt as _crypt
/workspace/frappe-bench/env/lib/python3.11/site-packages/rq/connections.py:72: DeprecationWarning: The `pop_connection` function is deprecated. Pass the `connection` explicitly instead.
  warnings.warn(
/workspace/frappe-bench/env/lib/python3.11/site-packages/rq/connections.py:58: DeprecationWarning: The `push_connection` function is deprecated. Pass the `connection` explicitly instead.
  warnings.warn(
/workspace/frappe-bench/env/lib/python3.11/site-packages/passlib/utils/__init__.py:854: DeprecationWarning: 'crypt' is deprecated and slated for removal in Python 3.13
  from crypt import crypt as _crypt
/workspace/frappe-bench/env/lib/python3.11/site-packages/rq/connections.py:72: DeprecationWarning: The `pop_connection` function is deprecated. Pass the `connection` explicitly instead.
  warnings.warn(
/workspace/frappe-bench/env/lib/python3.11/site-packages/rq/connections.py:58: DeprecationWarning: The `push_connection` function is deprecated. Pass the `connection` explicitly instead.
  warnings.warn(
/workspace/frappe-bench/env/lib/python3.11/site-packages/passlib/utils/__init__.py:854: DeprecationWarning: 'crypt' is deprecated and slated for removal in Python 3.13
  from crypt import crypt as _crypt
/workspace/frappe-bench/env/lib/python3.11/site-packages/rq/connections.py:72: DeprecationWarning: The `pop_connection` function is deprecated. Pass the `connection` explicitly instead.
  warnings.warn(
/workspace/frappe-bench/env/lib/python3.11/site-packages/rq/connections.py:58: DeprecationWarning: The `push_connection` function is deprecated. Pass the `connection` explicitly instead.
  warnings.warn(
/workspace/frappe-bench/env/lib/python3.11/site-packages/passlib/utils/__init__.py:854: DeprecationWarning: 'crypt' is deprecated and slated for removal in Python 3.13
  from crypt import crypt as _crypt
/workspace/frappe-bench/env/lib/python3.11/site-packages/rq/connections.py:72: DeprecationWarning: The `pop_connection` function is deprecated. Pass the `connection` explicitly instead.
  warnings.warn(
/workspace/frappe-bench/env/lib/python3.11/site-packages/rq/connections.py:58: DeprecationWarning: The `push_connection` function is deprecated. Pass the `connection` explicitly instead.
  warnings.warn(
/workspace/frappe-bench/env/lib/python3.11/site-packages/passlib/utils/__init__.py:854: DeprecationWarning: 'crypt' is deprecated and slated for removal in Python 3.13
  from crypt import crypt as _crypt
/workspace/frappe-bench/env/lib/python3.11/site-packages/rq/connections.py:72: DeprecationWarning: The `pop_connection` function is deprecated. Pass the `connection` explicitly instead.
  warnings.warn(
/workspace/frappe-bench/env/lib/python3.11/site-packages/rq/connections.py:58: DeprecationWarning: The `push_connection` function is deprecated. Pass the `connection` explicitly instead.
  warnings.warn(
/workspace/frappe-bench/env/lib/python3.11/site-packages/passlib/utils/__init__.py:854: DeprecationWarning: 'crypt' is deprecated and slated for removal in Python 3.13
  from crypt import crypt as _crypt
/workspace/frappe-bench/env/lib/python3.11/site-packages/rq/connections.py:72: DeprecationWarning: The `pop_connection` function is deprecated. Pass the `connection` explicitly instead.
  warnings.warn(
/workspace/frappe-bench/env/lib/python3.11/site-packages/rq/connections.py:58: DeprecationWarning: The `push_connection` function is deprecated. Pass the `connection` explicitly instead.
  warnings.warn(
/workspace/frappe-bench/env/lib/python3.11/site-packages/passlib/utils/__init__.py:854: DeprecationWarning: 'crypt' is deprecated and slated for removal in Python 3.13
  from crypt import crypt as _crypt
/workspace/frappe-bench/env/lib/python3.11/site-packages/pypdf/_crypt_providers/_cryptography.py:32: CryptographyDeprecationWarning: ARC4 has been moved to cryptography.hazmat.decrepit.ciphers.algorithms.ARC4 and will be removed from this module in 48.0.0.
  from cryptography.hazmat.primitives.ciphers.algorithms import AES, ARC4
/workspace/frappe-bench/env/lib/python3.11/site-packages/rq/connections.py:72: DeprecationWarning: The `pop_connection` function is deprecated. Pass the `connection` explicitly instead.
  warnings.warn(
/workspace/frappe-bench/env/lib/python3.11/site-packages/rq/connections.py:58: DeprecationWarning: The `push_connection` function is deprecated. Pass the `connection` explicitly instead.
  warnings.warn(
/workspace/frappe-bench/env/lib/python3.11/site-packages/passlib/utils/__init__.py:854: DeprecationWarning: 'crypt' is deprecated and slated for removal in Python 3.13
  from crypt import crypt as _crypt
/workspace/frappe-bench/env/lib/python3.11/site-packages/rq/connections.py:72: DeprecationWarning: The `pop_connection` function is deprecated. Pass the `connection` explicitly instead.
  warnings.warn(
/workspace/frappe-bench/env/lib/python3.11/site-packages/rq/connections.py:58: DeprecationWarning: The `push_connection` function is deprecated. Pass the `connection` explicitly instead.
  warnings.warn(
/workspace/frappe-bench/env/lib/python3.11/site-packages/passlib/utils/__init__.py:854: DeprecationWarning: 'crypt' is deprecated and slated for removal in Python 3.13
  from crypt import crypt as _crypt
/workspace/frappe-bench/env/lib/python3.11/site-packages/rq/connections.py:72: DeprecationWarning: The `pop_connection` function is deprecated. Pass the `connection` explicitly instead.
  warnings.warn(
/workspace/frappe-bench/env/lib/python3.11/site-packages/rq/connections.py:58: DeprecationWarning: The `push_connection` function is deprecated. Pass the `connection` explicitly instead.
  warnings.warn(
/workspace/frappe-bench/env/lib/python3.11/site-packages/passlib/utils/__init__.py:854: DeprecationWarning: 'crypt' is deprecated and slated for removal in Python 3.13
  from crypt import crypt as _crypt
/workspace/frappe-bench/env/lib/python3.11/site-packages/rq/connections.py:72: DeprecationWarning: The `pop_connection` function is deprecated. Pass the `connection` explicitly instead.
  warnings.warn(
/workspace/frappe-bench/env/lib/python3.11/site-packages/rq/connections.py:58: DeprecationWarning: The `push_connection` function is deprecated. Pass the `connection` explicitly instead.
  warnings.warn(
/workspace/frappe-bench/env/lib/python3.11/site-packages/passlib/utils/__init__.py:854: DeprecationWarning: 'crypt' is deprecated and slated for removal in Python 3.13
  from crypt import crypt as _crypt
/workspace/frappe-bench/env/lib/python3.11/site-packages/rq/connections.py:72: DeprecationWarning: The `pop_connection` function is deprecated. Pass the `connection` explicitly instead.
  warnings.warn(
/workspace/frappe-bench/env/lib/python3.11/site-packages/rq/connections.py:58: DeprecationWarning: The `push_connection` function is deprecated. Pass the `connection` explicitly instead.
  warnings.warn(
/workspace/frappe-bench/env/lib/python3.11/site-packages/passlib/utils/__init__.py:854: DeprecationWarning: 'crypt' is deprecated and slated for removal in Python 3.13
  from crypt import crypt as _crypt
/workspace/frappe-bench/env/lib/python3.11/site-packages/rq/connections.py:72: DeprecationWarning: The `pop_connection` function is deprecated. Pass the `connection` explicitly instead.
  warnings.warn(
/workspace/frappe-bench/env/lib/python3.11/site-packages/rq/connections.py:58: DeprecationWarning: The `push_connection` function is deprecated. Pass the `connection` explicitly instead.
  warnings.warn(
/workspace/frappe-bench/env/lib/python3.11/site-packages/passlib/utils/__init__.py:854: DeprecationWarning: 'crypt' is deprecated and slated for removal in Python 3.13
  from crypt import crypt as _crypt
/workspace/frappe-bench/env/lib/python3.11/site-packages/rq/connections.py:72: DeprecationWarning: The `pop_connection` function is deprecated. Pass the `connection` explicitly instead.
  warnings.warn(
/workspace/frappe-bench/env/lib/python3.11/site-packages/rq/connections.py:58: DeprecationWarning: The `push_connection` function is deprecated. Pass the `connection` explicitly instead.
  warnings.warn(
/workspace/frappe-bench/env/lib/python3.11/site-packages/passlib/utils/__init__.py:854: DeprecationWarning: 'crypt' is deprecated and slated for removal in Python 3.13
  from crypt import crypt as _crypt
/workspace/frappe-bench/env/lib/python3.11/site-packages/rq/connections.py:72: DeprecationWarning: The `pop_connection` function is deprecated. Pass the `connection` explicitly instead.
  warnings.warn(
/workspace/frappe-bench/env/lib/python3.11/site-packages/rq/connections.py:58: DeprecationWarning: The `push_connection` function is deprecated. Pass the `connection` explicitly instead.
  warnings.warn(
/workspace/frappe-bench/env/lib/python3.11/site-packages/passlib/utils/__init__.py:854: DeprecationWarning: 'crypt' is deprecated and slated for removal in Python 3.13
  from crypt import crypt as _crypt
/workspace/frappe-bench/env/lib/python3.11/site-packages/pypdf/_crypt_providers/_cryptography.py:32: CryptographyDeprecationWarning: ARC4 has been moved to cryptography.hazmat.decrepit.ciphers.algorithms.ARC4 and will be removed from this module in 48.0.0.
  from cryptography.hazmat.primitives.ciphers.algorithms import AES, ARC4
/workspace/frappe-bench/env/lib/python3.11/site-packages/rq/connections.py:72: DeprecationWarning: The `pop_connection` function is deprecated. Pass the `connection` explicitly instead.
  warnings.warn(
/workspace/frappe-bench/env/lib/python3.11/site-packages/rq/connections.py:58: DeprecationWarning: The `push_connection` function is deprecated. Pass the `connection` explicitly instead.
  warnings.warn(
/workspace/frappe-bench/env/lib/python3.11/site-packages/passlib/utils/__init__.py:854: DeprecationWarning: 'crypt' is deprecated and slated for removal in Python 3.13
  from crypt import crypt as _crypt
/workspace/frappe-bench/env/lib/python3.11/site-packages/rq/connections.py:72: DeprecationWarning: The `pop_connection` function is deprecated. Pass the `connection` explicitly instead.
  warnings.warn(
/workspace/frappe-bench/env/lib/python3.11/site-packages/rq/connections.py:58: DeprecationWarning: The `push_connection` function is deprecated. Pass the `connection` explicitly instead.
  warnings.warn(
/workspace/frappe-bench/env/lib/python3.11/site-packages/passlib/utils/__init__.py:854: DeprecationWarning: 'crypt' is deprecated and slated for removal in Python 3.13
  from crypt import crypt as _crypt
/workspace/frappe-bench/env/lib/python3.11/site-packages/rq/connections.py:72: DeprecationWarning: The `pop_connection` function is deprecated. Pass the `connection` explicitly instead.
  warnings.warn(
/workspace/frappe-bench/env/lib/python3.11/site-packages/rq/connections.py:58: DeprecationWarning: The `push_connection` function is deprecated. Pass the `connection` explicitly instead.
  warnings.warn(
/workspace/frappe-bench/env/lib/python3.11/site-packages/passlib/utils/__init__.py:854: DeprecationWarning: 'crypt' is deprecated and slated for removal in Python 3.13
  from crypt import crypt as _crypt
/workspace/frappe-bench/env/lib/python3.11/site-packages/rq/connections.py:72: DeprecationWarning: The `pop_connection` function is deprecated. Pass the `connection` explicitly instead.
  warnings.warn(
/workspace/frappe-bench/env/lib/python3.11/site-packages/rq/connections.py:58: DeprecationWarning: The `push_connection` function is deprecated. Pass the `connection` explicitly instead.
  warnings.warn(
/workspace/frappe-bench/env/lib/python3.11/site-packages/passlib/utils/__init__.py:854: DeprecationWarning: 'crypt' is deprecated and slated for removal in Python 3.13
  from crypt import crypt as _crypt
/workspace/frappe-bench/env/lib/python3.11/site-packages/rq/connections.py:72: DeprecationWarning: The `pop_connection` function is deprecated. Pass the `connection` explicitly instead.
  warnings.warn(
/workspace/frappe-bench/env/lib/python3.11/site-packages/rq/connections.py:58: DeprecationWarning: The `push_connection` function is deprecated. Pass the `connection` explicitly instead.
  warnings.warn(
/workspace/frappe-bench/env/lib/python3.11/site-packages/passlib/utils/__init__.py:854: DeprecationWarning: 'crypt' is deprecated and slated for removal in Python 3.13
  from crypt import crypt as _crypt
/workspace/frappe-bench/env/lib/python3.11/site-packages/rq/connections.py:72: DeprecationWarning: The `pop_connection` function is deprecated. Pass the `connection` explicitly instead.
  warnings.warn(
/workspace/frappe-bench/env/lib/python3.11/site-packages/rq/connections.py:58: DeprecationWarning: The `push_connection` function is deprecated. Pass the `connection` explicitly instead.
  warnings.warn(
/workspace/frappe-bench/env/lib/python3.11/site-packages/passlib/utils/__init__.py:854: DeprecationWarning: 'crypt' is deprecated and slated for removal in Python 3.13
  from crypt import crypt as _crypt
/workspace/frappe-bench/env/lib/python3.11/site-packages/rq/connections.py:72: DeprecationWarning: The `pop_connection` function is deprecated. Pass the `connection` explicitly instead.
  warnings.warn(
/workspace/frappe-bench/env/lib/python3.11/site-packages/rq/connections.py:58: DeprecationWarning: The `push_connection` function is deprecated. Pass the `connection` explicitly instead.
  warnings.warn(
/workspace/frappe-bench/env/lib/python3.11/site-packages/passlib/utils/__init__.py:854: DeprecationWarning: 'crypt' is deprecated and slated for removal in Python 3.13
  from crypt import crypt as _crypt
/workspace/frappe-bench/env/lib/python3.11/site-packages/rq/connections.py:72: DeprecationWarning: The `pop_connection` function is deprecated. Pass the `connection` explicitly instead.
  warnings.warn(
/workspace/frappe-bench/env/lib/python3.11/site-packages/rq/connections.py:58: DeprecationWarning: The `push_connection` function is deprecated. Pass the `connection` explicitly instead.
  warnings.warn(
/workspace/frappe-bench/env/lib/python3.11/site-packages/passlib/utils/__init__.py:854: DeprecationWarning: 'crypt' is deprecated and slated for removal in Python 3.13
  from crypt import crypt as _crypt
/workspace/frappe-bench/env/lib/python3.11/site-packages/rq/connections.py:72: DeprecationWarning: The `pop_connection` function is deprecated. Pass the `connection` explicitly instead.
  warnings.warn(
/workspace/frappe-bench/env/lib/python3.11/site-packages/rq/connections.py:58: DeprecationWarning: The `push_connection` function is deprecated. Pass the `connection` explicitly instead.
  warnings.warn(
/workspace/frappe-bench/env/lib/python3.11/site-packages/passlib/utils/__init__.py:854: DeprecationWarning: 'crypt' is deprecated and slated for removal in Python 3.13
  from crypt import crypt as _crypt
/workspace/frappe-bench/env/lib/python3.11/site-packages/rq/connections.py:72: DeprecationWarning: The `pop_connection` function is deprecated. Pass the `connection` explicitly instead.
  warnings.warn(
/workspace/frappe-bench/env/lib/python3.11/site-packages/rq/connections.py:58: DeprecationWarning: The `push_connection` function is deprecated. Pass the `connection` explicitly instead.
  warnings.warn(
/workspace/frappe-bench/env/lib/python3.11/site-packages/passlib/utils/__init__.py:854: DeprecationWarning: 'crypt' is deprecated and slated for removal in Python 3.13
  from crypt import crypt as _crypt
/workspace/frappe-bench/env/lib/python3.11/site-packages/rq/connections.py:72: DeprecationWarning: The `pop_connection` function is deprecated. Pass the `connection` explicitly instead.
  warnings.warn(
/workspace/frappe-bench/env/lib/python3.11/site-packages/rq/connections.py:58: DeprecationWarning: The `push_connection` function is deprecated. Pass the `connection` explicitly instead.
  warnings.warn(
/workspace/frappe-bench/env/lib/python3.11/site-packages/passlib/utils/__init__.py:854: DeprecationWarning: 'crypt' is deprecated and slated for removal in Python 3.13
  from crypt import crypt as _crypt
/workspace/frappe-bench/env/lib/python3.11/site-packages/pypdf/_crypt_providers/_cryptography.py:32: CryptographyDeprecationWarning: ARC4 has been moved to cryptography.hazmat.decrepit.ciphers.algorithms.ARC4 and will be removed from this module in 48.0.0.
  from cryptography.hazmat.primitives.ciphers.algorithms import AES, ARC4
/workspace/frappe-bench/env/lib/python3.11/site-packages/rq/connections.py:72: DeprecationWarning: The `pop_connection` function is deprecated. Pass the `connection` explicitly instead.
  warnings.warn(
/workspace/frappe-bench/env/lib/python3.11/site-packages/rq/connections.py:58: DeprecationWarning: The `push_connection` function is deprecated. Pass the `connection` explicitly instead.
  warnings.warn(
/workspace/frappe-bench/env/lib/python3.11/site-packages/passlib/utils/__init__.py:854: DeprecationWarning: 'crypt' is deprecated and slated for removal in Python 3.13
  from crypt import crypt as _crypt
/workspace/frappe-bench/env/lib/python3.11/site-packages/rq/connections.py:72: DeprecationWarning: The `pop_connection` function is deprecated. Pass the `connection` explicitly instead.
  warnings.warn(
/workspace/frappe-bench/env/lib/python3.11/site-packages/rq/connections.py:58: DeprecationWarning: The `push_connection` function is deprecated. Pass the `connection` explicitly instead.
  warnings.warn(
/workspace/frappe-bench/env/lib/python3.11/site-packages/passlib/utils/__init__.py:854: DeprecationWarning: 'crypt' is deprecated and slated for removal in Python 3.13
  from crypt import crypt as _crypt
/workspace/frappe-bench/env/lib/python3.11/site-packages/rq/connections.py:72: DeprecationWarning: The `pop_connection` function is deprecated. Pass the `connection` explicitly instead.
  warnings.warn(
/workspace/frappe-bench/env/lib/python3.11/site-packages/rq/connections.py:58: DeprecationWarning: The `push_connection` function is deprecated. Pass the `connection` explicitly instead.
  warnings.warn(
/workspace/frappe-bench/env/lib/python3.11/site-packages/passlib/utils/__init__.py:854: DeprecationWarning: 'crypt' is deprecated and slated for removal in Python 3.13
  from crypt import crypt as _crypt
/workspace/frappe-bench/env/lib/python3.11/site-packages/rq/connections.py:72: DeprecationWarning: The `pop_connection` function is deprecated. Pass the `connection` explicitly instead.
  warnings.warn(
/workspace/frappe-bench/env/lib/python3.11/site-packages/rq/connections.py:58: DeprecationWarning: The `push_connection` function is deprecated. Pass the `connection` explicitly instead.
  warnings.warn(
/workspace/frappe-bench/env/lib/python3.11/site-packages/passlib/utils/__init__.py:854: DeprecationWarning: 'crypt' is deprecated and slated for removal in Python 3.13
  from crypt import crypt as _crypt
/workspace/frappe-bench/env/lib/python3.11/site-packages/pypdf/_crypt_providers/_cryptography.py:32: CryptographyDeprecationWarning: ARC4 has been moved to cryptography.hazmat.decrepit.ciphers.algorithms.ARC4 and will be removed from this module in 48.0.0.
  from cryptography.hazmat.primitives.ciphers.algorithms import AES, ARC4
/workspace/frappe-bench/env/lib/python3.11/site-packages/rq/connections.py:72: DeprecationWarning: The `pop_connection` function is deprecated. Pass the `connection` explicitly instead.
  warnings.warn(
/workspace/frappe-bench/env/lib/python3.11/site-packages/rq/connections.py:58: DeprecationWarning: The `push_connection` function is deprecated. Pass the `connection` explicitly instead.
  warnings.warn(
/workspace/frappe-bench/env/lib/python3.11/site-packages/passlib/utils/__init__.py:854: DeprecationWarning: 'crypt' is deprecated and slated for removal in Python 3.13
  from crypt import crypt as _crypt
/workspace/frappe-bench/env/lib/python3.11/site-packages/rq/connections.py:72: DeprecationWarning: The `pop_connection` function is deprecated. Pass the `connection` explicitly instead.
  warnings.warn(
/workspace/frappe-bench/env/lib/python3.11/site-packages/rq/connections.py:58: DeprecationWarning: The `push_connection` function is deprecated. Pass the `connection` explicitly instead.
  warnings.warn(
/workspace/frappe-bench/env/lib/python3.11/site-packages/passlib/utils/__init__.py:854: DeprecationWarning: 'crypt' is deprecated and slated for removal in Python 3.13
  from crypt import crypt as _crypt
/workspace/frappe-bench/env/lib/python3.11/site-packages/rq/connections.py:72: DeprecationWarning: The `pop_connection` function is deprecated. Pass the `connection` explicitly instead.
  warnings.warn(
/workspace/frappe-bench/env/lib/python3.11/site-packages/rq/connections.py:58: DeprecationWarning: The `push_connection` function is deprecated. Pass the `connection` explicitly instead.
  warnings.warn(
/workspace/frappe-bench/env/lib/python3.11/site-packages/passlib/utils/__init__.py:854: DeprecationWarning: 'crypt' is deprecated and slated for removal in Python 3.13
  from crypt import crypt as _crypt
/workspace/frappe-bench/env/lib/python3.11/site-packages/rq/connections.py:72: DeprecationWarning: The `pop_connection` function is deprecated. Pass the `connection` explicitly instead.
  warnings.warn(
/workspace/frappe-bench/env/lib/python3.11/site-packages/rq/connections.py:58: DeprecationWarning: The `push_connection` function is deprecated. Pass the `connection` explicitly instead.
  warnings.warn(
/workspace/frappe-bench/env/lib/python3.11/site-packages/passlib/utils/__init__.py:854: DeprecationWarning: 'crypt' is deprecated and slated for removal in Python 3.13
  from crypt import crypt as _crypt
/workspace/frappe-bench/env/lib/python3.11/site-packages/pypdf/_crypt_providers/_cryptography.py:32: CryptographyDeprecationWarning: ARC4 has been moved to cryptography.hazmat.decrepit.ciphers.algorithms.ARC4 and will be removed from this module in 48.0.0.
  from cryptography.hazmat.primitives.ciphers.algorithms import AES, ARC4
/workspace/frappe-bench/env/lib/python3.11/site-packages/rq/connections.py:72: DeprecationWarning: The `pop_connection` function is deprecated. Pass the `connection` explicitly instead.
  warnings.warn(
/workspace/frappe-bench/env/lib/python3.11/site-packages/rq/connections.py:58: DeprecationWarning: The `push_connection` function is deprecated. Pass the `connection` explicitly instead.
  warnings.warn(
/workspace/frappe-bench/env/lib/python3.11/site-packages/passlib/utils/__init__.py:854: DeprecationWarning: 'crypt' is deprecated and slated for removal in Python 3.13
  from crypt import crypt as _crypt
/workspace/frappe-bench/env/lib/python3.11/site-packages/rq/connections.py:72: DeprecationWarning: The `pop_connection` function is deprecated. Pass the `connection` explicitly instead.
  warnings.warn(
/workspace/frappe-bench/env/lib/python3.11/site-packages/rq/connections.py:58: DeprecationWarning: The `push_connection` function is deprecated. Pass the `connection` explicitly instead.
  warnings.warn(
/workspace/frappe-bench/env/lib/python3.11/site-packages/passlib/utils/__init__.py:854: DeprecationWarning: 'crypt' is deprecated and slated for removal in Python 3.13
  from crypt import crypt as _crypt
/workspace/frappe-bench/env/lib/python3.11/site-packages/rq/connections.py:72: DeprecationWarning: The `pop_connection` function is deprecated. Pass the `connection` explicitly instead.
  warnings.warn(
/workspace/frappe-bench/env/lib/python3.11/site-packages/rq/connections.py:58: DeprecationWarning: The `push_connection` function is deprecated. Pass the `connection` explicitly instead.
  warnings.warn(
/workspace/frappe-bench/env/lib/python3.11/site-packages/passlib/utils/__init__.py:854: DeprecationWarning: 'crypt' is deprecated and slated for removal in Python 3.13
  from crypt import crypt as _crypt
/workspace/frappe-bench/env/lib/python3.11/site-packages/rq/connections.py:72: DeprecationWarning: The `pop_connection` function is deprecated. Pass the `connection` explicitly instead.
  warnings.warn(
/workspace/frappe-bench/env/lib/python3.11/site-packages/rq/connections.py:58: DeprecationWarning: The `push_connection` function is deprecated. Pass the `connection` explicitly instead.
  warnings.warn(
/workspace/frappe-bench/env/lib/python3.11/site-packages/passlib/utils/__init__.py:854: DeprecationWarning: 'crypt' is deprecated and slated for removal in Python 3.13
  from crypt import crypt as _crypt
/workspace/frappe-bench/env/lib/python3.11/site-packages/rq/connections.py:72: DeprecationWarning: The `pop_connection` function is deprecated. Pass the `connection` explicitly instead.
  warnings.warn(
/workspace/frappe-bench/env/lib/python3.11/site-packages/rq/connections.py:58: DeprecationWarning: The `push_connection` function is deprecated. Pass the `connection` explicitly instead.
  warnings.warn(
/workspace/frappe-bench/env/lib/python3.11/site-packages/passlib/utils/__init__.py:854: DeprecationWarning: 'crypt' is deprecated and slated for removal in Python 3.13
  from crypt import crypt as _crypt
/workspace/frappe-bench/env/lib/python3.11/site-packages/rq/connections.py:72: DeprecationWarning: The `pop_connection` function is deprecated. Pass the `connection` explicitly instead.
  warnings.warn(
/workspace/frappe-bench/env/lib/python3.11/site-packages/rq/connections.py:58: DeprecationWarning: The `push_connection` function is deprecated. Pass the `connection` explicitly instead.
  warnings.warn(
/workspace/frappe-bench/env/lib/python3.11/site-packages/passlib/utils/__init__.py:854: DeprecationWarning: 'crypt' is deprecated and slated for removal in Python 3.13
  from crypt import crypt as _crypt
/workspace/frappe-bench/env/lib/python3.11/site-packages/rq/connections.py:72: DeprecationWarning: The `pop_connection` function is deprecated. Pass the `connection` explicitly instead.
  warnings.warn(
/workspace/frappe-bench/env/lib/python3.11/site-packages/rq/connections.py:58: DeprecationWarning: The `push_connection` function is deprecated. Pass the `connection` explicitly instead.
  warnings.warn(
/workspace/frappe-bench/env/lib/python3.11/site-packages/passlib/utils/__init__.py:854: DeprecationWarning: 'crypt' is deprecated and slated for removal in Python 3.13
  from crypt import crypt as _crypt
/workspace/frappe-bench/env/lib/python3.11/site-packages/rq/connections.py:72: DeprecationWarning: The `pop_connection` function is deprecated. Pass the `connection` explicitly instead.
  warnings.warn(
/workspace/frappe-bench/env/lib/python3.11/site-packages/rq/connections.py:58: DeprecationWarning: The `push_connection` function is deprecated. Pass the `connection` explicitly instead.
  warnings.warn(
/workspace/frappe-bench/env/lib/python3.11/site-packages/passlib/utils/__init__.py:854: DeprecationWarning: 'crypt' is deprecated and slated for removal in Python 3.13
  from crypt import crypt as _crypt
/workspace/frappe-bench/env/lib/python3.11/site-packages/rq/connections.py:72: DeprecationWarning: The `pop_connection` function is deprecated. Pass the `connection` explicitly instead.
  warnings.warn(
/workspace/frappe-bench/env/lib/python3.11/site-packages/rq/connections.py:58: DeprecationWarning: The `push_connection` function is deprecated. Pass the `connection` explicitly instead.
  warnings.warn(
/workspace/frappe-bench/env/lib/python3.11/site-packages/passlib/utils/__init__.py:854: DeprecationWarning: 'crypt' is deprecated and slated for removal in Python 3.13
  from crypt import crypt as _crypt
/workspace/frappe-bench/env/lib/python3.11/site-packages/rq/connections.py:72: DeprecationWarning: The `pop_connection` function is deprecated. Pass the `connection` explicitly instead.
  warnings.warn(
/workspace/frappe-bench/env/lib/python3.11/site-packages/rq/connections.py:58: DeprecationWarning: The `push_connection` function is deprecated. Pass the `connection` explicitly instead.
  warnings.warn(
/workspace/frappe-bench/env/lib/python3.11/site-packages/passlib/utils/__init__.py:854: DeprecationWarning: 'crypt' is deprecated and slated for removal in Python 3.13
  from crypt import crypt as _crypt
/workspace/frappe-bench/env/lib/python3.11/site-packages/rq/connections.py:72: DeprecationWarning: The `pop_connection` function is deprecated. Pass the `connection` explicitly instead.
  warnings.warn(
/workspace/frappe-bench/env/lib/python3.11/site-packages/rq/connections.py:58: DeprecationWarning: The `push_connection` function is deprecated. Pass the `connection` explicitly instead.
  warnings.warn(
/workspace/frappe-bench/env/lib/python3.11/site-packages/passlib/utils/__init__.py:854: DeprecationWarning: 'crypt' is deprecated and slated for removal in Python 3.13
  from crypt import crypt as _crypt
/workspace/frappe-bench/env/lib/python3.11/site-packages/rq/connections.py:72: DeprecationWarning: The `pop_connection` function is deprecated. Pass the `connection` explicitly instead.
  warnings.warn(
/workspace/frappe-bench/env/lib/python3.11/site-packages/rq/connections.py:58: DeprecationWarning: The `push_connection` function is deprecated. Pass the `connection` explicitly instead.
  warnings.warn(
/workspace/frappe-bench/env/lib/python3.11/site-packages/passlib/utils/__init__.py:854: DeprecationWarning: 'crypt' is deprecated and slated for removal in Python 3.13
  from crypt import crypt as _crypt
/workspace/frappe-bench/env/lib/python3.11/site-packages/rq/connections.py:72: DeprecationWarning: The `pop_connection` function is deprecated. Pass the `connection` explicitly instead.
  warnings.warn(
/workspace/frappe-bench/env/lib/python3.11/site-packages/rq/connections.py:58: DeprecationWarning: The `push_connection` function is deprecated. Pass the `connection` explicitly instead.
  warnings.warn(
/workspace/frappe-bench/env/lib/python3.11/site-packages/passlib/utils/__init__.py:854: DeprecationWarning: 'crypt' is deprecated and slated for removal in Python 3.13
  from crypt import crypt as _crypt
/workspace/frappe-bench/env/lib/python3.11/site-packages/rq/connections.py:72: DeprecationWarning: The `pop_connection` function is deprecated. Pass the `connection` explicitly instead.
  warnings.warn(
/workspace/frappe-bench/env/lib/python3.11/site-packages/rq/connections.py:58: DeprecationWarning: The `push_connection` function is deprecated. Pass the `connection` explicitly instead.
  warnings.warn(
/workspace/frappe-bench/env/lib/python3.11/site-packages/passlib/utils/__init__.py:854: DeprecationWarning: 'crypt' is deprecated and slated for removal in Python 3.13
  from crypt import crypt as _crypt
/workspace/frappe-bench/env/lib/python3.11/site-packages/rq/connections.py:72: DeprecationWarning: The `pop_connection` function is deprecated. Pass the `connection` explicitly instead.
  warnings.warn(
/workspace/frappe-bench/env/lib/python3.11/site-packages/rq/connections.py:58: DeprecationWarning: The `push_connection` function is deprecated. Pass the `connection` explicitly instead.
  warnings.warn(
/workspace/frappe-bench/env/lib/python3.11/site-packages/passlib/utils/__init__.py:854: DeprecationWarning: 'crypt' is deprecated and slated for removal in Python 3.13
  from crypt import crypt as _crypt
/workspace/frappe-bench/env/lib/python3.11/site-packages/rq/connections.py:72: DeprecationWarning: The `pop_connection` function is deprecated. Pass the `connection` explicitly instead.
  warnings.warn(
/workspace/frappe-bench/env/lib/python3.11/site-packages/rq/connections.py:58: DeprecationWarning: The `push_connection` function is deprecated. Pass the `connection` explicitly instead.
  warnings.warn(
/workspace/frappe-bench/env/lib/python3.11/site-packages/passlib/utils/__init__.py:854: DeprecationWarning: 'crypt' is deprecated and slated for removal in Python 3.13
  from crypt import crypt as _crypt
/workspace/frappe-bench/env/lib/python3.11/site-packages/pypdf/_crypt_providers/_cryptography.py:32: CryptographyDeprecationWarning: ARC4 has been moved to cryptography.hazmat.decrepit.ciphers.algorithms.ARC4 and will be removed from this module in 48.0.0.
  from cryptography.hazmat.primitives.ciphers.algorithms import AES, ARC4
/workspace/frappe-bench/env/lib/python3.11/site-packages/rq/connections.py:72: DeprecationWarning: The `pop_connection` function is deprecated. Pass the `connection` explicitly instead.
  warnings.warn(
/workspace/frappe-bench/env/lib/python3.11/site-packages/rq/connections.py:58: DeprecationWarning: The `push_connection` function is deprecated. Pass the `connection` explicitly instead.
  warnings.warn(
/workspace/frappe-bench/env/lib/python3.11/site-packages/passlib/utils/__init__.py:854: DeprecationWarning: 'crypt' is deprecated and slated for removal in Python 3.13
  from crypt import crypt as _crypt
/workspace/frappe-bench/env/lib/python3.11/site-packages/rq/connections.py:72: DeprecationWarning: The `pop_connection` function is deprecated. Pass the `connection` explicitly instead.
  warnings.warn(
/workspace/frappe-bench/env/lib/python3.11/site-packages/rq/connections.py:58: DeprecationWarning: The `push_connection` function is deprecated. Pass the `connection` explicitly instead.
  warnings.warn(
/workspace/frappe-bench/env/lib/python3.11/site-packages/passlib/utils/__init__.py:854: DeprecationWarning: 'crypt' is deprecated and slated for removal in Python 3.13
  from crypt import crypt as _crypt
/workspace/frappe-bench/env/lib/python3.11/site-packages/rq/connections.py:72: DeprecationWarning: The `pop_connection` function is deprecated. Pass the `connection` explicitly instead.
  warnings.warn(
/workspace/frappe-bench/env/lib/python3.11/site-packages/rq/connections.py:58: DeprecationWarning: The `push_connection` function is deprecated. Pass the `connection` explicitly instead.
  warnings.warn(
/workspace/frappe-bench/env/lib/python3.11/site-packages/passlib/utils/__init__.py:854: DeprecationWarning: 'crypt' is deprecated and slated for removal in Python 3.13
  from crypt import crypt as _crypt
/workspace/frappe-bench/env/lib/python3.11/site-packages/rq/connections.py:72: DeprecationWarning: The `pop_connection` function is deprecated. Pass the `connection` explicitly instead.
  warnings.warn(
/workspace/frappe-bench/env/lib/python3.11/site-packages/rq/connections.py:58: DeprecationWarning: The `push_connection` function is deprecated. Pass the `connection` explicitly instead.
  warnings.warn(
/workspace/frappe-bench/env/lib/python3.11/site-packages/passlib/utils/__init__.py:854: DeprecationWarning: 'crypt' is deprecated and slated for removal in Python 3.13
  from crypt import crypt as _crypt
/workspace/frappe-bench/env/lib/python3.11/site-packages/rq/connections.py:72: DeprecationWarning: The `pop_connection` function is deprecated. Pass the `connection` explicitly instead.
  warnings.warn(
/workspace/frappe-bench/env/lib/python3.11/site-packages/rq/connections.py:58: DeprecationWarning: The `push_connection` function is deprecated. Pass the `connection` explicitly instead.
  warnings.warn(
/workspace/frappe-bench/env/lib/python3.11/site-packages/passlib/utils/__init__.py:854: DeprecationWarning: 'crypt' is deprecated and slated for removal in Python 3.13
  from crypt import crypt as _crypt
/workspace/frappe-bench/env/lib/python3.11/site-packages/rq/connections.py:72: DeprecationWarning: The `pop_connection` function is deprecated. Pass the `connection` explicitly instead.
  warnings.warn(
/workspace/frappe-bench/env/lib/python3.11/site-packages/rq/connections.py:58: DeprecationWarning: The `push_connection` function is deprecated. Pass the `connection` explicitly instead.
  warnings.warn(
/workspace/frappe-bench/env/lib/python3.11/site-packages/passlib/utils/__init__.py:854: DeprecationWarning: 'crypt' is deprecated and slated for removal in Python 3.13
  from crypt import crypt as _crypt
/workspace/frappe-bench/env/lib/python3.11/site-packages/rq/connections.py:72: DeprecationWarning: The `pop_connection` function is deprecated. Pass the `connection` explicitly instead.
  warnings.warn(
/workspace/frappe-bench/env/lib/python3.11/site-packages/rq/connections.py:58: DeprecationWarning: The `push_connection` function is deprecated. Pass the `connection` explicitly instead.
  warnings.warn(
/workspace/frappe-bench/env/lib/python3.11/site-packages/passlib/utils/__init__.py:854: DeprecationWarning: 'crypt' is deprecated and slated for removal in Python 3.13
  from crypt import crypt as _crypt
/workspace/frappe-bench/env/lib/python3.11/site-packages/rq/connections.py:72: DeprecationWarning: The `pop_connection` function is deprecated. Pass the `connection` explicitly instead.
  warnings.warn(
/workspace/frappe-bench/env/lib/python3.11/site-packages/rq/connections.py:58: DeprecationWarning: The `push_connection` function is deprecated. Pass the `connection` explicitly instead.
  warnings.warn(
/workspace/frappe-bench/env/lib/python3.11/site-packages/passlib/utils/__init__.py:854: DeprecationWarning: 'crypt' is deprecated and slated for removal in Python 3.13
  from crypt import crypt as _crypt
/workspace/frappe-bench/env/lib/python3.11/site-packages/rq/connections.py:72: DeprecationWarning: The `pop_connection` function is deprecated. Pass the `connection` explicitly instead.
  warnings.warn(
/workspace/frappe-bench/env/lib/python3.11/site-packages/rq/connections.py:58: DeprecationWarning: The `push_connection` function is deprecated. Pass the `connection` explicitly instead.
  warnings.warn(
/workspace/frappe-bench/env/lib/python3.11/site-packages/passlib/utils/__init__.py:854: DeprecationWarning: 'crypt' is deprecated and slated for removal in Python 3.13
  from crypt import crypt as _crypt
/workspace/frappe-bench/env/lib/python3.11/site-packages/rq/connections.py:72: DeprecationWarning: The `pop_connection` function is deprecated. Pass the `connection` explicitly instead.
  warnings.warn(
/workspace/frappe-bench/env/lib/python3.11/site-packages/rq/connections.py:58: DeprecationWarning: The `push_connection` function is deprecated. Pass the `connection` explicitly instead.
  warnings.warn(
/workspace/frappe-bench/env/lib/python3.11/site-packages/passlib/utils/__init__.py:854: DeprecationWarning: 'crypt' is deprecated and slated for removal in Python 3.13
  from crypt import crypt as _crypt
/workspace/frappe-bench/env/lib/python3.11/site-packages/rq/connections.py:72: DeprecationWarning: The `pop_connection` function is deprecated. Pass the `connection` explicitly instead.
  warnings.warn(
